<?xml version="1.0" encoding="UTF-8"?>
<?xml-model href="http://www.tei-c.org/release/xml/tei/custom/schema/relaxng/tei_all.rng" type="application/xml" schematypens="http://relaxng.org/ns/structure/1.0"?>
<?xml-model href="http://www.tei-c.org/release/xml/tei/custom/schema/relaxng/tei_all.rng" type="application/xml"
	schematypens="http://purl.oclc.org/dsdl/schematron"?>
<TEI xmlns="http://www.tei-c.org/ns/1.0">
   <teiHeader>
      <fileDesc>
         <titleStmt>
            <title type="main">Suzette: a Digital Edition - Chapter 8</title>
            <respStmt>
               <persName>John Westbrook</persName>
               <orgName>Bucknell University</orgName>
               <resp>Editor</resp>
            </respStmt>
            <respStmt>
               <persName>Annie Girton</persName>
               <orgName>Bucknell University</orgName>
               <resp>Research Assistant and Encoder</resp>
            </respStmt>
            <respStmt>
               <persName xml:id="JAKA1">Diane Jakacki</persName>
               <orgName>Bucknell University</orgName>
               <resp>Project Manager</resp>               
            </respStmt>
         </titleStmt>
         <publicationStmt>
            <distributor>Bucknell University</distributor>
            <pubPlace>
               <address>
                  <addrLine>One Dent Drive</addrLine>
                  <addrLine>Lewisburg, PA 17837</addrLine>
               </address>
            </pubPlace>
            <availability>
               <licence>Attribution-NonCommercial-ShareAlike 4.0 International</licence>
            </availability>
         </publicationStmt>
         <sourceDesc>
            <biblStruct>
               <monogr>
                  <title>Suzette: Livre de Lecture Courante à l’Usage des Jeunes Filles. Morale—Leçon de choses, Economie Domestique – Ménage – Cuisine – Couture</title>
                  <author>Robert Halt</author>
                  <textLang>French</textLang>
                  <imprint>
                     <date>1889</date>
                     <distributor>Libraire Classique Paul Delaplane</distributor>
                     <pubPlace>Paris, France</pubPlace>
                  </imprint>
               </monogr>
            </biblStruct>
         </sourceDesc>
      </fileDesc>
            <profileDesc>
         <langUsage>
            <language ident="fra">French</language>
            <language ident="eng">English</language>
         </langUsage>
      </profileDesc>
      <encodingDesc>
         <charDecl>
            <char>
               <charName xml:id="suzette">Suzette</charName>
            </char>
            <char>
               <charName xml:id="papa">Papa</charName>
            </char>
            <char>
               <charName xml:id="la_maman">La maman</charName>
            </char>
            <char>
               <charName xml:id="jacques">Jacques</charName>            
            </char>
            <char>
               <charName xml:id="francois">François</charName>
            </char>
            <char>
               <charName xml:id="charlot">Charlot</charName>
            </char>
            <char>
               <charName xml:id="mme_valon">Mme Valon</charName>
            </char>
            <char>
               <charName xml:id="m_valon">M. Valon</charName>
            </char>
            <char>
               <charName xml:id="mme_richard">Mme Richard</charName>
            </char>
            <char>
               <charName xml:id="louis">Louis</charName>
            </char>
            <char>
               <charName xml:id="pascal">Pascal</charName>
            </char>
            <char>
               <charName xml:id="marthe">Marthe</charName>
            </char>
            <char>
               <charName xml:id="sylvain">Sylvain</charName>
            </char> 
            <char>
               <charName xml:id="ludivine">Ludivine</charName>
            </char> 
            <char>
               <charName xml:id="m_lejoly">M. Lejoly</charName>
            </char>
            <char>
               <charName xml:id="l_apiculteur">L'apiculteur</charName>
            </char>
            <char>
               <charName xml:id="la_bohemienne">La bohémienne</charName>
            </char>
            <char>
               <charName  xml:id="m_cartier">M. Cartier</charName>
            </char>
            <char>
               <charName xml:id="les_dumay">La Famille Dumay</charName>
            </char>
         </charDecl>
         <classDecl>
            <taxonomy xml:id="classification">
               <category xml:id="morale">
                  <catDesc>Morale</catDesc>
                  <category xml:id="enfantFamille">
                     <catDesc>L'enfant dans la famille</catDesc>
                  </category>
                  <category xml:id="devoirsFreresSoeurs">
                     <catDesc>Devoirs des frères et sœurs</catDesc>
                  </category>
                  <category xml:id="devoirsServiteurs">
                     <catDesc>Devoirs envers les serviteurs</catDesc>
                  </category>
                  <category xml:id="enfantEcole">
                     <catDesc>L'enfant dans l'école</catDesc>
                  </category>
                  <category xml:id="patrie">
                     <catDesc>La patrie</catDesc>
                  </category>
                  <category xml:id="devoirsSoiMeme">
                     <catDesc>Devoirs envers soi-même</catDesc>
                  </category>
                  <category xml:id="biensExterieurs">
                     <catDesc>Les biens extérieurs</catDesc>
                  </category>
                  <category xml:id="ame">
                     <catDesc>L'âme</catDesc>
                  </category>
                  <category xml:id="devoirsSemblables">
                     <catDesc>Devoirs envers nos semblables</catDesc>
                  </category>
                  <category xml:id="devoirsDieu">
                     <catDesc>Devoirs envers Dieu</catDesc>
                  </category>
               </category>
               <category xml:id="instructionCivique">
                  <catDesc>Instruction civique</catDesc>
               </category>
               <category xml:id="civilite">
                  <catDesc>Civilité</catDesc>
               </category>
               <category xml:id="francais">
                  <catDesc>Français</catDesc>
               </category>
               <category xml:id="composition">
                  <catDesc>Composition</catDesc>
                  <!--In the book Composition is followed by an (1); should that be included?-->
                  <category xml:id="recits">
                     <catDesc>Récits</catDesc>
                  </category>
                  <category xml:id="recitsHistoriques">
                     <catDesc>Récits historiques</catDesc>
                  </category>
                  <category xml:id="descriptions">
                     <catDesc>Descriptions</catDesc>
                  </category>
                  <category xml:id="sujetsMoraux">
                     <catDesc>Sujets moraux ou d'imagination</catDesc>
                  </category>
                  <category xml:id="lettres">
                     <catDesc>Lettres</catDesc>
                  </category>
               </category>
               <category xml:id="histoire">
                  <catDesc>Histoire</catDesc>
                  <!--<category xml:id="histoireNaturelle">
                     <catDesc>Histoire naturelle</catDesc>
                  </category>
                  <category xml:id="histoireTravail">
                     <catDesc>Histoire du travail</catDesc>
                  </category>-->
               </category>
               <category xml:id="geographie">
                  <catDesc>Géographie</catDesc>
                  <category xml:id="europe">
                     <catDesc>Europe</catDesc>
                  </category>
                  <category xml:id="asie">
                     <catDesc>Asie</catDesc>
                  </category>
                  <category xml:id="afrique">
                     <catDesc>Afrique</catDesc>
                  </category>
                  <category xml:id="amerique">
                     <catDesc>Amérique</catDesc>
                  </category>
                  <category xml:id="oceanie">
                     <catDesc>Océanie</catDesc>
                  </category>
                  <category xml:id="france">
                     <catDesc>France</catDesc>
                  </category>
                <!--  <category xml:id="topographie">
                     <catDesc>Topographie</catDesc>
                  </category>-->
               </category>
               <category xml:id="scienceNat">
                  <catDesc>Science Naturelles</catDesc>
                  <!--<category xml:id="geologie">
                     <catDesc>Géologie</catDesc>
                  </category>-->
                     <category xml:id="mineraux">
                        <catDesc>Minéraux</catDesc>
                     </category>
                     <!--In the book Minéraux is followed by ",etc."; should that be included?-->
                  <!--<category xml:id="botanique">
                     <catDesc>Botanique</catDesc>-->
                     <category xml:id="vegetaux">
                        <catDesc>Végétaux</catDesc>
                        <!--All of the sub-categories following this are numbered; should that be included?-->
                        <category xml:id="arbreNoncultives">
                           <catDesc>Arbres non cultivés</catDesc>
                        </category>
                        <category xml:id="herbesPlantes">
                           <catDesc>Herbes ou plantes sauvages</catDesc>
                        </category>
                        <category xml:id="arbreCultives">
                           <catDesc>Arbres cultivés</catDesc>
                        </category>
                        <category xml:id="arbustes">
                           <catDesc>Arbustes cultivés</catDesc>
                        </category>
                        <category xml:id="cereales">
                           <catDesc>Céréales</catDesc>
                        </category>
                        <category xml:id="legumesRacines">
                           <catDesc>Légumes, racines, etc.</catDesc>
                        </category>
                        <category xml:id="divers1"><!-- Avoid tagging with Divers - if necessary, create another sub-category -->
                           <catDesc>Divers</catDesc>
                        </category> 
                     </category>
                     <!--<category xml:id="physiologieVegetale">
                        <catDesc>Physiologie végétale</catDesc>
                     </category>-->
                  <!--</category>-->
                 <!-- <category xml:id="zoologie">
                     <catDesc>Zoologie</catDesc>-->
                     <category xml:id="animaux">
                        <catDesc>Animaux</catDesc>
                        <!--All of the sub-categories following this are numbered; should that be included?-->
                        <category xml:id="homme">
                           <catDesc>l'Homme</catDesc>
                        </category> <!--Homme wouldn't go under zoologie.. could we seperate it or rename this category?-->
                        <category xml:id="animauxDomestiques">
                           <catDesc>Animaux domestiques</catDesc>
                        </category>
                        <category xml:id="animauxSauvages">
                           <catDesc>Animaux sauvages</catDesc>
                        </category>
                     </category>
                     <!--<category xml:id="physiologieAnimal">
                        <catDesc>Physiologie animaux</catDesc>
                     </category>-->
                  <!--</category>-->
                  <!--<category xml:id="agriculture">
                     <catDesc>Agriculture</catDesc>
                     <category xml:id="techniquesAgricoles">
                        <catDesc>Techniques agricoles</catDesc>
                     </category>
                     <category xml:id="produits">
                        <catDesc>Produits</catDesc>
                     </category>
                     <category xml:id="outilsMachines">
                        <catDesc>Outils et machines</catDesc>
                     </category>
                     <category xml:id="recolte">
                        <catDesc>Récolte</catDesc>
                     </category>
                     <category xml:id="elevageBetail">
                        <catDesc>Élevage de bétail</catDesc>
                     </category>
                     <category xml:id="terrainAgricole">
                        <catDesc>Terrain agricole</catDesc>
                     </category>
                     <category xml:id="apiculture">
                        <catDesc>Apiculture</catDesc>
                     </category>
                  </category>-->
               </category>
               <category xml:id="sciencesPhys">
                  <catDesc>Notions relatives aux sciences physiques</catDesc>
                  <!--<category xml:id="elements">
                     <catDesc>Éléments</catDesc>-\->
                     <category xml:id="feu">
                        <catDesc>Feu</catDesc>
                     </category>
                     <!-\-Could add categories for earth/wind/air-\->
                  </category>
                  <category xml:id="meterologie">
                     <catDesc>Métérologie</catDesc>-\->
                  </category>-->
                  <!--Category for night/day cycles, seasons?-->
               </category>
               <category xml:id="industrie">
                  <catDesc>Industrie</catDesc>
                  <category xml:id="matieresObjets">
                     <catDesc>Matières et objets fabriqués</catDesc>
                  </category>
                  <category xml:id="constructions">
                     <catDesc>Constructions</catDesc>
                  </category>
                  <category xml:id="machinesAppareils">
                     <catDesc>Machines, appareils, ustensiles, vases</catDesc>
                  </category>
                  <!--Can outils go under machinesAppareils-->
                  <category xml:id="outils">
                     <catDesc>Outils</catDesc>
                  </category>
                  <category xml:id="etoffesHabillement">
                     <catDesc>Étoffes, habillement</catDesc>
                  </category>
                  <category xml:id="divers2">
                     <catDesc>Divers</catDesc>
                  </category>
               </category>
               <category xml:id="economieDomestique">
                  <catDesc>Économie Domestique</catDesc>
                  <!--<category xml:id="tachesMenageres">
                     <catDesc>Tâches ménagères</catDesc>
                  </category>-->
                  <category xml:id="alimentsCuisine">
                     <catDesc>Aliments et cuisine</catDesc>
                  </category>
                  <category xml:id="vetements1">
                     <catDesc>Vêtements</catDesc>
                  </category>
                  <category xml:id="basse-cour">
                     <catDesc>Basse-cour</catDesc>
                  </category>
                  <!--Could basse-cour be combined with scienceNat/agriculture under elevageBetail?--> 
               </category>
               <category xml:id="hygiene">
                  <catDesc>Hygiène</catDesc>
                  <category xml:id="corpsHabitations">
                     <catDesc>Corps et habitations</catDesc>
                  </category>
                  <category xml:id="vetements2">
                     <catDesc>Vêtements</catDesc>
                  </category>
                  <category xml:id="aliments">
                     <catDesc>Aliments</catDesc>
                  </category>
                  <category xml:id="maladiesRemedes">
                     <catDesc>Maladies, etc. ; remèdes</catDesc>
                  </category>
               </category>
            </taxonomy>
         </classDecl>
      </encodingDesc>
      <profileDesc>
         <settingDesc>
            <listPlace>
               <place>
                  <placeName xml:id="l_amerique">l'Amérique</placeName>
               </place>
               <place>
                  <placeName xml:id="l_oceanien">l'Oceanian</placeName>
               </place>
               <place>
                  <placeName xml:id="l_europe">l'Europe</placeName>
               </place>
               <place>
                  <placeName xml:id="l_afrique">l'Afrique</placeName>
               </place>
               <place>
                  <placeName xml:id="l_australie">l'Australie</placeName>
               </place>
               <place>
                  <placeName xml:id="la_france">la France</placeName>
               </place>
               <place>
                  <placeName xml:id="la_chine">la Chine</placeName>
               </place>
               <place>
                  <placeName xml:id="etats_unis">les États-Unis</placeName>
               </place>
               <place>
                  <placeName xml:id="l_arabe">l'Arabe</placeName>
               </place>
               <place>
                  <placeName xml:id="la_canada">la Canada</placeName>
               </place>
               <place>
                  <placeName xml:id="fragicourt">Fragicourt</placeName>
               </place>
               <place>
                  <placeName xml:id="paris">Paris</placeName>
               </place>
               <place>
                  <placeName xml:id="bruxelles">Bruxelles</placeName>
               </place>
               <place>
                  <placeName xml:id="boston">Boston
                  </placeName>
               </place>
               <place> 
                  <placeName xml:id="l_avre">l'Avre
                     <geogFeat>River</geogFeat>
                  </placeName> 
               </place>
               <place>
                  <placeName xml:id="la_moye">la Moye
                     <geogFeat>River</geogFeat>
                  </placeName>
               </place>
            </listPlace>
         </settingDesc>
      </profileDesc>
   </teiHeader>
   <text>
      <body>
         <!-- n is for maitresse edition, corresp is for student edition -->
         
         <div type="chapter" n="8">
            <div xml:lang="fr">
               <div type="student">
                  
                  <pb type="page" n="26"/>
                  <head> 8. — Tenons bon ! (Élève, p. 20.) </head>
                  
                  <p> Un joli papillon, fleur ailée, vient voltiger devant la fenêtre ; sur les arbres voisins, les oiseaux se répondent ; au-dessous, les voix des fillettes en font autant : </p>
                  
                  <figure>
                     <caption> <hi rend="italic"> Le papillon. </hi> </caption>
                  </figure>
                  
                  <sp><speaker>Les filles</speaker> 
                     <lg type="song">
                        <l> « Entrez dans la danse ! </l>
                        <l> « Voyez comme on danse. » </l>
                     </lg></sp>
                  
                  <p> Que cette chanson est autrement gentille et gaie que celle du ragoût*<gloss> Ragoût. Mets assaisonné, composé de légumes et de viande découpée. </gloss> clapotant*<gloss> Clapoter. Un liquide clapote quand il fait du bruit par suite d'une légère agitation. </gloss> là sur le poêle ! </p>
                  <p> M. et Mme Valon passent avec leurs bébés et s'arrêtent : </p>
                  
                  <sp><speaker>Mme Valon</speaker><ab> — Eh ! Suzette, ton ragoût brûle ! vite de l'eau !... </ab></sp>
                  <sp><speaker>Suzette</speaker><ab> — Madame, aujourd'hui, je ne sais pas ce que je fais ! </ab></sp>
                  <sp><speaker>Mme Valon</speaker><ab> — Ma chère enfant, il faut toujours savoir ce qu'on fait. Tenons bon ! </ab></sp>
                  
                  <pb type="page" n="27"/>
                  <fw type="header"> TENONS BON ! 27 </fw>
                  
                  <p> Suzette est désolée, car elle connaît déjà l'importance de la cuisine qui donne les bonnes ou les mauvaises digestions, le plaisir ou le dégoût de la table. Gâter un morceau de viande, un légume frais, les transformer en charbon ou même manquer de leur faire rendre toute leur qualité nutritive, toute leur saveur*<gloss> Saveur. Qualité qu'on apprécie par le goût. </gloss>, ce sont là de grosses fautes. Elle a heureusement du nez, du </p>
                  
                  <figure>
                     <caption> Elle le transvase, le rafraîchit de quelques aromates nouveaux : il sera presque mangeable. </caption>
                  </figure>
                  
                  <p> palais ; c'est avec cela et de l'attention que se fait la bonne soupe, et le reste. Mme Liénard, la mère de Mme Valon, qui s'y entend, conseille Suzette. </p>
                  <p> On sait donc ici le moyen de sauver à peu près le ragoût brûlé. Sous les yeux de Mme Valon, elle le transvase, le rafraîchit de quelques aromates*<gloss> Aromate. Substance à odeur forte dont on parfume les mets. </gloss> nouveaux : il sera presque mangeable. </p>
                  <p> Pourtant elle se sent le cœur gros. Et il faut la consoler : </p>
                  <sp><speaker>Mme Valon</speaker><ab> — Courage, ma mignonne ! Tenons bon ! </ab></sp>
                  <!--Does Mme Valon or Mme Liénard say this?-->
                  
                  <pb type="page" n="28"/>
                  <fw type="header"> 28 SUZETTE. </fw>
                  
                  <p> Mais il y a aussi des jours heureux, et ils sont de plus en plus nombreux, à mesure que le temps s'écoule et que Suzette grandit en taille et en bon vouloir. </p>
                  
                  <figure>
                     <caption> Les aromates les plus employés en cuisine sont : 1° le thym, plante odoriférante ; 2° le clou de girofle, bouton à fleur du giroflier ; 3° la feuille du laurier ; 4° la noix de muscade, fruit du muscadier, plante qui croît dans l'Inde. </caption>
                  </figure>
                  
                  <p> Par l'habitude, le ménage, si long au début, est troussé maintenant en quelques tours de main ; et la marmite, qui obéit au doigt et à l'œil, jette de bonnes senteurs réconfortantes*<gloss> Réconfortant. Qui fortifie. </gloss>. Suzette n'a pas abandonné le devoir. Elle a à cœur de continuer le beau, le noble rôle de sa maman et de la femme de la caverne : l'embellissement et la joie du foyer. </p>
                  <p> Et, à cette heure, la maison est toute gaie de propreté et de fraîcheur ; aux repas, la famille se régale de mieux en mieux ; le père, rasséréné*<gloss> Rasséréné. Qui n'a plus ni crainte ni chagrin. </gloss>, sourit à la petite ménagère, qui même, aujourd'hui, trouve encore le temps de jouer. </p>
                  
                  <div type="questionnaire">
                     <ab>
                        <hi rend="bold"> Questionnaire. </hi> — Que faisaient un joli papillon, les oiseaux et les fillettes, pendant que Suzette préparait le repas de famille ? — Que direz-vous de la chanson ? — Pourquoi Suzette agissait-elle ainsi ? — Quel accident survint pendant qu'elle cuisinait ? — En quoi est-il fâcheux de laisser brûler un mets qu'on
                        <cb/>
                        accommode ? — Quel conseil fut donné à Suzette par Mme Liénard ? — Pourquoi était-elle triste ? — Dites un mot de ses progrès dans la tenue du ménage. — Pourquoi la chère petite a-t-elle réussi de la sorte ? — Quelle heureuse transformation avait subie la maison ?
                     </ab>
                  </div>
               </div>
               
               <div type="teacher">
                  <div type="exercice">
                     <head type="exercice"> DÉVELOPPEMENT DES SUJETS PROPOSÉS POUR EXERCICES. </head>
                     
                     <div type="français">
                        <head type="sujets"> Français. </head> 
                        
                        <ab type="question"> — Formez des propositions dans lesquelles vous indiquerez ce que font ou faisaient : le papillon, les oiseaux, les fillettes, le ragoût, Mme Liénard, Suzette, la marmite, la famille à table. </ab> 
                        
                        <ab type="answer"> Le papillon voltigeait devant la fenêtre. — Les oiseaux se répondaient. — Les fillettes dansaient en chantant une ronde, etc., etc. </ab>
                     </div>
                     
                     <div type="EconDom">
                        <head type="sujets"> Économie domestique. </head> 
                        
                        <ab type="question"> — Quelles précautions faut-il prendre lorsqu'on fait cuire de la viande ou bouillir du lait ? — Comment rend-on mangeable un mets brûlé ? — A quoi servent les aromates dans la cuisine ? — Quels sont les principaux ? — Où se les procure-t-on ? — Où met-on du thym, du laurier ? </ab>
                        
                        <ab type="answer"> Il est prudent, lorsqu'on fait cuire un mets ou bouillir du lait, de ne pas pousser le feu trop vivement, car la partie voisine du fond du vase serait exposée à brûler. Le lait déborderait alors et se perdrait en
                           
                           <pb type="page" n="29"/>
                           <fw type="header"> LA CLEF DU TRÉSOR. 29 </fw>
                           
                           partie, tandis que le reste contracterait un goût détestable ; il ne faut donc jamais le perdre de vue, ce qu'oublie plus d'une petite fille à qui la maman a donné commission de veiller au fourneau. <lb/>
                           On rend <seg corresp="#alimentsCuisine">mangeable</seg> un mets brûlé en le plaçant dans un autre vase après avoir enlevé du morceau la viande détériorée ; on fait cuire ce qui reste sur un feu doux, en ayant soin de le couvrir de nouveaux aromates et de mettre soit du beurre frais, soit quelques tranches de lard au fond de la casserole. <lb/>
                           Les <seg corresp="#alimentsCuisine">aromates</seg> ou <term>condiments</term> communiquent à la viande quelque chose de l'odeur forte et agréable qui leur est particulière, et en rendent la digestion plus prompte et plus facile. Tels sont : l'ail, la ciboule, l'oignon, l'échalote, le laurier, le poireau, les câpres, les capucines, le persil, le cerfeuil, l'anis, l'estragon, le thym, le serpolet. Sur la même ligne, nous mettrons les <seg corresp="#alimentsCuisine">épices</seg>, c'est-à-dire le poivre, le piment, la vanille, la cannelle, le girofle, la muscade. La plupart viennent de la Malaisie. <lb/>
                           On se procure les aromates ou condiments ainsi que les épices, soit en les cultivant dans son jardin, soit en les achetant chez les épiciers. <lb/>
                           Les cuisinières mettent du thym et du laurier dans les ragoûts et sur les viandes qu'on fait cuire dans leur jus. </ab>
                     </div>
                     
                     <div type="sciencesNat">
                        <head type="sujets"> Sciences naturelles. </head> 
                        
                        <ab type="question"> — Qu'est-ce que le palais ? — A quoi nous sert le nez qui est l'organe de l'odorat ? — Qu'est-ce qu’un papillon ? — Nommez-en quelques espèces. — D'où naissent-ils ? — Citez un papillon très utile. </ab>
                        
                        <ab type="answer"> <seg corresp="#homme">Le palais</seg> est la partie supérieure de l'intérieur de la bouche ; on le regarde comme le siège du goût. <lb/>
                           <seg corresp="#homme">Le nez</seg> est l'organe de l'odorat ; par lui nous avons la sensation des odeurs. Il forme saillie sur la face de l'homme, et les deux trous ou narines qui se trouvent à sa base donnent passage à l'air, lorsque ce gaz pénètre dans l'intérieur de la poitrine ou en est expulsé. Intérieurement, le nez est tapissé d'une membrane sécrétant continuellement une humeur particulière qui maintient à l'organe toute sa sensibilité. <lb/>
                           <seg corresp="#animauxSauvages">Le papillon</seg> est un insecte dont la bouche en forme de trompe a une conformation telle que l'animal peut aspirer le suc des fleurs ; ses deux paires d'ailes sont membraneuses et souvent ornées des plus riches couleurs. <lb/>
                           Le papillon provient d'un œuf qui bientôt donne naissance à une larve ou chenille. La chenille, à son tour, change d'état et se transforme en <term type="papillon">nymphe</term> ou <term type="papillon">chrysalide</term> après avoir filé un cocon où elle repose privée de mouvement jusqu'à l'instant où, une nouvelle métamorphose s'étant produite, on en voit sortir un papillon qui prend immédiatement son essor dans les airs. <lb/>
                           Les papillons se divisent en un très grand nombre d'espèces ; nous indiquerons le <term type="papillon">Vulcain</term>, à bandes de feu ; le <term type="papillon">Paon de jour</term>, avec quatre superbes yeux d'un bleu violet ; la <term type="papillon">Belle-Dame</term>, les <term type="papillon">Piérides</term>, papillons blancs funestes aux choux, navets, radis, etc. ; le <term type="papillon">Sphinx</term>, très nuisible aux abeilles, dont il mange le miel. Parmi les papillons utiles, nous citerons le <term type="papillon">bombyx</term> du ver à soie, dont la chenille tisse un cocon formé par un fil brillant et solide, la soie, avec lequel on confectionne de superbes étoffes. </ab>
                        
                     </div>
                  </div>
               </div>
            </div>
         </div>
      </body>
   </text>
</TEI>
