<?xml version="1.0" encoding="UTF-8"?>
<?xml-model href="http://www.tei-c.org/release/xml/tei/custom/schema/relaxng/tei_all.rng" type="application/xml" schematypens="http://relaxng.org/ns/structure/1.0"?>
<?xml-model href="http://www.tei-c.org/release/xml/tei/custom/schema/relaxng/tei_all.rng" type="application/xml"
	schematypens="http://purl.oclc.org/dsdl/schematron"?>
<TEI xmlns="http://www.tei-c.org/ns/1.0">
   <teiHeader>
      <fileDesc>
         <titleStmt>
            <title type="main">Suzette: a Digital Edition - Chapter 114</title>
            <respStmt>
               <persName>John Westbrook</persName>
               <orgName>Bucknell University</orgName>
               <resp>Editor</resp>
            </respStmt>
            <respStmt>
               <persName>Annie Girton</persName>
               <orgName>Bucknell University</orgName>
               <resp>Research Assistant and Encoder</resp>
            </respStmt>
            <respStmt>
               <persName xml:id="JAKA1">Diane Jakacki</persName>
               <orgName>Bucknell University</orgName>
               <resp>Project Manager</resp>               
            </respStmt>
         </titleStmt>
         <publicationStmt>
            <distributor>Bucknell University</distributor>
            <pubPlace>
               <address>
                  <addrLine>One Dent Drive</addrLine>
                  <addrLine>Lewisburg, PA 17837</addrLine>
               </address>
            </pubPlace>
            <availability>
               <licence>Attribution-NonCommercial-ShareAlike 4.0 International</licence>
            </availability>
         </publicationStmt>
         <sourceDesc>
            <biblStruct>
               <monogr>
                  <title>Suzette: Livre de Lecture Courante à l’Usage des Jeunes Filles. Morale—Leçon de choses, Economie Domestique – Ménage – Cuisine – Couture</title>
                  <author>Robert Halt</author>
                  <textLang>French</textLang>
                  <imprint>
                     <date>1889</date>
                     <distributor>Libraire Classique Paul Delaplane</distributor>
                     <pubPlace>Paris, France</pubPlace>
                  </imprint>
               </monogr>
            </biblStruct>
         </sourceDesc>
      </fileDesc>
      <profileDesc>
         <langUsage>
            <language ident="fra">French</language>
            <language ident="eng">English</language>
         </langUsage>
      </profileDesc>
      <encodingDesc>
         <charDecl>
            <char>
               <charName xml:id="suzette">Suzette</charName>
            </char>
            <char>
               <charName xml:id="papa">Papa</charName>
            </char>
            <char>
               <charName xml:id="la_maman">La maman</charName>
            </char>
            <char>
               <charName xml:id="jacques">Jacques</charName>            
            </char>
            <char>
               <charName xml:id="francois">François</charName>
            </char>
            <char>
               <charName xml:id="charlot">Charlot</charName>
            </char>
            <char>
               <charName xml:id="mme_valon">Mme Valon</charName>
            </char>
            <char>
               <charName xml:id="m_valon">M. Valon</charName>
            </char>
            <char>
               <charName xml:id="mme_richard">Mme Richard</charName>
            </char>
            <char>
               <charName xml:id="louis">Louis</charName>
            </char>
            <char>
               <charName xml:id="pascal">Pascal</charName>
            </char>
            <char>
               <charName xml:id="marthe">Marthe</charName>
            </char>
            <char>
               <charName xml:id="sylvain">Sylvain</charName>
            </char> 
            <char>
               <charName xml:id="ludivine">Ludivine</charName>
            </char> 
            <char>
               <charName xml:id="m_lejoly">M. Lejoly</charName>
            </char>
            <char>
               <charName xml:id="l_apiculteur">L'apiculteur</charName>
            </char>
            <char>
               <charName xml:id="la_bohemienne">La bohémienne</charName>
            </char>
            <char>
               <charName  xml:id="m_cartier">M. Cartier</charName>
            </char>
            <char>
               <charName xml:id="les_dumay">La Famille Dumay</charName>
            </char>
           
         </charDecl>
         <classDecl>
            <taxonomy xml:id="classification">
               <category xml:id="morale">
                  <catDesc>Morale</catDesc>
                  <category xml:id="enfantFamille">
                     <catDesc>L'enfant dans la famille</catDesc>
                  </category>
                  <category xml:id="devoirsFreresSoeurs">
                     <catDesc>Devoirs des frères et sœurs</catDesc>
                  </category>
                  <category xml:id="devoirsServiteurs">
                     <catDesc>Devoirs envers les serviteurs</catDesc>
                  </category>
                  <category xml:id="enfantEcole">
                     <catDesc>L'enfant dans l'école</catDesc>
                  </category>
                  <category xml:id="patrie">
                     <catDesc>La patrie</catDesc>
                  </category>
                  <category xml:id="devoirsSoiMeme">
                     <catDesc>Devoirs envers soi-même</catDesc>
                  </category>
                  <category xml:id="biensExterieurs">
                     <catDesc>Les biens extérieurs</catDesc>
                  </category>
                  <category xml:id="ame">
                     <catDesc>L'âme</catDesc>
                  </category>
                  <category xml:id="devoirsSemblables">
                     <catDesc>Devoirs envers nos semblables</catDesc>
                  </category>
                  <category xml:id="devoirsDieu">
                     <catDesc>Devoirs envers Dieu</catDesc>
                  </category>
               </category>
               <category xml:id="instructionCivique">
                  <catDesc>Instruction civique</catDesc>
               </category>
               <category xml:id="civilite">
                  <catDesc>Civilité</catDesc>
               </category>
               <category xml:id="francais">
                  <catDesc>Français</catDesc>
               </category>
               <category xml:id="composition">
                  <catDesc>Composition</catDesc>
                  <!--In the book Composition is followed by an (1); should that be included?-->
                  <category xml:id="recits">
                     <catDesc>Récits</catDesc>
                  </category>
                  <category xml:id="recitsHistoriques">
                     <catDesc>Récits historiques</catDesc>
                  </category>
                  <category xml:id="descriptions">
                     <catDesc>Descriptions</catDesc>
                  </category>
                  <category xml:id="sujetsMoraux">
                     <catDesc>Sujets moraux ou d'imagination</catDesc>
                  </category>
                  <category xml:id="lettres">
                     <catDesc>Lettres</catDesc>
                  </category>
               </category>
               <category xml:id="histoire">
                  <catDesc>Histoire</catDesc>
                  <!--<category xml:id="histoireNaturelle">
                     <catDesc>Histoire naturelle</catDesc>
                  </category>
                  <category xml:id="histoireTravail">
                     <catDesc>Histoire du travail</catDesc>
                  </category>-->
               </category>
               <category xml:id="geographie">
                  <catDesc>Géographie</catDesc>
                  <category xml:id="europe">
                     <catDesc>Europe</catDesc>
                  </category>
                  <category xml:id="asie">
                     <catDesc>Asie</catDesc>
                  </category>
                  <category xml:id="afrique">
                     <catDesc>Afrique</catDesc>
                  </category>
                  <category xml:id="amerique">
                     <catDesc>Amérique</catDesc>
                  </category>
                  <category xml:id="oceanie">
                     <catDesc>Océanie</catDesc>
                  </category>
                  <category xml:id="france">
                     <catDesc>France</catDesc>
                  </category>
                <!--  <category xml:id="topographie">
                     <catDesc>Topographie</catDesc>
                  </category>-->
               </category>
               <category xml:id="scienceNat">
                  <catDesc>Science Naturelles</catDesc>
                  <!--<category xml:id="geologie">
                     <catDesc>Géologie</catDesc>
                  </category>-->
                     <category xml:id="mineraux">
                        <catDesc>Minéraux</catDesc>
                     </category>
                     <!--In the book Minéraux is followed by ",etc."; should that be included?-->
                  <!--<category xml:id="botanique">
                     <catDesc>Botanique</catDesc>-->
                     <category xml:id="vegetaux">
                        <catDesc>Végétaux</catDesc>
                        <!--All of the sub-categories following this are numbered; should that be included?-->
                        <category xml:id="arbreNoncultives">
                           <catDesc>Arbres non cultivés</catDesc>
                        </category>
                        <category xml:id="herbesPlantes">
                           <catDesc>Herbes ou plantes sauvages</catDesc>
                        </category>
                        <category xml:id="arbreCultives">
                           <catDesc>Arbres cultivés</catDesc>
                        </category>
                        <category xml:id="arbustes">
                           <catDesc>Arbustes cultivés</catDesc>
                        </category>
                        <category xml:id="cereales">
                           <catDesc>Céréales</catDesc>
                        </category>
                        <category xml:id="legumesRacines">
                           <catDesc>Légumes, racines, etc.</catDesc>
                        </category>
                        <category xml:id="divers1"><!-- Avoid tagging with Divers - if necessary, create another sub-category -->
                           <catDesc>Divers</catDesc>
                        </category> 
                     </category>
                     <!--<category xml:id="physiologieVegetale">
                        <catDesc>Physiologie végétale</catDesc>
                     </category>-->
                  <!--</category>-->
                 <!-- <category xml:id="zoologie">
                     <catDesc>Zoologie</catDesc>-->
                     <category xml:id="animaux">
                        <catDesc>Animaux</catDesc>
                        <!--All of the sub-categories following this are numbered; should that be included?-->
                        <category xml:id="homme">
                           <catDesc>l'Homme</catDesc>
                        </category> <!--Homme wouldn't go under zoologie.. could we seperate it or rename this category?-->
                        <category xml:id="animauxDomestiques">
                           <catDesc>Animaux domestiques</catDesc>
                        </category>
                        <category xml:id="animauxSauvages">
                           <catDesc>Animaux sauvages</catDesc>
                        </category>
                     </category>
                     <!--<category xml:id="physiologieAnimal">
                        <catDesc>Physiologie animaux</catDesc>
                     </category>-->
                  <!--</category>-->
                  <!--<category xml:id="agriculture">
                     <catDesc>Agriculture</catDesc>
                     <category xml:id="techniquesAgricoles">
                        <catDesc>Techniques agricoles</catDesc>
                     </category>
                     <category xml:id="produits">
                        <catDesc>Produits</catDesc>
                     </category>
                     <category xml:id="outilsMachines">
                        <catDesc>Outils et machines</catDesc>
                     </category>
                     <category xml:id="recolte">
                        <catDesc>Récolte</catDesc>
                     </category>
                     <category xml:id="elevageBetail">
                        <catDesc>Élevage de bétail</catDesc>
                     </category>
                     <category xml:id="terrainAgricole">
                        <catDesc>Terrain agricole</catDesc>
                     </category>
                     <category xml:id="apiculture">
                        <catDesc>Apiculture</catDesc>
                     </category>
                  </category>-->
               </category>
               <category xml:id="sciencesPhys">
                  <catDesc>Notions relatives aux sciences physiques</catDesc>
                  <!--<category xml:id="elements">
                     <catDesc>Éléments</catDesc>-\->
                     <category xml:id="feu">
                        <catDesc>Feu</catDesc>
                     </category>
                     <!-\-Could add categories for earth/wind/air-\->
                  </category>
                  <category xml:id="meterologie">
                     <catDesc>Métérologie</catDesc>-\->
                  </category>-->
                  <!--Category for night/day cycles, seasons?-->
               </category>
               <category xml:id="industrie">
                  <catDesc>Industrie</catDesc>
                  <category xml:id="matieresObjets">
                     <catDesc>Matières et objets fabriqués</catDesc>
                  </category>
                  <category xml:id="constructions">
                     <catDesc>Constructions</catDesc>
                  </category>
                  <category xml:id="machinesAppareils">
                     <catDesc>Machines, appareils, ustensiles, vases</catDesc>
                  </category>
                  <!--Can outils go under machinesAppareils-->
                  <category xml:id="outils">
                     <catDesc>Outils</catDesc>
                  </category>
                  <category xml:id="etoffesHabillement">
                     <catDesc>Étoffes, habillement</catDesc>
                  </category>
                  <category xml:id="divers2">
                     <catDesc>Divers</catDesc>
                  </category>
               </category>
               <category xml:id="economieDomestique">
                  <catDesc>Économie Domestique</catDesc>
                  <!--<category xml:id="tachesMenageres">
                     <catDesc>Tâches ménagères</catDesc>
                  </category>-->
                  <category xml:id="alimentsCuisine">
                     <catDesc>Aliments et cuisine</catDesc>
                  </category>
                  <category xml:id="vetements1">
                     <catDesc>Vêtements</catDesc>
                  </category>
                  <category xml:id="basse-cour">
                     <catDesc>Basse-cour</catDesc>
                  </category>
                  <!--Could basse-cour be combined with scienceNat/agriculture under elevageBetail?--> 
               </category>
               <category xml:id="hygiene">
                  <catDesc>Hygiène</catDesc>
                  <category xml:id="corpsHabitations">
                     <catDesc>Corps et habitations</catDesc>
                  </category>
                  <category xml:id="vetements2">
                     <catDesc>Vêtements</catDesc>
                  </category>
                  <category xml:id="aliments">
                     <catDesc>Aliments</catDesc>
                  </category>
                  <category xml:id="maladiesRemedes">
                     <catDesc>Maladies, etc. ; remèdes</catDesc>
                  </category>
               </category>
            </taxonomy>
         </classDecl>
      </encodingDesc>
      <profileDesc>
         <settingDesc>
            <listPlace>
               <place>
                  <placeName xml:id="l_amerique">l'Amérique</placeName>
               </place>
               <place>
                  <placeName xml:id="l_oceanien">l'Oceanian</placeName>
               </place>
               <place>
                  <placeName xml:id="l_europe">l'Europe</placeName>
               </place>
               <place>
                  <placeName xml:id="l_afrique">l'Afrique</placeName>
               </place>
               <place>
                  <placeName xml:id="l_australie">l'Australie</placeName>
               </place>
               <place>
                  <placeName xml:id="la_france">la France</placeName>
               </place>
               <place>
                  <placeName xml:id="la_chine">la Chine</placeName>
               </place>
               <place>
                  <placeName xml:id="etats_unis">les États-Unis</placeName>
               </place>
               <place>
                  <placeName xml:id="l_arabe">l'Arabe</placeName>
               </place>
               <place>
                  <placeName xml:id="la_canada">la Canada</placeName>
               </place>
               <place>
                  <placeName xml:id="fragicourt">Fragicourt</placeName>
               </place>
               <place>
                  <placeName xml:id="paris">Paris</placeName>
               </place>
               <place>
                  <placeName xml:id="bruxelles">Bruxelles</placeName>
               </place>
               <place>
                  <placeName xml:id="boston">Boston
                  </placeName>
               </place>
               <place> 
                  <placeName xml:id="l_avre">l'Avre
                     <geogFeat>River</geogFeat>
                  </placeName> 
               </place>
               <place>
                  <placeName xml:id="la_moye">la Moye
                     <geogFeat>River</geogFeat>
                  </placeName>
               </place>
            </listPlace>
         </settingDesc>
      </profileDesc>
   </teiHeader>
   <text>
      <body>
         <!-- n is for maitresse edition, corresp is for student edition -->
         <div type="chapter" n="114">
            <div xml:lang="fr">

               <div type="student">   
                  <pb type="page" n="400"/>
                  <head> 114. — Un cadeau. (Élève, p. 243.) </head>
              
                  <p> <time>Le surlendemain</time>, <time>à la fin du jour</time>, <persName ana="#papa">M. Dumay</persName>, rentré des champs, les pieds dans de bons et spacieux sabots qu'il appelait ses pantoufles, regardait paternellement <persName ana="#suzette">Suzette</persName>. </p>
                  <p> En robe claire et tablier à carreaux, elle vaquait au
            
                  <pb type="page" n="401"/>   
                  <fw type="header"> UN CADEAU. 401 </fw>
                     
                     ménage, qui, en <time>ces quarante-huit heures</time>, avait repris toute sa gentillesse passée. Elle vint ensuite s'asseoir près de la fenêtre, devant un panier de belles <seg ana="#legumesRacines">laitues</seg>, bien pommées, et d’une fraîcheur à vous mettre l'eau à la bouche. Elle commençait <seg ana="#alimentsCuisine">l'épluchage</seg>, quand le gros loquet de la porte s'ébranla. </p>
                  
                  <figure> 
                     <caption> <hi rend="italic"><seg ana="#legumesRacines">Laitue</seg>. — <seg ana="#legumesRacines">Romaine</seg>. — <seg ana="#legumesRacines">Chicorée</seg>.</hi>
                        <lb/>
                        <seg ana="#legumesRacines">Les salades</seg> sont des <seg ana="#legumesRacines">plantes</seg> crues que l'on mange assaisonnées avec de <seg ana="#alimentsCuisine">l'huile</seg>, du <seg ana="#alimentsCuisine">vinaigre</seg>, du <seg ana="#alimentsCuisine">poivre</seg>, du <seg ana="#alimentsCuisine">sel</seg> et quelquefois de <seg ana="#alimentsCuisine">la moutarde</seg>. Pour en relever le goût, on y ajoute souvent de <seg ana="#alimentsCuisine">l'ail</seg>, de <seg ana="#alimentsCuisine">la ciboule</seg>, du <seg ana="#alimentsCuisine">cerfeuil</seg>, de <seg ana="#alimentsCuisine">la civette</seg>, de <seg ana="#alimentsCuisine">la pimprenelle</seg>, de <seg ana="#alimentsCuisine">l'estragon</seg>, dont la réunion forme ce qu'on appelle de <seg ana="#alimentsCuisine">la fourniture</seg>. Chaque saison apporte sa <seg ana="#legumesRacines">salade</seg> particulière. En épluchant <seg ana="#legumesRacines">la salade</seg>, ayez bien soin d'examiner s'il n'y reste pas de <seg ana="#animauxSauvages">limaçons</seg> ou d'<seg ana="#animauxSauvages">insectes</seg>. <seg ana="#legumesRacines"><seg ana="#alimentsCuisine">Les salades</seg></seg> sont en général rafraîchissantes.
                     </caption>
                  </figure>
                  
                  <sp><speaker>Suzette</speaker><ab> — Bon ! </ab></sp> <stage> dit-elle, sans même pencher la tête pour regarder au dehors, </stage> <sp><speaker>Suzette</speaker><ab> voilà <persName ana="#francais"><persName ana="#charlot">nos écoliers</persName></persName> ! et probablement avec les dents longues, comme à l'habitude. </ab></sp>
                  <p> Mais ce fut <persName ana="#sylvain">Sylvain</persName> qui entra, guêtré de toile bleue, tout embourbé de <seg ana="#mineraux">l'argile</seg> des labours, par lesquels il avait pris pour abréger les deux lieues de chemin qui séparaient la ferme de <persName ana="#m_cartier">son patron</persName> de celle <persName ana="#les_dumay">des Dumay</persName>. </p>
                  <sp><speaker>Sylvain</speaker><ab> — Bonsoir, <persName ana="#papa">Monsieur</persName> ! bonsoir, <persName ana="#suzette">Mademoiselle</persName> ! </ab></sp>
                  <p> Sa voix tremblait d'une joie contenue. </p>
                  <sp><speaker>Papa</speaker><ab> — Qu'y a-t-il, <persName ana="#sylvain">mon ami</persName> ? </ab></sp> <stage> demanda <persName ana="#papa">le père</persName>. </stage>
                  <sp><speaker>Sylvain</speaker><ab> — J'ai pensé aux <seg ana="#animauxSauvages">abeilles</seg>, </ab></sp> <stage> répondit-il, </stage> <sp><speaker>Sylvain</speaker><ab> je vous apporte <seg ana="#constructions">une ruche</seg> avec son essaim*<!--There is an asterisk in the book but no definition in the lexique-->. </ab></sp>
                  <sp><speaker>Suzette</speaker><ab> — Avec son <seg ana="#animauxSauvages">essaim</seg> ! </ab></sp> <stage> s'écria <persName ana="#suzette">Suzette</persName>. </stage>
                  <sp><speaker>Sylvain</speaker><ab> — <persName ana="#m_cartier">Mon patron</persName> me l'a donné ; moi, j'ai fait <seg ana="#constructions">la ruche</seg>, en <seg ana="#cereales">paille de seigle</seg> bien tressée, solide et légère. Elle est là dans la cour. Voulez-vous la voir ? </ab></sp>
                  <p> On courut à la cour ; on vit <seg ana="#constructions">la ruche</seg> soigneusement enveloppée d'une toile, et on alla aussitôt la mettre en place dans le jardin. </p>
            
                  <pb type="page" n="402"/>   
                  <fw type="header"> 402 SUZETTE. </fw>
                  
                  <sp><speaker>Suzette</speaker><ab> — Ah ! <persName ana="#sylvain">monsieur Sylvain</persName>, que je vous remercie ! </ab></sp> <stage> dit <persName ana="#suzette">Suzette</persName>. </stage> <sp><speaker>Suzette</speaker><ab> Voilà la seule chose qui put me faire plaisir ; vous l'avez deviné. </ab></sp>
                  <p> Elle lui tendit la main. Il semblait encore plus heureux qu'elle et montrait la vérité du vieux dicton*<gloss>Dicton. Sentence passée en proverbe.</gloss> : <name type="dicton">« Plus doux est donner que recevoir. »</name> On le retint à souper. Après le repas d'<seg ana="#alimentsCuisine">œufs à la coque</seg> et de fraîches <seg ana="#alimentsCuisine">laitues</seg>, on alla <persName ana="#les_dumay">en famille</persName> faire un bout de conduite à <persName ana="#sylvain">l'ami Sylvain</persName>. </p>
                  <p> <persName ana="#sylvain">Le garçon</persName>, maintenant bien traité, estimé pour son travail, avait perdu sa physionomie un peu dure d'autrefois. A cette heure, sa parole, toute sa personne respiraient la paix d'un cœur adouci. </p>
                  <p> En revenant avec <persName ana="#les_dumay">les siens</persName> après <time>un quart d'heure</time> de route, <persName ana="#papa">M. Dumay</persName> dit : </p>
                  <sp><speaker>Papa</speaker><ab> — Le voilà hors d'affaire, content de son sort. Je ne suis pas fâché que <persName ana="#pascal">monsieur mon neveu</persName>, <persName ana="#pascal">l'explorateur</persName>, nous ait procuré l'occasion de nous montrer les amis de <persName ana="#sylvain">ce pauvre enfant</persName>. Un peu de <seg ana="#devoirsSemblables">bonté</seg> envers les déshérités, il n'en faut pas plus, souvent, pour faire des heureux et de braves gens. </ab></sp>
            
                  <div type="questionnaire">
                     <ab>
                        <hi rend="bold"> Questionnaire. </hi> — Comment était M. Dumav le surlendemain et que faisait-il ? — A quoi s'était occupée Suzette depuis quarante-huit heures et quel travail la tenait auprès de la fenêtre ? — Que dit-elle quand on frappa à la porte ? — Qui arrivait ? — Comment était Syl-
                        <cb/>
                        vain ? Que dit-il à M. Dumay, puis à Suzette ? — Que vit-on dans la cour ? — Comment fut-il remercié ? — Quo lui offrit-on ? — Quel changement s'était fait en Sylvain ? — Quelle réflexion fit M. Dumay au sujet de Sylvain quand ce dernier fut parti ?
                     </ab>
                  </div>
               </div>
               
               <div type="teacher">
                  <div type="exercice">
                     <head type="exercice"> DÉVELOPPEMENT DES SUJETS PROPOSÉS POUR EXERCICES. </head>
                     
                     <div type="morale">
                        <head type="sujets"> Morale. </head> 
                        

                        <ab type="question"> — Quand peut-on dire qu'une jeune fille est bonne ? — Exemples. — La bonté empêche-t-elle qu'on blâme ce qui est mal ? — Pourquoi celle qui ne s'élève pas contre le mal n'est-elle pas vraiment bonne ? — Pourquoi la mire qui ne reprend pas les défauts de ses enfants n'est-elle pas une bonne mère ? — Comment peut-on être bonne et, en même temps, sévère à l'égard de ce qui est contraire au devoir ? — Exemples.</ab>
                        
                        <ab type="answer"><seg corresp="#devoirsSemblables">La bonté</seg>, qui est la plus grande vertu de la femme, consiste à satisfaire et à soulager les besoins des autres avant même qu'ils aient été exprimés ; elle va au secours de la pensée qui n'ose se produire, lit dans les regards baissés, entend le soupir qu'on étouffe, comprend et saisit le désir à peine formé. Elle n'oublie personne, ne manque à rien. Le mot qui va blesser, s'arrête sur les levres de la jeune fille vraiment bonne ; elle réprime dans son cœur tout sentiment capable d'affliger autrui. (Sur ces données, les élèves trouveront elles-mêmes des exemples qu'elles emprunteront à la vie de l'école et de la famille.)<lb/>
     
                           <pb type="page" n="402"/>
                           <fw type="header"> UN CADEAU. 403 </fw>   
             
            La bonté n'est pas <term>faiblesse</term> ; la bonté n'est ni tendresse ni obligeance banales, ni parti pris de trouver tout bien et d'être indifférent à tout ; la bonté n'est pas non plus indulgence aveugle et sensibilité au service du premier venu. Céder à tous, c'est ne rendre justice à la raison de personne ; aimer et obliger tout le monde, c'est n aimer, c'est n'obliger personne. Trouver tout bien, c'est couvrir toutes les fautes de la même indulgence ; c'est traiter le mal à l'égal du bien ; c'est n'avoir la notion juste ni de l'un ni de l'autre. <lb/>
            Une mère <term>qui ne reprend pas</term> les défauts de ses enfants, les encouragé à mal faire et les expose à contracter des habitudes qui, plus tard, seront des vices. Quand la plante est jeune, c'est là, dit-on, qu'il la faut redresser. Une mère peut reprendre ses enfants sans cesser d'être bonne, si elle le fait avec modération et réflexion, avec justice et indulgence, si elle est prompte à saisir l'éclair du repentir et à se servir de cette disposition pour que le châtiment soit accepté et subi avec résignation, comme une réparation nécessaire. Qu'elle ne sourie jamais à une action maligne, à un sentiment égoïste, à un mensonge ingénieux de l'enfant, mais qu'elle témoigne froidement et sur-le-champ lé mécontentement qu'elle éprouve : l'enfant, qui la regarde comme sa conscience visible, retombera bien plus rarement dans pareilles fautes.</ab></div>
                     
                     <div type="histoireNaturelle"><!-- Should this be sciences naturelles? The classification lists Salade chapter 114 under Sciences naturelles Légumes -->
                        <head type="sujets"> Histoire naturelle. </head>  
                        <ab type="question">— Quelles plantes sont employées pour préparer les salades ? — Décrivez les laitues diverses, la chicorée, le cresson, le pis enlit. — Ajoutez quelques détails sur la culture des laitues et de la chicorée.</ab>
                        <ab type="answer">Les plantes employées pour les salades sont : la <term type="salade">laitue</term>, dont il y a plusieurs variétés telles que la <term type="salade">laitue frisée</term> et la <term type="salade">romaine</term> ; la <term type="salade">chicorée</term>, le <term type="salade">cresson</term>, le <term type="salade">pissenlit</term>, le <term type="salade">céleri</term>.<lb/>
                           La <term type="salade">laitue ordinaire</term> porte des feuilles larges, vertes ou brunes, qui se réunissent en une sorte de boule lorsque la plante acquiert son complet développement ; la <term type="salade">laitue romaine</term> a des feuilles allongées, raides, et forme des touffes d'où l'on tire souvent la matière de plusieurs salades.<lb/>
                           La <term type="salade">chicorée</term> est remarquable par ses feuilles extrêmement découpées que l'on réunit en faisceau, comme celles de la laitue, pour les faire blanchir et les rendre ainsi plus tendres à manger.<lb/>
                           Le <term type="salade">cresson</term> présente des tiges herbacées de faible consistance qui portent des feuilles vert foncé, de forme arrondie et de saveur forte. 0n mange les unes et les autres.<lb/>
                           Le <term type="salade">pissenlit</term> ordinaire croît naturellement dans les prairies ; c'est une plante de petite dimension du pied de laquelle sortent des feuilles très allongées, de saveur amère ; on arrache les pieds au printemps, dans la première période de leur croissance, et on les mange ainsi en salade.<lb/>
            Les laitues et les chicorées sont semées sur couche et sous châssis dès que les froids les plus rigoureux ont pris fin ; on les repique dans des plates-bandes bien fumées et on peut les récolter dès la fin de mai, ou de juin, s'il s'agit de la chicorée. Si l'on veut obtenir des laitues au mois d'avril, ou repique des pieds pris également sur couche au mois d'octobre. On a soin de les planter à l'exposition du midi, le long d'un mur, par exemple.</ab></div>
                  
                     <div type="econDom">
                        <head type="sujets"> Économie domestique. </head>  
                        <ab type="question">— Qu'est-ce qu'une salade ? — Comment prépareriez-vous une salade à la laitue, à la chicorée, au cresson, aux pissenlits ? — Prix du pied de chacune de ces salades au dernier marché. (Il n'est pas question du cresson ni des pissenlits)</ab>
                        <ab type="answer">Une salade est un mets composé de certaines herbes ou de certains légumes assaisonnés avec du sel, du vinaigre et de l'huile, quelquefois avec du poivre et de la moutarde.<lb/>
            
                           <pb type="page" n="404"/>
                           <fw type="header">  404 SUZETTE. </fw>
                           
                           <!-- LAITUE. --><!--<ab type="recette">-->— Enlevez les feuilles vertes extérieures et les plus grosses côtes ; fendez les plus grandes feuilles dans le sens de la longueur et coupez-les en deux ou trois morceaux ; lavez à plusieurs eaux et égouttez en vous servant d'un panier à claire-voie, dit vulgairement panier à salade. Assaisonnez ensuite de sel, de poivre, d'huile et de vinaigre (ce dernier condiment, dans la proportion du tiers de l'huile) ; retournez jusqu'à ce que toutes les feuilles soient imbibées, enfin présentez aux convives le saladier.<!--</ab>--><lb/>
                           <!-- CHICORÉE. --> <!--<ab type="recette">-->— La salade de chicorée, celles de cresson et de pissenlits se préparent de la même manière, sauf en ce qui concerne les feuilles. On ajoute à celle de chicorée des croûtes de pain frottées d'ail qui en relèvent le goût.<!--</ab>--></ab></div>
                       
                     </div>
                  </div>
               </div>
            </div>

      </body>
  </text>
</TEI>
