<?xml version="1.0" encoding="UTF-8"?>
<?xml-model href="http://www.tei-c.org/release/xml/tei/custom/schema/relaxng/tei_all.rng" type="application/xml" schematypens="http://relaxng.org/ns/structure/1.0"?>
<?xml-model href="http://www.tei-c.org/release/xml/tei/custom/schema/relaxng/tei_all.rng" type="application/xml"
	schematypens="http://purl.oclc.org/dsdl/schematron"?>
<TEI xmlns="http://www.tei-c.org/ns/1.0">
   <teiHeader>
      <fileDesc>
         <titleStmt>
            <title type="main">Suzette: a Digital Edition - Chapter 26</title>
            <respStmt>
               <persName>John Westbrook</persName>
               <orgName>Bucknell University</orgName>
               <resp>Editor</resp>
            </respStmt>
            <respStmt>
               <persName>Annie Girton</persName>
               <orgName>Bucknell University</orgName>
               <resp>Research Assistant and Encoder</resp>
            </respStmt>
            <respStmt>
               <persName xml:id="JAKA1">Diane Jakacki</persName>
               <orgName>Bucknell University</orgName>
               <resp>Project Manager</resp>               
            </respStmt>
         </titleStmt>
         <publicationStmt>
            <distributor>Bucknell University</distributor>
            <pubPlace>
               <address>
                  <addrLine>One Dent Drive</addrLine>
                  <addrLine>Lewisburg, PA 17837</addrLine>
               </address>
            </pubPlace>
            <availability>
               <licence>Attribution-NonCommercial-ShareAlike 4.0 International</licence>
            </availability>
         </publicationStmt>
         <sourceDesc>
            <biblStruct>
               <monogr>
                  <title>Suzette: Livre de Lecture Courante à l’Usage des Jeunes Filles. Morale—Leçon de choses, Economie Domestique – Ménage – Cuisine – Couture</title>
                  <author>Robert Halt</author>
                  <textLang>French</textLang>
                  <imprint>
                     <date>1889</date>
                     <distributor>Libraire Classique Paul Delaplane</distributor>
                     <pubPlace>Paris, France</pubPlace>
                  </imprint>
               </monogr>
            </biblStruct>
         </sourceDesc>
      </fileDesc>
           <profileDesc>
         <langUsage>
            <language ident="fra">French</language>
            <language ident="eng">English</language>
         </langUsage>
      </profileDesc>
      <encodingDesc>
         <charDecl>
            <char>
               <charName xml:id="suzette">Suzette</charName>
            </char>
            <char>
               <charName xml:id="papa">Papa</charName>
            </char>
            <char>
               <charName xml:id="la_maman">La maman</charName>
            </char>
            <char>
               <charName xml:id="jacques">Jacques</charName>            
            </char>
            <char>
               <charName xml:id="francois">François</charName>
            </char>
            <char>
               <charName xml:id="charlot">Charlot</charName>
            </char>
            <char>
               <charName xml:id="mme_valon">Mme Valon</charName>
            </char>
            <char>
               <charName xml:id="m_valon">M. Valon</charName>
            </char>
            <char>
               <charName xml:id="mme_richard">Mme Richard</charName>
            </char>
            <char>
               <charName xml:id="louis">Louis</charName>
            </char>
            <char>
               <charName xml:id="pascal">Pascal</charName>
            </char>
            <char>
               <charName xml:id="marthe">Marthe</charName>
            </char>
            <char>
               <charName xml:id="sylvain">Sylvain</charName>
            </char> 
            <char>
               <charName xml:id="ludivine">Ludivine</charName>
            </char> 
            <char>
               <charName xml:id="m_lejoly">M. Lejoly</charName>
            </char>
            <char>
               <charName xml:id="l_apiculteur">L'apiculteur</charName>
            </char>
            <char>
               <charName xml:id="la_bohemienne">La bohémienne</charName>
            </char>
            <char>
               <charName  xml:id="m_cartier">M. Cartier</charName>
            </char>
            <char>
               <charName xml:id="les_dumay">La Famille Dumay</charName>
            </char>
         </charDecl>
         <classDecl>
            <taxonomy xml:id="classification">
               <category xml:id="morale">
                  <catDesc>Morale</catDesc>
                  <category xml:id="enfantFamille">
                     <catDesc>L'enfant dans la famille</catDesc>
                  </category>
                  <category xml:id="devoirsFreresSoeurs">
                     <catDesc>Devoirs des frères et sœurs</catDesc>
                  </category>
                  <category xml:id="devoirsServiteurs">
                     <catDesc>Devoirs envers les serviteurs</catDesc>
                  </category>
                  <category xml:id="enfantEcole">
                     <catDesc>L'enfant dans l'école</catDesc>
                  </category>
                  <category xml:id="patrie">
                     <catDesc>La patrie</catDesc>
                  </category>
                  <category xml:id="devoirsSoiMeme">
                     <catDesc>Devoirs envers soi-même</catDesc>
                  </category>
                  <category xml:id="biensExterieurs">
                     <catDesc>Les biens extérieurs</catDesc>
                  </category>
                  <category xml:id="ame">
                     <catDesc>L'âme</catDesc>
                  </category>
                  <category xml:id="devoirsSemblables">
                     <catDesc>Devoirs envers nos semblables</catDesc>
                  </category>
                  <category xml:id="devoirsDieu">
                     <catDesc>Devoirs envers Dieu</catDesc>
                  </category>
               </category>
               <category xml:id="instructionCivique">
                  <catDesc>Instruction civique</catDesc>
               </category>
               <category xml:id="civilite">
                  <catDesc>Civilité</catDesc>
               </category>
               <category xml:id="francais">
                  <catDesc>Français</catDesc>
               </category>
               <category xml:id="composition">
                  <catDesc>Composition</catDesc>
                  <!--In the book Composition is followed by an (1); should that be included?-->
                  <category xml:id="recits">
                     <catDesc>Récits</catDesc>
                  </category>
                  <category xml:id="recitsHistoriques">
                     <catDesc>Récits historiques</catDesc>
                  </category>
                  <category xml:id="descriptions">
                     <catDesc>Descriptions</catDesc>
                  </category>
                  <category xml:id="sujetsMoraux">
                     <catDesc>Sujets moraux ou d'imagination</catDesc>
                  </category>
                  <category xml:id="lettres">
                     <catDesc>Lettres</catDesc>
                  </category>
               </category>
               <category xml:id="histoire">
                  <catDesc>Histoire</catDesc>
                  <!--<category xml:id="histoireNaturelle">
                     <catDesc>Histoire naturelle</catDesc>
                  </category>
                  <category xml:id="histoireTravail">
                     <catDesc>Histoire du travail</catDesc>
                  </category>-->
               </category>
               <category xml:id="geographie">
                  <catDesc>Géographie</catDesc>
                  <category xml:id="europe">
                     <catDesc>Europe</catDesc>
                  </category>
                  <category xml:id="asie">
                     <catDesc>Asie</catDesc>
                  </category>
                  <category xml:id="afrique">
                     <catDesc>Afrique</catDesc>
                  </category>
                  <category xml:id="amerique">
                     <catDesc>Amérique</catDesc>
                  </category>
                  <category xml:id="oceanie">
                     <catDesc>Océanie</catDesc>
                  </category>
                  <category xml:id="france">
                     <catDesc>France</catDesc>
                  </category>
                <!--  <category xml:id="topographie">
                     <catDesc>Topographie</catDesc>
                  </category>-->
               </category>
               <category xml:id="scienceNat">
                  <catDesc>Science Naturelles</catDesc>
                  <!--<category xml:id="geologie">
                     <catDesc>Géologie</catDesc>
                  </category>-->
                     <category xml:id="mineraux">
                        <catDesc>Minéraux</catDesc>
                     </category>
                     <!--In the book Minéraux is followed by ",etc."; should that be included?-->
                  <!--<category xml:id="botanique">
                     <catDesc>Botanique</catDesc>-->
                     <category xml:id="vegetaux">
                        <catDesc>Végétaux</catDesc>
                        <!--All of the sub-categories following this are numbered; should that be included?-->
                        <category xml:id="arbreNoncultives">
                           <catDesc>Arbres non cultivés</catDesc>
                        </category>
                        <category xml:id="herbesPlantes">
                           <catDesc>Herbes ou plantes sauvages</catDesc>
                        </category>
                        <category xml:id="arbreCultives">
                           <catDesc>Arbres cultivés</catDesc>
                        </category>
                        <category xml:id="arbustes">
                           <catDesc>Arbustes cultivés</catDesc>
                        </category>
                        <category xml:id="cereales">
                           <catDesc>Céréales</catDesc>
                        </category>
                        <category xml:id="legumesRacines">
                           <catDesc>Légumes, racines, etc.</catDesc>
                        </category>
                        <category xml:id="divers1"><!-- Avoid tagging with Divers - if necessary, create another sub-category -->
                           <catDesc>Divers</catDesc>
                        </category> 
                     </category>
                     <!--<category xml:id="physiologieVegetale">
                        <catDesc>Physiologie végétale</catDesc>
                     </category>-->
                  <!--</category>-->
                 <!-- <category xml:id="zoologie">
                     <catDesc>Zoologie</catDesc>-->
                     <category xml:id="animaux">
                        <catDesc>Animaux</catDesc>
                        <!--All of the sub-categories following this are numbered; should that be included?-->
                        <category xml:id="homme">
                           <catDesc>l'Homme</catDesc>
                        </category> <!--Homme wouldn't go under zoologie.. could we seperate it or rename this category?-->
                        <category xml:id="animauxDomestiques">
                           <catDesc>Animaux domestiques</catDesc>
                        </category>
                        <category xml:id="animauxSauvages">
                           <catDesc>Animaux sauvages</catDesc>
                        </category>
                     </category>
                     <!--<category xml:id="physiologieAnimal">
                        <catDesc>Physiologie animaux</catDesc>
                     </category>-->
                  <!--</category>-->
                  <!--<category xml:id="agriculture">
                     <catDesc>Agriculture</catDesc>
                     <category xml:id="techniquesAgricoles">
                        <catDesc>Techniques agricoles</catDesc>
                     </category>
                     <category xml:id="produits">
                        <catDesc>Produits</catDesc>
                     </category>
                     <category xml:id="outilsMachines">
                        <catDesc>Outils et machines</catDesc>
                     </category>
                     <category xml:id="recolte">
                        <catDesc>Récolte</catDesc>
                     </category>
                     <category xml:id="elevageBetail">
                        <catDesc>Élevage de bétail</catDesc>
                     </category>
                     <category xml:id="terrainAgricole">
                        <catDesc>Terrain agricole</catDesc>
                     </category>
                     <category xml:id="apiculture">
                        <catDesc>Apiculture</catDesc>
                     </category>
                  </category>-->
               </category>
               <category xml:id="sciencesPhys">
                  <catDesc>Notions relatives aux sciences physiques</catDesc>
                  <!--<category xml:id="elements">
                     <catDesc>Éléments</catDesc>-\->
                     <category xml:id="feu">
                        <catDesc>Feu</catDesc>
                     </category>
                     <!-\-Could add categories for earth/wind/air-\->
                  </category>
                  <category xml:id="meterologie">
                     <catDesc>Métérologie</catDesc>-\->
                  </category>-->
                  <!--Category for night/day cycles, seasons?-->
               </category>
               <category xml:id="industrie">
                  <catDesc>Industrie</catDesc>
                  <category xml:id="matieresObjets">
                     <catDesc>Matières et objets fabriqués</catDesc>
                  </category>
                  <category xml:id="constructions">
                     <catDesc>Constructions</catDesc>
                  </category>
                  <category xml:id="machinesAppareils">
                     <catDesc>Machines, appareils, ustensiles, vases</catDesc>
                  </category>
                  <!--Can outils go under machinesAppareils-->
                  <category xml:id="outils">
                     <catDesc>Outils</catDesc>
                  </category>
                  <category xml:id="etoffesHabillement">
                     <catDesc>Étoffes, habillement</catDesc>
                  </category>
                  <category xml:id="divers2">
                     <catDesc>Divers</catDesc>
                  </category>
               </category>
               <category xml:id="economieDomestique">
                  <catDesc>Économie Domestique</catDesc>
                  <!--<category xml:id="tachesMenageres">
                     <catDesc>Tâches ménagères</catDesc>
                  </category>-->
                  <category xml:id="alimentsCuisine">
                     <catDesc>Aliments et cuisine</catDesc>
                  </category>
                  <category xml:id="vetements1">
                     <catDesc>Vêtements</catDesc>
                  </category>
                  <category xml:id="basse-cour">
                     <catDesc>Basse-cour</catDesc>
                  </category>
                  <!--Could basse-cour be combined with scienceNat/agriculture under elevageBetail?--> 
               </category>
               <category xml:id="hygiene">
                  <catDesc>Hygiène</catDesc>
                  <category xml:id="corpsHabitations">
                     <catDesc>Corps et habitations</catDesc>
                  </category>
                  <category xml:id="vetements2">
                     <catDesc>Vêtements</catDesc>
                  </category>
                  <category xml:id="aliments">
                     <catDesc>Aliments</catDesc>
                  </category>
                  <category xml:id="maladiesRemedes">
                     <catDesc>Maladies, etc. ; remèdes</catDesc>
                  </category>
               </category>
            </taxonomy>
         </classDecl>
      </encodingDesc>
      <profileDesc>
         <settingDesc>
            <listPlace>
               <place>
                  <placeName xml:id="l_amerique">l'Amérique</placeName>
               </place>
               <place>
                  <placeName xml:id="l_oceanien">l'Oceanian</placeName>
               </place>
               <place>
                  <placeName xml:id="l_europe">l'Europe</placeName>
               </place>
               <place>
                  <placeName xml:id="l_afrique">l'Afrique</placeName>
               </place>
               <place>
                  <placeName xml:id="l_australie">l'Australie</placeName>
               </place>
               <place>
                  <placeName xml:id="la_france">la France</placeName>
               </place>
               <place>
                  <placeName xml:id="la_chine">la Chine</placeName>
               </place>
               <place>
                  <placeName xml:id="etats_unis">les États-Unis</placeName>
               </place>
               <place>
                  <placeName xml:id="l_arabe">l'Arabe</placeName>
               </place>
               <place>
                  <placeName xml:id="la_canada">la Canada</placeName>
               </place>
               <place>
                  <placeName xml:id="fragicourt">Fragicourt</placeName>
               </place>
               <place>
                  <placeName xml:id="paris">Paris</placeName>
               </place>
               <place>
                  <placeName xml:id="bruxelles">Bruxelles</placeName>
               </place>
               <place>
                  <placeName xml:id="boston">Boston
                  </placeName>
               </place>
               <place> 
                  <placeName xml:id="l_avre">l'Avre
                     <geogFeat>River</geogFeat>
                  </placeName> 
               </place>
               <place>
                  <placeName xml:id="la_moye">la Moye
                     <geogFeat>River</geogFeat>
                  </placeName>
               </place>
            </listPlace>
         </settingDesc>
      </profileDesc>
   </teiHeader>
   <text>
      <body>
         <!-- n is for maitresse edition, corresp is for student edition -->
         
         <div type="chapter" n="26">
            <div xml:lang="fr">
               <div type="student">
                  
                  <pb type="page" n="93"/>
                  <head>26. — De l'eau! (Élève, p. 63.)</head>
         
         <p> <persName ana="#suzette">Suzette</persName>, toute secouée par cet entrain, courut à la cuisine. </p>
         <sp><speaker>Suzette</speaker><ab> — <persName ana="#mme_valon">Madame</persName>, voilà de <seg ana="#mineraux">l'eau</seg>, </ab></sp> <stage> dit-elle, en rentrant tout essoufflée. </stage>
                  <sp><speaker>Mme Valon</speaker><ab> — Quelle est cette <seg ana="#mineraux">eau</seg> ? </ab></sp>
                  <sp><speaker>Suzette</speaker><ab> — De <seg ana="#sciencesPhys">l'eau propre</seg>. </ab></sp>
                  <sp><speaker>Mme Valon</speaker><ab> — De <seg ana="#sciencesPhys">l'eau propre</seg> ? ah ! vraiment ? Tu es bien sûre de sa <seg ana="#hygiene">propreté</seg> ? Ne sais-tu pas que cette <seg ana="#sciencesPhys">eau propre</seg> peut être pleine d'<seg ana="#hygiene">impuretés</seg>, de <seg ana="#hygiene">bêtes malfaisantes</seg> : que <seg ana="#maladiesRemedes">la fièvre typhoïde</seg>*<gloss>Fièvre typhoïde. Maladie que caractérise une grande inflammation intérieure.</gloss>, <seg ana="#maladiesRemedes">le choléra</seg>*<gloss>Choléra. Maladie épidémique et le plus souvent mortelle, caractérisée par des vomissements et des crampes.</gloss>, bien d'autres <seg ana="#maladiesRemedes">maladies</seg> peuvent y attendre que nous les absorbions*<gloss>Absorber. Introduire dans le corps par les ouvertures du nez ou de la bouche.</gloss>, n'ayant pas su les détruire ? Songe, qu'en ce moment il s'agit de <seg ana="#corpsHabitations">laver</seg> <seg ana="#maladiesRemedes">une plaie à vif</seg>*<gloss>Plaie à vif. Qui laisse voir la chair.</gloss>, qui n’a été que trop <seg ana="#maladiesRemedes">infectée</seg>*<gloss>Infecté. Communiquer une mauvaise odeur; gâter, corrompre.</gloss>. Va faire <seg ana="#corpsHabitations">bouillir</seg> cette <seg ana="#mineraux">eau</seg> pour <seg ana="#maladiesRemedes">détruire tous <seg ana="#hygiene">les germes malsains</seg></seg> qui s'y trouveraient. Pendant ce temps je cours prendre chez moi de <seg ana="#maladiesRemedes">l'acide phénique</seg>*<gloss>Acide phénique. Liquide désinfectant que l’on tire de la houille.</gloss>, un excellent <seg ana="#maladiesRemedes">caustique</seg>*<gloss>Caustique. Qui désorganise les chairs ou membranes comme une brûlure.</gloss> <seg ana="#maladiesRemedes">désinfectant</seg> qu'il faut toujours avoir dans son armoire. </ab></sp>
                  
                  <figure> 
                     <caption> <hi rend="italic">Goutte d'eau vue au microscope.</hi>
                        <lb/>
                        Ne buvez jamais d'eau sans qu'elle soit filtrée et, dans les temps d'épidémie, sans l'avoir fait bouillir. </caption>
                  </figure>
                  
         <p> Elle reparut bientôt avec un petit flacon dont elle versa deux gouttes dans un grand verre d'eau. </p>
         
                  <pb type="page" n="94"/>   
                  <fw type="header"> 94 SUZETTE. </fw>
         
                  <p> Et <seg ana="#maladiesRemedes">désinfectons</seg>,<seg ana="#maladiesRemedes">désinfectons</seg> le pauvre <seg ana="#homme">nez</seg> ! </p>
         <p> <persName ana="#francois">François</persName> poussait des soupirs de soulagement : </p>
         <sp><speaker>François</speaker><ab> — Ah ! </ab></sp> <stage> disait-il, </stage> <sp><speaker>François</speaker><ab> je ne m'exposerai plus à de pareils <seg ana="#maladiesRemedes">accidents</seg> ; je sais un moyen. </ab></sp>
         <sp><speaker>Suzette</speaker><ab> — Quel moyen, <persName ana="#francois">Monsieur</persName> ? </ab></sp> <!--Is this Suzette or Mme Valon-->
         <sp><speaker>François</speaker><ab> — C'est d'employer du <seg ana="#mineraux">fil de fer</seg>, au lieu de <seg ana="#matieresObjets">ficelle</seg>, pour manœuvrer le cliquet. </ab></sp>
         <sp><speaker>Suzette</speaker><ab> — Encore le cliquet ! Voulez-vous bien vous rendormir tout de suite ! </ab></sp> <stage> lui dit <persName ana="#suzette">sa sœur</persName>. </stage>
                  
                  <div type="questionnaire">
                     <ab>
                        <hi rend="bold"> Questionnaire. </hi> — Qu'apporta Suzette ? — Quelle remarque fit Mme Valon sur la difficulté d'obtenir de l'eau pure ? — Quelle nécessité y a-t-il de traiter les blessures par l'eau pure ? — Comment détruit-on les germes dange-
                        <cb/>
                        reux de l'eau ? — Qu'est-ce que l'acide phénique ? — Comment Mme Valon soigna-t-elle François ? — Quel moyen ce dernier avait-il découvert pour éviter le retour de l'accident qui le retenait au lit ?
                     </ab>
                  </div>
               </div>
               
               <div type="teacher">
                  <div type="exercice">
                     <head type="exercice"> DÉVELOPPEMENT DES SUJETS PROPOSÉS POUR EXERCICES. </head>
                     
                     <div type="sciencesNat">
                        <head type="sujets"> Sciences naturelles. </head> 
                  
                        <ab type="question"> — Qu'est-ce que l'eau ? — Où est le grand réservoir des eaux ? — Ce que sont et à quoi servent les nuages ? — Origine des sources, des rivières, des ruisseaux. — Qu'est-ce qui se développe dans l'eau exposée à l'air? — Ce qu'on y voit avec un instrument grossissant. — Ce qui peut la corrompre, la rendre dangereuse. — Comment l'eau transmet-elle les maladies ? </ab>
                        
                        <ab type="answer"> <seg corresp="#mineraux">L'eau</seg> est le liquide le plus universellement répandu ; sous le nom de mer, l'eau couvre les trois quarts de la surface du globe. <lb/>
                        La mer est le grand <term type="eau">réservoir</term> des eaux ; il s'en élève continuellement des vapeurs qui s'amassent dans l'air en masses considérables appelées nuages. Sous l'influence du froid des hautes régions de l'atmosphère, les vapeurs des <term>nuages</term> se condensent en gouttelettes dont la chute produit le phénomène de la pluie. <lb/>
                        La <term type="eau">pluie</term> pénètre à l'intérieur du sol ; elle s'accumule sur les roches ou sur les couches terreuses impénétrables à l'eau, et, suivant la pente du terrain, elle coule et jaillit en <term>sources</term> limpides. La réunion de plusieurs sources forme un <term type="eau">ruisseau</term>, et celle de plusieurs ruisseaux, une <term type="eau">rivière</term>. <lb/>
                        Dans l'eau exposée à l'air, il tombe une foule de germes de plantes et d'œufs d'animaux infiniment petits ; les uns et les autres se développent dans le liquide avec une rapidité surprenante, et si, après quelques jours, on l'examine avec un verre grossissant, l'œil y distingue tout un monde animé circulant à travers des plantes microscopiques (1)<note type="foot"> (1) <term>Microscopique</term> se dit des choses si petites qu'on ne peut les voir qu'au moyen d'un instrument grossissant appelé <term>microscope</term>. </note>. <lb/>
                        La cause la plus fréquente de la <term type="eau">corruption des eaux</term> des rivières, des sources et des puits, est l'infiltration de liquides provenant de déjections animales, tels que ceux ayant traversé des fumiers et des fosses d'aisances. Il en résulte que ces eaux, où se sont développés les germes de maladies épidémiques, donnent lieu à de véritables empoisonnements. Il est donc toujours prudent et utile de prendre
         
                           <pb type="page" n="95"/>   
                           <fw type="header"> DE L’EAU ! 95 </fw>
         
         les précautions nécessaires pour s'approvisionner d'une eau de bonne qualité.</ab>
                     </div>
                     
                     <div type="industrie">
                        <head type="sujets"> Industrie. </head> 
                        
                        <!--<term> — LES FILTRES. </term> -->
                        <ab type="question"> — Comment l'eau se purifie-t-elle naturellement ? — Où la puise-t-on souillée ou infectée ? — Avec quel appareil peut-on la rendre limpide et saine? — Propriétés du charbon et du sable. — Description d'un filtre. — Le papier Joseph. </ab>
                        
                        <ab type="answer"> Presque toujours les eaux se purifient naturellement ou traversant les couches de terre et de sable, mais quand la source est trop voisine de la surface, il n'en est plus ainsi, et il faut aviser à un moyen mécanique de la débarrasser de ses impuretés. On a imaginé à cet effet un appareil connu sous le nom de <term>filtre</term>. <lb/>
                        Un <seg corresp="#machinesAppareils">filtre</seg> est un appareil formé d'une caisse métallique dans laquelle on dispose alternativement des lits de charbon pulvérisé et de sable. En traversant ces matières, l'eau se débarrasse de ses impuretés et apparaît limpide à la sortie du robinet adapté à la partie inférieure. <lb/>
                        Il existe des filtres composés d'un vase de terre cuite vernissée au milieu duquel on scelle une pierre poreuse, placée de biais, qui le divise en deux compartiments. Dans le compartiment supérieur, on verse l'eau à épurer ; elle arrive dans l'autre après avoir passé lentement au travers de la pierre dont il a été question, et dans un état de limpidité qui ne laisse rien à désirer. <lb/>
                        Le <term>papier Joseph</term> est un papier épais qu'on roule en cornet et dans lequel on verse le liquide à clarifier. Il filtre au travers de l'appareil et coute en gouttelettes, à la partie inférieure, dans un vase disposé à cet effet. </ab>
                     </div>
         
                     <div type="hygiene">
                        <head type="sujets"> Hygiène. </head> 
                        
                        <ab type="question"> — Qu'entend-on par épidémie ? — Citez des épidémies et parlez de leurs suites affreuses. — Où se trouvent souvent les germes de ces maladies ? — Comment les détruire dans l'eau ? — Parlez des désinfectants et de la manière de s'en servir. </ab>
                        
                        <ab type="answer"> On entend par <seg corresp="#maladiesRemedes">épidémies</seg> des maladies qui se propagent par le contact avec les malades ou par l'infection de l'air et des eaux. Telles sont celles qui sont connues sous le nom de <!--<seg corresp="#maladiesRemedes">-->fièvres typhoïdes<!--</seg>-->, <!--<seg corresp="#maladiesRemedes">-->rougeole<!--</seg>-->, <!--<seg corresp="#maladiesRemedes">-->fièvre scarlatine<!--</seg>-->, <!--<seg corresp="#maladiesRemedes">-->choléra<!--</seg>-->. Elles déciment les populations et portent le deuil dans les familles. <lb/>
                        Comme nous l'avons déjà fait connaître, les germes des épidémies existent principalement dans les eaux ; il est alors prudent de ne boire que de l’<!--<term type="epidemies">-->eau bouillie<!--</term>--> et conservée en vase clos, car l'ébullition détruit tous les organismes. On ne peut prévenir la contagion de certaines maladies, la rougeole par exemple, qu'en évitant tous rapports avec ceux qui en sont atteints, et en ne laissant sortir ces derniers qu'après la période durant laquelle ils peuvent communiquer le mal. <lb/>
                           La vapeur du soufre et l'acide phénique sont les principaux <seg corresp="#maladiesRemedes">désinfectants</seg>. Le premier fait périr les germes dans les vêtements, les étoffes et jusque dans la peau des personnes atteintes ; l'autre détruit les miasmes qui infectent une salle. On emploie le soufre en le faisant brûler sur un fourneau dans une chambre hermétiquement fermée, où sont disposés les objets sur lesquels il faut opérer. L'acide phénique étendu d'eau, dans la proportion de dix à douze fois son volume, est répandu sur le carrelage ou le parquet. </ab>
                     </div>
                        
                     <div type="geographie">
                        <head type="sujets"> Géographie. </head> 
         
                        <ab type="question"> — Qu'appelle-t-on eaux thermales et eaux minérales ? — Où sont, en France, les principales sources de ces eaux ? </ab>
                        
                        <ab type="answer"> Les <seg corresp="#sciencesPhys">eaux minérales</seg> sont des eaux qui jaillissent à la surface du sol après avoir dissous, dans les couches de terrain qu'elles ont parcourues, des substances minérales connues pour être efficaces contre certaines 
         
                           <pb type="page" n="96"/>   
                           <fw type="header"> 96 SUZETTE. </fw>                  
         
                        affections, telles que les rhumatismes, l'anémie, le mal de gorge, etc. <lb/>
                        Si elles sortent de la terre à une température de beaucoup supérieure à celle de l'atmosphère, on les dit thermales. Quelques-unes atteignent 40, 50, et même 90 degrés. <lb/>
                        Il existe des sources d'eaux thermales et d'eaux simplement minérales à Plombières, à Bussang, à Vichy, à Contrexéville, au mont Dore, à la Bourboule, à Royat, à Uriage, à Chaudesaigues, à Aix en Provence, à Bourbonne-les-Bains, à Bagnères, à Barèges, à Aulus, à Enghien près Paris, à Saint-Galmier, etc. </ab>
                     </div>
         
                  </div>
               </div>
            </div>
         </div>
      </body>
  </text>
</TEI>
