<?xml version="1.0" encoding="UTF-8"?>
<?xml-model href="http://www.tei-c.org/release/xml/tei/custom/schema/relaxng/tei_all.rng" type="application/xml" schematypens="http://relaxng.org/ns/structure/1.0"?>
<?xml-model href="http://www.tei-c.org/release/xml/tei/custom/schema/relaxng/tei_all.rng" type="application/xml"
	schematypens="http://purl.oclc.org/dsdl/schematron"?>
<TEI xmlns="http://www.tei-c.org/ns/1.0">
   <teiHeader>
      <fileDesc>
         <titleStmt>
            <title type="main">Suzette: a Digital Edition - Chapter 111</title>
            <respStmt>
               <persName>John Westbrook</persName>
               <orgName>Bucknell University</orgName>
               <resp>Editor</resp>
            </respStmt>
            <respStmt>
               <persName>Annie Girton</persName>
               <orgName>Bucknell University</orgName>
               <resp>Research Assistant and Encoder</resp>
            </respStmt>
            <respStmt>
               <persName xml:id="JAKA1">Diane Jakacki</persName>
               <orgName>Bucknell University</orgName>
               <resp>Project Manager</resp>               
            </respStmt>
         </titleStmt>
         <publicationStmt>
            <distributor>Bucknell University</distributor>
            <pubPlace>
               <address>
                  <addrLine>One Dent Drive</addrLine>
                  <addrLine>Lewisburg, PA 17837</addrLine>
               </address>
            </pubPlace>
            <availability>
               <licence>Attribution-NonCommercial-ShareAlike 4.0 International</licence>
            </availability>
         </publicationStmt>
         <sourceDesc>
            <biblStruct>
               <monogr>
                  <title>Suzette: Livre de Lecture Courante à l’Usage des Jeunes Filles. Morale—Leçon de choses, Economie Domestique – Ménage – Cuisine – Couture</title>
                  <author>Robert Halt</author>
                  <textLang>French</textLang>
                  <imprint>
                     <date>1889</date>
                     <distributor>Libraire Classique Paul Delaplane</distributor>
                     <pubPlace>Paris, France</pubPlace>
                  </imprint>
               </monogr>
            </biblStruct>
         </sourceDesc>
      </fileDesc>
           <profileDesc>
         <langUsage>
            <language ident="fra">French</language>
            <language ident="eng">English</language>
         </langUsage>
      </profileDesc>
      <encodingDesc>
         <charDecl>
            <char>
               <charName xml:id="suzette">Suzette</charName>
            </char>
            <char>
               <charName xml:id="papa">Papa</charName>
            </char>
            <char>
               <charName xml:id="la_maman">La maman</charName>
            </char>
            <char>
               <charName xml:id="jacques">Jacques</charName>            
            </char>
            <char>
               <charName xml:id="francois">François</charName>
            </char>
            <char>
               <charName xml:id="charlot">Charlot</charName>
            </char>
            <char>
               <charName xml:id="mme_valon">Mme Valon</charName>
            </char>
            <char>
               <charName xml:id="m_valon">M. Valon</charName>
            </char>
            <char>
               <charName xml:id="mme_richard">Mme Richard</charName>
            </char>
            <char>
               <charName xml:id="louis">Louis</charName>
            </char>
            <char>
               <charName xml:id="pascal">Pascal</charName>
            </char>
            <char>
               <charName xml:id="marthe">Marthe</charName>
            </char>
            <char>
               <charName xml:id="sylvain">Sylvain</charName>
            </char> 
            <char>
               <charName xml:id="ludivine">Ludivine</charName>
            </char> 
            <char>
               <charName xml:id="m_lejoly">M. Lejoly</charName>
            </char>
            <char>
               <charName xml:id="l_apiculteur">L'apiculteur</charName>
            </char>
            <char>
               <charName xml:id="la_bohemienne">La bohémienne</charName>
            </char>
            <char>
               <charName  xml:id="m_cartier">M. Cartier</charName>
            </char>
            <char>
               <charName xml:id="les_dumay">La Famille Dumay</charName>
            </char>
         </charDecl>
         <classDecl>
            <taxonomy xml:id="classification">
               <category xml:id="morale">
                  <catDesc>Morale</catDesc>
                  <category xml:id="enfantFamille">
                     <catDesc>L'enfant dans la famille</catDesc>
                  </category>
                  <category xml:id="devoirsFreresSoeurs">
                     <catDesc>Devoirs des frères et sœurs</catDesc>
                  </category>
                  <category xml:id="devoirsServiteurs">
                     <catDesc>Devoirs envers les serviteurs</catDesc>
                  </category>
                  <category xml:id="enfantEcole">
                     <catDesc>L'enfant dans l'école</catDesc>
                  </category>
                  <category xml:id="patrie">
                     <catDesc>La patrie</catDesc>
                  </category>
                  <category xml:id="devoirsSoiMeme">
                     <catDesc>Devoirs envers soi-même</catDesc>
                  </category>
                  <category xml:id="biensExterieurs">
                     <catDesc>Les biens extérieurs</catDesc>
                  </category>
                  <category xml:id="ame">
                     <catDesc>L'âme</catDesc>
                  </category>
                  <category xml:id="devoirsSemblables">
                     <catDesc>Devoirs envers nos semblables</catDesc>
                  </category>
                  <category xml:id="devoirsDieu">
                     <catDesc>Devoirs envers Dieu</catDesc>
                  </category>
               </category>
               <category xml:id="instructionCivique">
                  <catDesc>Instruction civique</catDesc>
               </category>
               <category xml:id="civilite">
                  <catDesc>Civilité</catDesc>
               </category>
               <category xml:id="francais">
                  <catDesc>Français</catDesc>
               </category>
               <category xml:id="composition">
                  <catDesc>Composition</catDesc>
                  <!--In the book Composition is followed by an (1); should that be included?-->
                  <category xml:id="recits">
                     <catDesc>Récits</catDesc>
                  </category>
                  <category xml:id="recitsHistoriques">
                     <catDesc>Récits historiques</catDesc>
                  </category>
                  <category xml:id="descriptions">
                     <catDesc>Descriptions</catDesc>
                  </category>
                  <category xml:id="sujetsMoraux">
                     <catDesc>Sujets moraux ou d'imagination</catDesc>
                  </category>
                  <category xml:id="lettres">
                     <catDesc>Lettres</catDesc>
                  </category>
               </category>
               <category xml:id="histoire">
                  <catDesc>Histoire</catDesc>
                  <!--<category xml:id="histoireNaturelle">
                     <catDesc>Histoire naturelle</catDesc>
                  </category>
                  <category xml:id="histoireTravail">
                     <catDesc>Histoire du travail</catDesc>
                  </category>-->
               </category>
               <category xml:id="geographie">
                  <catDesc>Géographie</catDesc>
                  <category xml:id="europe">
                     <catDesc>Europe</catDesc>
                  </category>
                  <category xml:id="asie">
                     <catDesc>Asie</catDesc>
                  </category>
                  <category xml:id="afrique">
                     <catDesc>Afrique</catDesc>
                  </category>
                  <category xml:id="amerique">
                     <catDesc>Amérique</catDesc>
                  </category>
                  <category xml:id="oceanie">
                     <catDesc>Océanie</catDesc>
                  </category>
                  <category xml:id="france">
                     <catDesc>France</catDesc>
                  </category>
                <!--  <category xml:id="topographie">
                     <catDesc>Topographie</catDesc>
                  </category>-->
               </category>
               <category xml:id="scienceNat">
                  <catDesc>Science Naturelles</catDesc>
                  <!--<category xml:id="geologie">
                     <catDesc>Géologie</catDesc>
                  </category>-->
                     <category xml:id="mineraux">
                        <catDesc>Minéraux</catDesc>
                     </category>
                     <!--In the book Minéraux is followed by ",etc."; should that be included?-->
                  <!--<category xml:id="botanique">
                     <catDesc>Botanique</catDesc>-->
                     <category xml:id="vegetaux">
                        <catDesc>Végétaux</catDesc>
                        <!--All of the sub-categories following this are numbered; should that be included?-->
                        <category xml:id="arbreNoncultives">
                           <catDesc>Arbres non cultivés</catDesc>
                        </category>
                        <category xml:id="herbesPlantes">
                           <catDesc>Herbes ou plantes sauvages</catDesc>
                        </category>
                        <category xml:id="arbreCultives">
                           <catDesc>Arbres cultivés</catDesc>
                        </category>
                        <category xml:id="arbustes">
                           <catDesc>Arbustes cultivés</catDesc>
                        </category>
                        <category xml:id="cereales">
                           <catDesc>Céréales</catDesc>
                        </category>
                        <category xml:id="legumesRacines">
                           <catDesc>Légumes, racines, etc.</catDesc>
                        </category>
                        <category xml:id="divers1"><!-- Avoid tagging with Divers - if necessary, create another sub-category -->
                           <catDesc>Divers</catDesc>
                        </category> 
                     </category>
                     <!--<category xml:id="physiologieVegetale">
                        <catDesc>Physiologie végétale</catDesc>
                     </category>-->
                  <!--</category>-->
                 <!-- <category xml:id="zoologie">
                     <catDesc>Zoologie</catDesc>-->
                     <category xml:id="animaux">
                        <catDesc>Animaux</catDesc>
                        <!--All of the sub-categories following this are numbered; should that be included?-->
                        <category xml:id="homme">
                           <catDesc>l'Homme</catDesc>
                        </category> <!--Homme wouldn't go under zoologie.. could we seperate it or rename this category?-->
                        <category xml:id="animauxDomestiques">
                           <catDesc>Animaux domestiques</catDesc>
                        </category>
                        <category xml:id="animauxSauvages">
                           <catDesc>Animaux sauvages</catDesc>
                        </category>
                     </category>
                     <!--<category xml:id="physiologieAnimal">
                        <catDesc>Physiologie animaux</catDesc>
                     </category>-->
                  <!--</category>-->
                  <!--<category xml:id="agriculture">
                     <catDesc>Agriculture</catDesc>
                     <category xml:id="techniquesAgricoles">
                        <catDesc>Techniques agricoles</catDesc>
                     </category>
                     <category xml:id="produits">
                        <catDesc>Produits</catDesc>
                     </category>
                     <category xml:id="outilsMachines">
                        <catDesc>Outils et machines</catDesc>
                     </category>
                     <category xml:id="recolte">
                        <catDesc>Récolte</catDesc>
                     </category>
                     <category xml:id="elevageBetail">
                        <catDesc>Élevage de bétail</catDesc>
                     </category>
                     <category xml:id="terrainAgricole">
                        <catDesc>Terrain agricole</catDesc>
                     </category>
                     <category xml:id="apiculture">
                        <catDesc>Apiculture</catDesc>
                     </category>
                  </category>-->
               </category>
               <category xml:id="sciencesPhys">
                  <catDesc>Notions relatives aux sciences physiques</catDesc>
                  <!--<category xml:id="elements">
                     <catDesc>Éléments</catDesc>-\->
                     <category xml:id="feu">
                        <catDesc>Feu</catDesc>
                     </category>
                     <!-\-Could add categories for earth/wind/air-\->
                  </category>
                  <category xml:id="meterologie">
                     <catDesc>Métérologie</catDesc>-\->
                  </category>-->
                  <!--Category for night/day cycles, seasons?-->
               </category>
               <category xml:id="industrie">
                  <catDesc>Industrie</catDesc>
                  <category xml:id="matieresObjets">
                     <catDesc>Matières et objets fabriqués</catDesc>
                  </category>
                  <category xml:id="constructions">
                     <catDesc>Constructions</catDesc>
                  </category>
                  <category xml:id="machinesAppareils">
                     <catDesc>Machines, appareils, ustensiles, vases</catDesc>
                  </category>
                  <!--Can outils go under machinesAppareils-->
                  <category xml:id="outils">
                     <catDesc>Outils</catDesc>
                  </category>
                  <category xml:id="etoffesHabillement">
                     <catDesc>Étoffes, habillement</catDesc>
                  </category>
                  <category xml:id="divers2">
                     <catDesc>Divers</catDesc>
                  </category>
               </category>
               <category xml:id="economieDomestique">
                  <catDesc>Économie Domestique</catDesc>
                  <!--<category xml:id="tachesMenageres">
                     <catDesc>Tâches ménagères</catDesc>
                  </category>-->
                  <category xml:id="alimentsCuisine">
                     <catDesc>Aliments et cuisine</catDesc>
                  </category>
                  <category xml:id="vetements1">
                     <catDesc>Vêtements</catDesc>
                  </category>
                  <category xml:id="basse-cour">
                     <catDesc>Basse-cour</catDesc>
                  </category>
                  <!--Could basse-cour be combined with scienceNat/agriculture under elevageBetail?--> 
               </category>
               <category xml:id="hygiene">
                  <catDesc>Hygiène</catDesc>
                  <category xml:id="corpsHabitations">
                     <catDesc>Corps et habitations</catDesc>
                  </category>
                  <category xml:id="vetements2">
                     <catDesc>Vêtements</catDesc>
                  </category>
                  <category xml:id="aliments">
                     <catDesc>Aliments</catDesc>
                  </category>
                  <category xml:id="maladiesRemedes">
                     <catDesc>Maladies, etc. ; remèdes</catDesc>
                  </category>
               </category>
            </taxonomy>
         </classDecl>
      </encodingDesc>
      <profileDesc>
         <settingDesc>
            <listPlace>
               <place>
                  <placeName xml:id="l_amerique">l'Amérique</placeName>
               </place>
               <place>
                  <placeName xml:id="l_oceanien">l'Oceanian</placeName>
               </place>
               <place>
                  <placeName xml:id="l_europe">l'Europe</placeName>
               </place>
               <place>
                  <placeName xml:id="l_afrique">l'Afrique</placeName>
               </place>
               <place>
                  <placeName xml:id="l_australie">l'Australie</placeName>
               </place>
               <place>
                  <placeName xml:id="la_france">la France</placeName>
               </place>
               <place>
                  <placeName xml:id="la_chine">la Chine</placeName>
               </place>
               <place>
                  <placeName xml:id="etats_unis">les États-Unis</placeName>
               </place>
               <place>
                  <placeName xml:id="l_arabe">l'Arabe</placeName>
               </place>
               <place>
                  <placeName xml:id="la_canada">la Canada</placeName>
               </place>
               <place>
                  <placeName xml:id="fragicourt">Fragicourt</placeName>
               </place>
               <place>
                  <placeName xml:id="paris">Paris</placeName>
               </place>
               <place>
                  <placeName xml:id="bruxelles">Bruxelles</placeName>
               </place>
               <place>
                  <placeName xml:id="boston">Boston
                  </placeName>
               </place>
               <place> 
                  <placeName xml:id="l_avre">l'Avre
                     <geogFeat>River</geogFeat>
                  </placeName> 
               </place>
               <place>
                  <placeName xml:id="la_moye">la Moye
                     <geogFeat>River</geogFeat>
                  </placeName>
               </place>
            </listPlace>
         </settingDesc>
      </profileDesc>
   </teiHeader>
   <text>
      <body>
         <!-- n is for maitresse edition, corresp is for student edition -->
         
         <div type="chapter" n="111">
            <div xml:lang="fr">
               <div type="student">
                  
                  <pb type="page" n="391"/>
                  <head> 111. — Notre amie l'abeille. (Élève, p. 238.) </head>
         
                  <p> <persName ana="#l'apiculteur">Le professeur</persName> marcha vers <seg ana="#basse-cour">une ruche</seg> carrée semblable à un livre relié en <seg ana="#arbreNoncultives">bois</seg>, monté sur <seg ana="#basse-cour">un pivot</seg>. </p>
                  <p> On le suivit. Il ouvrit ce livre, et une exclamation de surprise sortit de toutes les bouches. C'était un merveilleux <!--livre d'histoire naturelle--> à images vivantes. </p>
                  <p> Emprisonné entre deux <seg ana="#matieresObjets">feuilles de verre</seg>, <seg ana="#scienceNat">un gâteau d'<seg ana="#scienceNat">alvéoles</seg> de <seg ana="#matieresObjets">cire</seg></seg> montrait sa <seg ana="#animaux">population</seg>, son remue-ménage, sa vie industrieuse et jolie. </p>
                  <p> <persName ana="#l'apiculteur">Le vieux monsieur</persName> donna des explications : </p>
                  
                  <figure> 
                     <caption> Gâteau suspendu verticalement dans la ruche avec ses entrées, moitié à droite, moitié à gauche. </caption>
                  </figure>
                  
                  <sp><speaker>L'apiculteur</speaker><ab> Vers le milieu du <seg ana="#scienceNat">gâteau</seg> était <seg ana="#scienceNat">le couvain</seg>. C'est là que se trouvent les jeunes <seg ana="#animaux">larves</seg>, récemment <seg ana="#animaux">écloses</seg> <seg ana="#animaux">des œufs pondus par <seg ana="#animauxSauvages">la mère abeille</seg></seg>, dont <seg ana="#animaux">la tête</seg>, à gros <seg ana="#animaux">yeux</seg>, émergeait*<!--No definition in the lexique--> en ce moment de son minuscule palais. <lb/>
                     <seg ana="#animauxSauvages">Des ouvrières aux longues ailes</seg> s'agitaient à l'entour, <seg ana="#animauxSauvages">distribuant <seg ana="#matieresObjets">la pâtée</seg> et les soins aux <seg ana="#animaux">larves</seg></seg>, leurs petites sœurs, leurs futures compagnes de travail lorsqu'elles se seront transformées en <seg ana="#animaux">nymphes</seg><!--Definition for nymphes (Nymphe. Insecte au premier degré de ses différentes formes.) in lexique but no asterisk-->, puis en <seg ana="#animaux">insectes ailés</seg>. <lb/>
                     
                     <figure> 
                        <caption> Les <hi rend="italic">Ruche.</hi>
                           <lb/>
                           Vue extérieurement et intérieurement.
                        </caption>
                     </figure>
                     
                     D'autres ouvrières passaient, montaient vers le haut de <seg ana="#basse-cour">la ruche</seg> ; et là, se penchant au-dessus de quelque <seg ana="#scienceNat">alvéole</seg>, <seg ana="#animauxSauvages">dégorgeaient <seg ana="#vegetaux">le nectar</seg></seg> qu'elles ve-
         
                     <pb type="page" n="392"/>   
                     <fw type="header"> 392 SUZETTE. </fw>
        
        naient de <seg ana="#animauxSauvages">butiner</seg> sur <seg ana="#vegetaux">les fleurs</seg>. Puis elles s'envolaient pour aller <seg ana="#animauxSauvages">faire une provision</seg> nouvelle. <lb/>
                     Déjà <seg ana="#scienceNat">des files d'alvéoles</seg> bouchées d'un petit <seg ana="#scienceNat">couvercle de cire</seg>, vrais petits <seg ana="#scienceNat">pots de miel</seg>, montraient qu'on n'avait pas flâné dans <seg ana="#animaux">la tribu</seg>, et que, dès à présent, on pouvait se rire de <seg ana="#sciencesPhys">l'hiver</seg> et de <seg ana="#animaux">la faim</seg>. <lb/>
                     — Voilà <seg ana="#animauxSauvages">l'abeille</seg> ! voilà notre admirable modèle de travail et d'économie, dit le maître <seg ana="#scienceNat">apiculteur</seg> en refermant <seg ana="#constructions">les volets de bois</seg> sur <seg ana="#basse-cour">la ruche transparente</seg>. Écoutez maintenant : </ab></sp> <!--Was this whole section actually the professor speaking?-->
                     
                     <div type="questionnaire">
                        <ab>
                           <hi rend="bold"> Questionnaire. </hi> — De quel côté le professeur se dirigea-t-il ? — Que fit-il et que vit-on ? — Qu’y avait-il an milieu du gâteau ? — Donnez quelques détails sur le couvain. — Que faisaient autour du
                           <cb/>
                           couvain les abeilles ouvrières qui en avaient le soin ? — Quelle était l'occupation des autres abeilles ? — Que témoignaient les filles d'alvéoles ? — Quelle sage réflexion fit le professeur ?
                        </ab>
                     </div>
               </div>
               
               <div type="teacher">
                  <div type="exercice">
                     <head type="exercice"> DÉVELOPPEMENT DES SUJETS PROPOSÉS POUR EXERCICES. </head>
                     
                     <div type="morale">
                        <head type="sujets"> Morale. </head> 
                        
                        <ab type="question"> — Quelle leçon nous donnent les abeilles en amassant des provisions pendant la saison des fleurs ? — Que font les pères de famille prévoyants ? — Où les petites économies doivent-elles être déposées ? — Expliquer ce qu'est une caisse d'épargne. — Quel avantage y a-t-il à ne pas conserver ses économies à la maison ? </ab>
                        
                        <ab type="answer"> En amassant des provisions pendant la saison des fleurs, les abeilles nous donnent une belle leçon de travail et de prévoyance que bien des gens devraient méditer, aujourd'hui que le cabaret a tant d'attraits pour les ouvriers, et la toilette pour leurs femmes et leurs filles. Combien en est-il qui chôment non seulement le dimanche, mais encore le lundi et parfois davantage ; combien en est-il qui veulent se vêtir aussi élégamment que les riches, tout en ne disposant que du produit d'une journée de travail ! <lb/>
                        L'oisiveté n'est jamais bonne à rien ; celui qui l'épouse prend à sa charge cinq enfants qu'elle a déjà et qui ne la quittent point : le jeu, l'intempérance, la curiosité, l'indiscrétion et la médisance. Quant au goût exagéré de la toilette, il y a longtemps qu'un proverbe dit <term>qu'il éteint le feu de la cuisine</term>. <lb/>
                        Travaillons donc, mais ne dépensons pas en entier le produit de nos labeurs. Imitons l'abeille : mettons chaque jour quelque chose de côté pour les besoins de l'avenir ; si faible que soit l'économie, elle fera somme à la fin de l'année. C'est ainsi qu'agissent les pères de famille <!--<term type="abeilles">prévoyants</term>-->. <lb/>
                        Ils déposent tous les mois le montant de leurs économies dans un établissement public, la caisse d'épargne, qui en conserve le dépôt et sert un intérêt de 3fr,75 p. 100 ; c'est-à-dire que celui qui, le 1er janvier, a placé 100 francs, possède un an après 103fr,75. Aucun placement n'est plus sûr. <lb/>
                        Lorsqu'on a besoin de la totalité ou d'une partie de ses fonds, on adresse une demande au caissier de l'établissement, et, huit jours après, on touche la somme demandée. <lb/>
                        Remarquons que si l'on eût conservé ses fonds à la maison, ils seraient restés improductifs ; en second lieu, les ayant sous la main,
                           
                     <pb type="page" n="393"/>   
                     <fw type="header"> UN STIMULANT. 393 </fw>
         
on est souvent tenté d'en user ; enfin, à la caisse d'épargne, on ne craint ni les voleurs, ni les accidents imprévus. </ab>
                     </div>
                     
                     <div type="calcul">
                        <head type="sujets"> Calcul. </head> 
                        
                        <ab type="question"> — Quelle somme annuelle produisent 0 fr. 15 économisés pendant chacun des six jours de travail de la semaine ? </ab>
                        
                        <ab type="answer"> Économies réalisées pendant la semaine = 0 fr. 15 X 6 = … <lb/>
                        Il y a 52 semaines dans l'année. <lb/>
                        Les économies annuelles de l'ouvrier = … X 52 = … </ab>
                     </div>
                     
                     <div type="francais">
                        <head type="sujets"> Français. </head> 
                        
                        <ab type="question"> — Dites ce que c'est que : un professeur, un livre relié, des images vivantes, le remue-ménage, une larve, un apiculteur. — Qu'est-ce ente : éclore, se transformer, dégorger, butiner sur les fleurs ? </ab>
                        
                        <ab type="answer"> Un <seg corresp="#francais">professeur</seg> est celui qui enseigne une science dans un établissement d'instruction public ou libre. <lb/>
                        Un <seg corresp="#francais">livre relié</seg> est celui dont on a cousu solidement les feuilles et auquel on a mis une couverture formée de deux feuilles de carton recouvertes extérieurement d'une peau tannée. <lb/>
                        Des <seg corresp="#francais">images vivantes</seg> sont des images qui représentent avec beaucoup de vérité les actes de la vie. <lb/>
                        Un <seg corresp="#francais">remue-ménage</seg> est un dérangement de plusieurs meubles, de plusieurs choses que l'on transporte d'un lieu à un autre. <lb/>
                        Une <seg corresp="#francais">larve</seg> est l'insecte dans l'état où il se trouve à la sortie de l'œuf, c'est-à-dire sous la forme d'un ver. <lb/>
                        Un <seg corresp="#francais">apiculteur</seg> (de <seg corresp="#francais">apis</seg>, abeille) est celui qui fait profession d'élever des abeilles. <lb/>
                        <note> (Les explications données page 300 permettront d'expliquer facilement la signification des mots proposés.) </note> </ab>
                     </div>
                     
                     <div type="composition">
                        <head type="sujets"> Composition. </head>
                        
                        <ab type="question"> — Pourquoi j'aime les abeilles. — Leur vie laborieuse, paisible ; leur sollicitude pour les larves ; services qu'elles rendent aux agriculteurs : produits dont nous leur sommes redevables. — Qu'est-ce qui ressemble à une ruche ? </ab>
                        
                        <ab type="answer"> Quelles vaillantes petites bêtes ! A peine le soleil a-t-il séché la rosée qu'on les voit sortir par groupes de la ruche, s’élever dans les airs, puis prendre leur vol vers le calice des fleurs ; elles s'y plongent tout entières ; leur trompe mignonne pompe le nectar des étamines, tandis que leurs pattes se chargent du pollen qui deviendra de la cire. <lb/>
                        La charge est complète après l'exploration de plusieurs autres fleurs ; alors elles retournent alourdies à la ruche, y pénètrent et déposent le fruit de leurs labeurs où le besoin s'en fait sentir. Puis elles repartent, sans avoir pris un moment de repos..... <lb/>
                        <note> (On continuera de cette sorte.) </note> </ab>
                     </div>
                  </div>
               </div>
            </div>
         </div>
      </body>
  </text>
</TEI>
