<?xml version="1.0" encoding="UTF-8"?>
<?xml-model href="http://www.tei-c.org/release/xml/tei/custom/schema/relaxng/tei_all.rng" type="application/xml" schematypens="http://relaxng.org/ns/structure/1.0"?>
<?xml-model href="http://www.tei-c.org/release/xml/tei/custom/schema/relaxng/tei_all.rng" type="application/xml"
	schematypens="http://purl.oclc.org/dsdl/schematron"?>
<TEI xmlns="http://www.tei-c.org/ns/1.0">
   <teiHeader>
      <fileDesc>
         <titleStmt>
            <title type="main">Suzette: a Digital Edition - Chapter 5</title>
            <respStmt>
               <persName>John Westbrook</persName>
               <orgName>Bucknell University</orgName>
               <resp>Editor</resp>
            </respStmt>
            <respStmt>
               <persName>Annie Girton</persName>
               <orgName>Bucknell University</orgName>
               <resp>Research Assistant and Encoder</resp>
            </respStmt>
            <respStmt>
               <persName xml:id="JAKA1">Diane Jakacki</persName>
               <orgName>Bucknell University</orgName>
               <resp>Project Manager</resp>               
            </respStmt>
         </titleStmt>
         <publicationStmt>
            <distributor>Bucknell University</distributor>
            <pubPlace>
               <address>
                  <addrLine>One Dent Drive</addrLine>
                  <addrLine>Lewisburg, PA 17837</addrLine>
               </address>
            </pubPlace>
            <availability>
               <licence>Attribution-NonCommercial-ShareAlike 4.0 International</licence>
            </availability>
         </publicationStmt>
         <sourceDesc>
            <biblStruct>
               <monogr>
                  <title>Suzette: Livre de Lecture Courante à l’Usage des Jeunes Filles. Morale—Leçon de choses, Economie Domestique – Ménage – Cuisine – Couture</title>
                  <author>Robert Halt</author>
                  <textLang>French</textLang>
                  <imprint>
                     <date>1889</date>
                     <distributor>Libraire Classique Paul Delaplane</distributor>
                     <pubPlace>Paris, France</pubPlace>
                  </imprint>
               </monogr>
            </biblStruct>
         </sourceDesc>
      </fileDesc>
            <profileDesc>
         <langUsage>
            <language ident="fra">French</language>
            <language ident="eng">English</language>
         </langUsage>
      </profileDesc>
      <encodingDesc>
         <charDecl>
            <char>
               <charName xml:id="suzette">Suzette</charName>
            </char>
            <char>
               <charName xml:id="papa">Papa</charName>
            </char>
            <char>
               <charName xml:id="la_maman">La maman</charName>
            </char>
            <char>
               <charName xml:id="jacques">Jacques</charName>            
            </char>
            <char>
               <charName xml:id="francois">François</charName>
            </char>
            <char>
               <charName xml:id="charlot">Charlot</charName>
            </char>
            <char>
               <charName xml:id="mme_valon">Mme Valon</charName>
            </char>
            <char>
               <charName xml:id="m_valon">M. Valon</charName>
            </char>
            <char>
               <charName xml:id="mme_richard">Mme Richard</charName>
            </char>
            <char>
               <charName xml:id="louis">Louis</charName>
            </char>
            <char>
               <charName xml:id="pascal">Pascal</charName>
            </char>
            <char>
               <charName xml:id="marthe">Marthe</charName>
            </char>
            <char>
               <charName xml:id="sylvain">Sylvain</charName>
            </char> 
            <char>
               <charName xml:id="ludivine">Ludivine</charName>
            </char> 
            <char>
               <charName xml:id="m_lejoly">M. Lejoly</charName>
            </char>
            <char>
               <charName xml:id="l_apiculteur">L'apiculteur</charName>
            </char>
            <char>
               <charName xml:id="la_bohemienne">La bohémienne</charName>
            </char>
            <char>
               <charName  xml:id="m_cartier">M. Cartier</charName>
            </char>
            <char>
               <charName xml:id="les_dumay">La Famille Dumay</charName>
            </char>
         </charDecl>
         <classDecl>
            <taxonomy xml:id="classification">
               <category xml:id="morale">
                  <catDesc>Morale</catDesc>
                  <category xml:id="enfantFamille">
                     <catDesc>L'enfant dans la famille</catDesc>
                  </category>
                  <category xml:id="devoirsFreresSoeurs">
                     <catDesc>Devoirs des frères et sœurs</catDesc>
                  </category>
                  <category xml:id="devoirsServiteurs">
                     <catDesc>Devoirs envers les serviteurs</catDesc>
                  </category>
                  <category xml:id="enfantEcole">
                     <catDesc>L'enfant dans l'école</catDesc>
                  </category>
                  <category xml:id="patrie">
                     <catDesc>La patrie</catDesc>
                  </category>
                  <category xml:id="devoirsSoiMeme">
                     <catDesc>Devoirs envers soi-même</catDesc>
                  </category>
                  <category xml:id="biensExterieurs">
                     <catDesc>Les biens extérieurs</catDesc>
                  </category>
                  <category xml:id="ame">
                     <catDesc>L'âme</catDesc>
                  </category>
                  <category xml:id="devoirsSemblables">
                     <catDesc>Devoirs envers nos semblables</catDesc>
                  </category>
                  <category xml:id="devoirsDieu">
                     <catDesc>Devoirs envers Dieu</catDesc>
                  </category>
               </category>
               <category xml:id="instructionCivique">
                  <catDesc>Instruction civique</catDesc>
               </category>
               <category xml:id="civilite">
                  <catDesc>Civilité</catDesc>
               </category>
               <category xml:id="francais">
                  <catDesc>Français</catDesc>
               </category>
               <category xml:id="composition">
                  <catDesc>Composition</catDesc>
                  <!--In the book Composition is followed by an (1); should that be included?-->
                  <category xml:id="recits">
                     <catDesc>Récits</catDesc>
                  </category>
                  <category xml:id="recitsHistoriques">
                     <catDesc>Récits historiques</catDesc>
                  </category>
                  <category xml:id="descriptions">
                     <catDesc>Descriptions</catDesc>
                  </category>
                  <category xml:id="sujetsMoraux">
                     <catDesc>Sujets moraux ou d'imagination</catDesc>
                  </category>
                  <category xml:id="lettres">
                     <catDesc>Lettres</catDesc>
                  </category>
               </category>
               <category xml:id="histoire">
                  <catDesc>Histoire</catDesc>
                  <!--<category xml:id="histoireNaturelle">
                     <catDesc>Histoire naturelle</catDesc>
                  </category>
                  <category xml:id="histoireTravail">
                     <catDesc>Histoire du travail</catDesc>
                  </category>-->
               </category>
               <category xml:id="geographie">
                  <catDesc>Géographie</catDesc>
                  <category xml:id="europe">
                     <catDesc>Europe</catDesc>
                  </category>
                  <category xml:id="asie">
                     <catDesc>Asie</catDesc>
                  </category>
                  <category xml:id="afrique">
                     <catDesc>Afrique</catDesc>
                  </category>
                  <category xml:id="amerique">
                     <catDesc>Amérique</catDesc>
                  </category>
                  <category xml:id="oceanie">
                     <catDesc>Océanie</catDesc>
                  </category>
                  <category xml:id="france">
                     <catDesc>France</catDesc>
                  </category>
                <!--  <category xml:id="topographie">
                     <catDesc>Topographie</catDesc>
                  </category>-->
               </category>
               <category xml:id="scienceNat">
                  <catDesc>Science Naturelles</catDesc>
                  <!--<category xml:id="geologie">
                     <catDesc>Géologie</catDesc>
                  </category>-->
                     <category xml:id="mineraux">
                        <catDesc>Minéraux</catDesc>
                     </category>
                     <!--In the book Minéraux is followed by ",etc."; should that be included?-->
                  <!--<category xml:id="botanique">
                     <catDesc>Botanique</catDesc>-->
                     <category xml:id="vegetaux">
                        <catDesc>Végétaux</catDesc>
                        <!--All of the sub-categories following this are numbered; should that be included?-->
                        <category xml:id="arbreNoncultives">
                           <catDesc>Arbres non cultivés</catDesc>
                        </category>
                        <category xml:id="herbesPlantes">
                           <catDesc>Herbes ou plantes sauvages</catDesc>
                        </category>
                        <category xml:id="arbreCultives">
                           <catDesc>Arbres cultivés</catDesc>
                        </category>
                        <category xml:id="arbustes">
                           <catDesc>Arbustes cultivés</catDesc>
                        </category>
                        <category xml:id="cereales">
                           <catDesc>Céréales</catDesc>
                        </category>
                        <category xml:id="legumesRacines">
                           <catDesc>Légumes, racines, etc.</catDesc>
                        </category>
                        <category xml:id="divers1"><!-- Avoid tagging with Divers - if necessary, create another sub-category -->
                           <catDesc>Divers</catDesc>
                        </category> 
                     </category>
                     <!--<category xml:id="physiologieVegetale">
                        <catDesc>Physiologie végétale</catDesc>
                     </category>-->
                  <!--</category>-->
                 <!-- <category xml:id="zoologie">
                     <catDesc>Zoologie</catDesc>-->
                     <category xml:id="animaux">
                        <catDesc>Animaux</catDesc>
                        <!--All of the sub-categories following this are numbered; should that be included?-->
                        <category xml:id="homme">
                           <catDesc>l'Homme</catDesc>
                        </category> <!--Homme wouldn't go under zoologie.. could we seperate it or rename this category?-->
                        <category xml:id="animauxDomestiques">
                           <catDesc>Animaux domestiques</catDesc>
                        </category>
                        <category xml:id="animauxSauvages">
                           <catDesc>Animaux sauvages</catDesc>
                        </category>
                     </category>
                     <!--<category xml:id="physiologieAnimal">
                        <catDesc>Physiologie animaux</catDesc>
                     </category>-->
                  <!--</category>-->
                  <!--<category xml:id="agriculture">
                     <catDesc>Agriculture</catDesc>
                     <category xml:id="techniquesAgricoles">
                        <catDesc>Techniques agricoles</catDesc>
                     </category>
                     <category xml:id="produits">
                        <catDesc>Produits</catDesc>
                     </category>
                     <category xml:id="outilsMachines">
                        <catDesc>Outils et machines</catDesc>
                     </category>
                     <category xml:id="recolte">
                        <catDesc>Récolte</catDesc>
                     </category>
                     <category xml:id="elevageBetail">
                        <catDesc>Élevage de bétail</catDesc>
                     </category>
                     <category xml:id="terrainAgricole">
                        <catDesc>Terrain agricole</catDesc>
                     </category>
                     <category xml:id="apiculture">
                        <catDesc>Apiculture</catDesc>
                     </category>
                  </category>-->
               </category>
               <category xml:id="sciencesPhys">
                  <catDesc>Notions relatives aux sciences physiques</catDesc>
                  <!--<category xml:id="elements">
                     <catDesc>Éléments</catDesc>-\->
                     <category xml:id="feu">
                        <catDesc>Feu</catDesc>
                     </category>
                     <!-\-Could add categories for earth/wind/air-\->
                  </category>
                  <category xml:id="meterologie">
                     <catDesc>Métérologie</catDesc>-\->
                  </category>-->
                  <!--Category for night/day cycles, seasons?-->
               </category>
               <category xml:id="industrie">
                  <catDesc>Industrie</catDesc>
                  <category xml:id="matieresObjets">
                     <catDesc>Matières et objets fabriqués</catDesc>
                  </category>
                  <category xml:id="constructions">
                     <catDesc>Constructions</catDesc>
                  </category>
                  <category xml:id="machinesAppareils">
                     <catDesc>Machines, appareils, ustensiles, vases</catDesc>
                  </category>
                  <!--Can outils go under machinesAppareils-->
                  <category xml:id="outils">
                     <catDesc>Outils</catDesc>
                  </category>
                  <category xml:id="etoffesHabillement">
                     <catDesc>Étoffes, habillement</catDesc>
                  </category>
                  <category xml:id="divers2">
                     <catDesc>Divers</catDesc>
                  </category>
               </category>
               <category xml:id="economieDomestique">
                  <catDesc>Économie Domestique</catDesc>
                  <!--<category xml:id="tachesMenageres">
                     <catDesc>Tâches ménagères</catDesc>
                  </category>-->
                  <category xml:id="alimentsCuisine">
                     <catDesc>Aliments et cuisine</catDesc>
                  </category>
                  <category xml:id="vetements1">
                     <catDesc>Vêtements</catDesc>
                  </category>
                  <category xml:id="basse-cour">
                     <catDesc>Basse-cour</catDesc>
                  </category>
                  <!--Could basse-cour be combined with scienceNat/agriculture under elevageBetail?--> 
               </category>
               <category xml:id="hygiene">
                  <catDesc>Hygiène</catDesc>
                  <category xml:id="corpsHabitations">
                     <catDesc>Corps et habitations</catDesc>
                  </category>
                  <category xml:id="vetements2">
                     <catDesc>Vêtements</catDesc>
                  </category>
                  <category xml:id="aliments">
                     <catDesc>Aliments</catDesc>
                  </category>
                  <category xml:id="maladiesRemedes">
                     <catDesc>Maladies, etc. ; remèdes</catDesc>
                  </category>
               </category>
            </taxonomy>
         </classDecl>
      </encodingDesc>
      <profileDesc>
         <settingDesc>
            <listPlace>
               <place>
                  <placeName xml:id="l_amerique">l'Amérique</placeName>
               </place>
               <place>
                  <placeName xml:id="l_oceanien">l'Oceanian</placeName>
               </place>
               <place>
                  <placeName xml:id="l_europe">l'Europe</placeName>
               </place>
               <place>
                  <placeName xml:id="l_afrique">l'Afrique</placeName>
               </place>
               <place>
                  <placeName xml:id="l_australie">l'Australie</placeName>
               </place>
               <place>
                  <placeName xml:id="la_france">la France</placeName>
               </place>
               <place>
                  <placeName xml:id="la_chine">la Chine</placeName>
               </place>
               <place>
                  <placeName xml:id="etats_unis">les États-Unis</placeName>
               </place>
               <place>
                  <placeName xml:id="l_arabe">l'Arabe</placeName>
               </place>
               <place>
                  <placeName xml:id="la_canada">la Canada</placeName>
               </place>
               <place>
                  <placeName xml:id="fragicourt">Fragicourt</placeName>
               </place>
               <place>
                  <placeName xml:id="paris">Paris</placeName>
               </place>
               <place>
                  <placeName xml:id="bruxelles">Bruxelles</placeName>
               </place>
               <place>
                  <placeName xml:id="boston">Boston
                  </placeName>
               </place>
               <place> 
                  <placeName xml:id="l_avre">l'Avre
                     <geogFeat>River</geogFeat>
                  </placeName> 
               </place>
               <place>
                  <placeName xml:id="la_moye">la Moye
                     <geogFeat>River</geogFeat>
                  </placeName>
               </place>
            </listPlace>
         </settingDesc>
      </profileDesc>
   </teiHeader>
   <text>
      <body>
         <!-- n is for maitresse edition, corresp is for student edition -->
         
         <div type="chapter" n="5">
            <div xml:lang="fr">
               <div type="student">
                  
                  <pb type="page" n="15"/>
                  <head> 5. — Le bon chemin. (Élève, p. 13.) </head>
                  
                  <p> La classe s'acheva ; les enfants sortirent. Mme Valon arrêta Suzette, qui s'en allait aussi, mais lentement et l'œil songeur*<gloss> Œil songeur. Manière de regarder d'une personne préoccupée. </gloss> : </p>
                  <sp><speaker>Mme Valon</speaker><ab> — A quoi pensons-nous, Suzette ? </ab></sp>
                  <sp><speaker>Suzette</speaker><ab> — A cette femme des premiers temps, Madame. </ab></sp>
                  <sp><speaker>Mme Valon</speaker><ab> — Ah ! tu as compris : je savais bien que tu comprendrais. Viens ! </ab></sp>
                  <p> Elle la fit entrer dans la salle à manger. Qu'elle était propre, jolie et animée, cette salle à manger ! </p>
                  <p> Deux jolis bébés y jouaient sous les yeux souriants de leur grand’mère, Mme Liénard. Placés en ce moment devant la fenêtre encadrée de clématite, ils semblaient couronnés de feuillage, comme le petit enfant de la lecture. Le buffet, les chaises brillaient, le carreau était 
                     
                     <pb type="page" n="16"/>
                     <fw type="header"> 16 SUZETTE. </fw>
                     
                     rouge, éclatant de netteté*<gloss> Netteté. Qualité de ce qui est sans souillure. </gloss>. Une appétissante odeur de bonne cuisine sortait de droite. M. Valon, le mari, dont la classe venait aussi de finir, entra, sourit à la bonne grâce des choses et des gens réunis là. C'était certai- <lb/>
                     
                     <figure>
                        <caption> Les deux enfants de Mme Valon, sous les yeux souriants de leur grand'mère. </caption>
                     </figure>
                     
                     nement le sourire de l'homme des vieux temps à l'aspect de sa caverne fleurie ! </p>
                  <p> Suzette soupira. </p>
                  <sp><speaker>Mme Valon</speaker><ab> — Parle, mon enfant, </ab></sp> <stage> lui dit Mme Valon en l’emmenant dans sa chambre. </stage>
                  <sp><speaker>Suzette</speaker><ab> — Oh ! Madame... chez nous... tout traîne en désordre ; il n'y a que des toiles d'araignées et de la poussière... </ab></sp>
                  <sp><speaker>Mme Valon</speaker><ab> — Oui, chère enfant ; en passant hier, j'ai vu, par la fenêtre ouverte, de grandes bottes pleines de boue se prélassant*<gloss> Prélasser (se). Marcher avec un air de gravité orgueilleuse. </gloss> près de la soupière au milieu d'épluchures, d'escarbilles*<gloss> Escarbilles. Morceaux de charbon de terre de petite dimension. </gloss>, de brins de paille, sans compter des toiles d'araignées à prendre toutes les mouches du 
                     
                     <pb type="page" n="17"/>
                     <fw type="header"> LE BON CHEMIN. 17 </fw>
                     
                     pays. C'est un peu pour cela que j'ai fait tout à l'heure cette lecture ; je te savais des oreilles et du cœur. Je savais également, par ce qu'on m'en a dit, l'ordre, la propreté, la gentillesse de ta pauvre maman. </ab></sp>
                  <p> Suzette se mit à pleurer : </p>
                  <sp><speaker>Suzette</speaker><ab> — Oui, Madame, je me rappelle bien maman... Mais papa, par bonté, me trouvant encore trop jeune, ne veut pas que je me fatigue trop. Et voilà pourquoi, </ab></sp> <stage> — ajouta-t-elle en souriant à travers ses larmes, </stage> <sp><speaker>Suzette</speaker><ab> — voilà pourquoi je ne me fatigue pas du tout, laissant les épluchures à terre et les araignées au plafond. Il est plus commode de laisser aller les choses que de les gouverner*<gloss> Gouverner. Donner la direction. </gloss>. Mais certainement, Madame, je vais me mettre au ménage, car j'ai bien compris que c'est à moi à embellir notre maison, à la rendre riante, agréable, comme faisait la femme de la caverne, et comme faisait ma mère. </ab></sp>
                  <p> Elle disait si juste, la petite Suzette ; son visage exprimait une si bonne, si tendre résolution*<gloss> Résolution. Disposition à faire une chose malgré les obstacles. </gloss> que Mme Valon l'embrassa pour toute réponse. </p>
                  <p> Heureux les bons petits esprits qui ont du cœur ! heureuse la famille où ils sont nés ! </p>
                  
                  <div type="questionnaire">
                     <ab>
                        <hi rend="bold"> Questionnaire. </hi> — Comment Suzette quittait-elle l'école ? — Que lui demanda Mme Valon ; que répondit l'enfant ? — Que voyait-on dans la salle à manger ? — Quelle odeur la parfumait ? — Pourquoi M. Valon souriait-il en entrant dans cette pièce ? — Pourquoi Su-
                        <cb/>
                        zette soupirait-elle ? — Quelle remarque lui dit doucement madame l'institutrice ? — Pourquoi cette dernière avait-elle choisi le sujet de la lecture ? — Que lui répondit la petite fille ? — Quelle bonne résolution prit Suzette ? — Quels esprits, quelle famille sont heureux ?
                     </ab>
                  </div>
               </div>
               
               <div type="teacher">
                  <div type="exercice">
                     <head type="exercice"> DÉVELOPPEMENT DES SUJETS PROPOSÉS POUR EXERCICES. </head>
                     
                     <div type="sciencesNat">
                        <head type="sujets"> Sciences naturelles. </head> 
                        
                        <ab type="question"> — Que vous a-t-on raconté des loups ? — Savez-vous une fable où il est parlé de cet animal ? — Que vous rappelez-vous des ours, des chacals, des lynx ? </ab> 
                        <note type="editorial"> PLACEHOLDER FOR REFERENCE TO CHAPTER 4 </note>
                        
                        <ab type="answer"> <!--<seg corresp="#animauxSauvages">LES LOUPS</seg>-->.  — Parmi les animaux carnassiers de nos régions, le loup est le plus redoutable. De tout temps, il a été le fléau des campagnes et la terreur des bergers ; il ressemble au chien, mais sa constitution est plus vigoureuse ; il peut, dit-on, parcourir jusqu'à 160 kilomètres dans une nuit. Lorsqu'il est tourmenté par la faim, il sort, dès le crépuscule, des bois où il s'est réfugié pendant le jour, puis se met à rôder autour des habitations ; il pénètre même dans les villages et s'efforce de briser les clôtures des bergeries. Quand la chasse de la nuit a été infructueuse, il se jette en plein jour sur les troupeaux, et se défend avec rage contre les hommes et les chiens qui ont le courage de le poursuivre. <lb/>
                           Dans les contrées septentrionales, alors que des neiges abondantes
                           
                           <pb type="page" n="18"/>
                           <fw type="header"> 18 SUZETTE. </fw>
                           
                           couvrent le sol, les loups affamés se réunissent par bandes, et malheur aux créatures humaines qu'ils rencontrent ! Parfois ils s'acharnent à la poursuite des traîneaux, et si les chevaux, excédés de fatigue, viennent à s'abattre, les loups se jettent sur eux et les mettent en pièces comme les malheureux voyageurs. <lb/>
                           Ce terrible animal n'est cependant pas insensible aux bons traitements. On a connu des loups qui, élevés dans les habitations, se sont montrés aussi doux, aussi caressants et aussi fidèles que des chiens. <lb/>
                           <seg corresp="#animauxSauvages">L’ours</seg> est un quadrupède carnassier très velu, de haute taille, à pattes larges et munies d'ongles recourbés ; sa force est très grande et il montre beaucoup d'intelligence. Il se nourrit, de préférence, avec des racines et des fruits, et l'on a remarqué qu'il recherche le miel. On ne le trouve plus en France que dans les Alpes et les Pyrénées. L'ours blanc des régions glaciales est connu pour sa vigueur et sa férocité. <lb/>
                           <seg corresp="#animauxSauvages">Les chacals</seg>, qu'on rencontre seulement dans le nord de l'Afrique, la Syrie et l'Asie centrale, sont des animaux au poil fauve et de la taille d'un chien ordinaire. Ils rôdent la nuit autour des lieux habités et font leur nourriture des cadavres abandonnés ou des débris de cuisine. <lb/>
                           <seg corresp="#animauxSauvages">Le lynx</seg> est un gros chat sauvage remarquable par le pinceau de poils qui termine ses oreilles ; il a un pelage roux tacheté de brun. On le trouve encore dans les Pyrénées, dans l'Italie méridionale, en Afrique. Il se réfugie sur les arbres les plus élevés et il commet des dégâts considérables parmi les troupeaux et le gibier des campagnes. On dit que le lynx a la vue extrêmement perçante. </ab>
                     </div>
                     
                     <div type="composition">
                        <head type="sujets"> Composition. </head> 
                        
                        <ab type="question"> — Décrire la chambre où vous couchez, en prenant pour modèle la description de la salle à manger de Mme Valon. </ab> 
                        
                        <ab type="answer"> <note type="reference"> (Voir, page 223, la Partie du Maître du COURS DE COMPOSITION FRANÇAISE (degré élémentaire et moyen), par E. LAPORTE.) </note> </ab> <!--Look for a reference source tag-->
                     </div>
                     
                     <div type="EconDom">
                        <head type="sujets"> Économie domestique. </head> 
                        
                        <ab type="question"> — Comment, faut-il tenir une chambre, et notamment une cuisine ? (Entrer dans quelques détails.) — Quel aspect présente une pièce mal tenue ? </ab>
                        
                        <ab type="answer"> Dans quelque situation qu'on se trouve et quelle que soit la profession qu'on exerce, on peut toujours tenir avec ordre et propreté les chambres où l'on habite. Chaque matin, avant de commencer son travail professionnel, on procède à un nettoyage général ; on dispose ensuite les feux et l'on range les meubles et les sièges à leur place habituelle dans toutes les pièces. <lb/>
                           La tenue de la <!--<seg corresp="#economieDomestique">-->cuisine<!--</seg>--> exige des soins particuliers afin que rien ne puisse souiller les mets qu'on y prépare. La maîtresse de maison ou la bonne devra nettoyer chaque jour les fourneaux et les frotter à la mine de plomb. La vaisselle, les ustensiles, lavés à l'eau tiède et essuyés, auront une place particulière à l'abri de la poussière et à portée de la main. Les débris des aliments et des légumes séjourneront le moins possible dans cette pièce en raison de l'odeur désagréable qui s'en dégage. L'intérieur des placards et des meubles sera, au moins chaque semaine, épousseté et lavé ; en les frottera extérieurement, en même temps que les bancs, les planches et les sièges, de façon qu'ils présentent ce brillant, cette netteté qui charment le regard. Enfin, on dissimulera les linges et éponges en usage pour la vaisselle et l'évier. <lb/>
                           Une <!--<seg corresp="#economieDomestique">-->pièce mal tenue<!--</seg>--> présente un spectacle révoltant et exhale une odeur nauséabonde. Qui n'a vu, dans les villes, les chambres d'ouvriers négligents et, dans les campagnes, celles des ménagères paresseuses ? Murs, carrelage ou parquet, boiseries, sont souillés de taches noirâtres et graisseuses ; une crasse immonde salit les vitres que voilent des
                           
                           <pb type="page" n="19"/>
                           <fw type="header"> MONSIEUR FRANÇOIS EST UN HOMME!	19 </fw>
                           
                           toiles d'araignées ; le foyer présente un amas de cendres et de débris entouré de vases ébréchés et malpropres. Tables, chaises, meubles couverts de poussière ne montrent aucune symétrie dans leur disposition : tels on les a laissés la veille, tels on les retrouve le lendemain. Et l'intérieur des placards, des tiroirs, des armoires ? quel désordre, quelle odeur fétide frappent les regards et l'odorat ! <lb/>
                           Disons-le bien haut : une telle habitation n'est pas digne d'êtres civilisés ni de gens qui se respectent. </ab>
                        
                     </div>
                  </div>
               </div>
            </div>
         </div>
      </body>
   </text>
</TEI>
