<?xml version="1.0" encoding="UTF-8"?>
<?xml-model href="http://www.tei-c.org/release/xml/tei/custom/schema/relaxng/tei_all.rng" type="application/xml" schematypens="http://relaxng.org/ns/structure/1.0"?>
<?xml-model href="http://www.tei-c.org/release/xml/tei/custom/schema/relaxng/tei_all.rng" type="application/xml"
	schematypens="http://purl.oclc.org/dsdl/schematron"?>
<TEI xmlns="http://www.tei-c.org/ns/1.0">
   <teiHeader>
      <fileDesc>
         <titleStmt>
            <title type="main">Suzette: a Digital Edition - Chapter 9</title>
            <respStmt>
               <persName>John Westbrook</persName>
               <orgName>Bucknell University</orgName>
               <resp>Editor</resp>
            </respStmt>
            <respStmt>
               <persName>Annie Girton</persName>
               <orgName>Bucknell University</orgName>
               <resp>Research Assistant and Encoder</resp>
            </respStmt>
            <respStmt>
               <persName xml:id="JAKA1">Diane Jakacki</persName>
               <orgName>Bucknell University</orgName>
               <resp>Project Manager</resp>               
            </respStmt>
         </titleStmt>
         <publicationStmt>
            <distributor>Bucknell University</distributor>
            <pubPlace>
               <address>
                  <addrLine>One Dent Drive</addrLine>
                  <addrLine>Lewisburg, PA 17837</addrLine>
               </address>
            </pubPlace>
            <availability>
               <licence>Attribution-NonCommercial-ShareAlike 4.0 International</licence>
            </availability>
         </publicationStmt>
         <sourceDesc>
            <biblStruct>
               <monogr>
                  <title>Suzette: Livre de Lecture Courante à l’Usage des Jeunes Filles. Morale—Leçon de choses, Economie Domestique – Ménage – Cuisine – Couture</title>
                  <author>Robert Halt</author>
                  <textLang>French</textLang>
                  <imprint>
                     <date>1889</date>
                     <distributor>Libraire Classique Paul Delaplane</distributor>
                     <pubPlace>Paris, France</pubPlace>
                  </imprint>
               </monogr>
            </biblStruct>
         </sourceDesc>
      </fileDesc>
          <profileDesc>
         <langUsage>
            <language ident="fra">French</language>
            <language ident="eng">English</language>
         </langUsage>
      </profileDesc>
      <encodingDesc>
         <charDecl>
            <char>
               <charName xml:id="suzette">Suzette</charName>
            </char>
            <char>
               <charName xml:id="papa">Papa</charName>
            </char>
            <char>
               <charName xml:id="la_maman">La maman</charName>
            </char>
            <char>
               <charName xml:id="jacques">Jacques</charName>            
            </char>
            <char>
               <charName xml:id="francois">François</charName>
            </char>
            <char>
               <charName xml:id="charlot">Charlot</charName>
            </char>
            <char>
               <charName xml:id="mme_valon">Mme Valon</charName>
            </char>
            <char>
               <charName xml:id="m_valon">M. Valon</charName>
            </char>
            <char>
               <charName xml:id="mme_richard">Mme Richard</charName>
            </char>
            <char>
               <charName xml:id="louis">Louis</charName>
            </char>
            <char>
               <charName xml:id="pascal">Pascal</charName>
            </char>
            <char>
               <charName xml:id="marthe">Marthe</charName>
            </char>
            <char>
               <charName xml:id="sylvain">Sylvain</charName>
            </char> 
            <char>
               <charName xml:id="ludivine">Ludivine</charName>
            </char> 
            <char>
               <charName xml:id="m_lejoly">M. Lejoly</charName>
            </char>
            <char>
               <charName xml:id="l_apiculteur">L'apiculteur</charName>
            </char>
            <char>
               <charName xml:id="la_bohemienne">La bohémienne</charName>
            </char>
            <char>
               <charName  xml:id="m_cartier">M. Cartier</charName>
            </char>
            <char>
               <charName xml:id="les_dumay">La Famille Dumay</charName>
            </char>
         </charDecl>
         <classDecl>
            <taxonomy xml:id="classification">
               <category xml:id="morale">
                  <catDesc>Morale</catDesc>
                  <category xml:id="enfantFamille">
                     <catDesc>L'enfant dans la famille</catDesc>
                  </category>
                  <category xml:id="devoirsFreresSoeurs">
                     <catDesc>Devoirs des frères et sœurs</catDesc>
                  </category>
                  <category xml:id="devoirsServiteurs">
                     <catDesc>Devoirs envers les serviteurs</catDesc>
                  </category>
                  <category xml:id="enfantEcole">
                     <catDesc>L'enfant dans l'école</catDesc>
                  </category>
                  <category xml:id="patrie">
                     <catDesc>La patrie</catDesc>
                  </category>
                  <category xml:id="devoirsSoiMeme">
                     <catDesc>Devoirs envers soi-même</catDesc>
                  </category>
                  <category xml:id="biensExterieurs">
                     <catDesc>Les biens extérieurs</catDesc>
                  </category>
                  <category xml:id="ame">
                     <catDesc>L'âme</catDesc>
                  </category>
                  <category xml:id="devoirsSemblables">
                     <catDesc>Devoirs envers nos semblables</catDesc>
                  </category>
                  <category xml:id="devoirsDieu">
                     <catDesc>Devoirs envers Dieu</catDesc>
                  </category>
               </category>
               <category xml:id="instructionCivique">
                  <catDesc>Instruction civique</catDesc>
               </category>
               <category xml:id="civilite">
                  <catDesc>Civilité</catDesc>
               </category>
               <category xml:id="francais">
                  <catDesc>Français</catDesc>
               </category>
               <category xml:id="composition">
                  <catDesc>Composition</catDesc>
                  <!--In the book Composition is followed by an (1); should that be included?-->
                  <category xml:id="recits">
                     <catDesc>Récits</catDesc>
                  </category>
                  <category xml:id="recitsHistoriques">
                     <catDesc>Récits historiques</catDesc>
                  </category>
                  <category xml:id="descriptions">
                     <catDesc>Descriptions</catDesc>
                  </category>
                  <category xml:id="sujetsMoraux">
                     <catDesc>Sujets moraux ou d'imagination</catDesc>
                  </category>
                  <category xml:id="lettres">
                     <catDesc>Lettres</catDesc>
                  </category>
               </category>
               <category xml:id="histoire">
                  <catDesc>Histoire</catDesc>
                  <!--<category xml:id="histoireNaturelle">
                     <catDesc>Histoire naturelle</catDesc>
                  </category>
                  <category xml:id="histoireTravail">
                     <catDesc>Histoire du travail</catDesc>
                  </category>-->
               </category>
               <category xml:id="geographie">
                  <catDesc>Géographie</catDesc>
                  <category xml:id="europe">
                     <catDesc>Europe</catDesc>
                  </category>
                  <category xml:id="asie">
                     <catDesc>Asie</catDesc>
                  </category>
                  <category xml:id="afrique">
                     <catDesc>Afrique</catDesc>
                  </category>
                  <category xml:id="amerique">
                     <catDesc>Amérique</catDesc>
                  </category>
                  <category xml:id="oceanie">
                     <catDesc>Océanie</catDesc>
                  </category>
                  <category xml:id="france">
                     <catDesc>France</catDesc>
                  </category>
                <!--  <category xml:id="topographie">
                     <catDesc>Topographie</catDesc>
                  </category>-->
               </category>
               <category xml:id="scienceNat">
                  <catDesc>Science Naturelles</catDesc>
                  <!--<category xml:id="geologie">
                     <catDesc>Géologie</catDesc>
                  </category>-->
                     <category xml:id="mineraux">
                        <catDesc>Minéraux</catDesc>
                     </category>
                     <!--In the book Minéraux is followed by ",etc."; should that be included?-->
                  <!--<category xml:id="botanique">
                     <catDesc>Botanique</catDesc>-->
                     <category xml:id="vegetaux">
                        <catDesc>Végétaux</catDesc>
                        <!--All of the sub-categories following this are numbered; should that be included?-->
                        <category xml:id="arbreNoncultives">
                           <catDesc>Arbres non cultivés</catDesc>
                        </category>
                        <category xml:id="herbesPlantes">
                           <catDesc>Herbes ou plantes sauvages</catDesc>
                        </category>
                        <category xml:id="arbreCultives">
                           <catDesc>Arbres cultivés</catDesc>
                        </category>
                        <category xml:id="arbustes">
                           <catDesc>Arbustes cultivés</catDesc>
                        </category>
                        <category xml:id="cereales">
                           <catDesc>Céréales</catDesc>
                        </category>
                        <category xml:id="legumesRacines">
                           <catDesc>Légumes, racines, etc.</catDesc>
                        </category>
                        <category xml:id="divers1"><!-- Avoid tagging with Divers - if necessary, create another sub-category -->
                           <catDesc>Divers</catDesc>
                        </category> 
                     </category>
                     <!--<category xml:id="physiologieVegetale">
                        <catDesc>Physiologie végétale</catDesc>
                     </category>-->
                  <!--</category>-->
                 <!-- <category xml:id="zoologie">
                     <catDesc>Zoologie</catDesc>-->
                     <category xml:id="animaux">
                        <catDesc>Animaux</catDesc>
                        <!--All of the sub-categories following this are numbered; should that be included?-->
                        <category xml:id="homme">
                           <catDesc>l'Homme</catDesc>
                        </category> <!--Homme wouldn't go under zoologie.. could we seperate it or rename this category?-->
                        <category xml:id="animauxDomestiques">
                           <catDesc>Animaux domestiques</catDesc>
                        </category>
                        <category xml:id="animauxSauvages">
                           <catDesc>Animaux sauvages</catDesc>
                        </category>
                     </category>
                     <!--<category xml:id="physiologieAnimal">
                        <catDesc>Physiologie animaux</catDesc>
                     </category>-->
                  <!--</category>-->
                  <!--<category xml:id="agriculture">
                     <catDesc>Agriculture</catDesc>
                     <category xml:id="techniquesAgricoles">
                        <catDesc>Techniques agricoles</catDesc>
                     </category>
                     <category xml:id="produits">
                        <catDesc>Produits</catDesc>
                     </category>
                     <category xml:id="outilsMachines">
                        <catDesc>Outils et machines</catDesc>
                     </category>
                     <category xml:id="recolte">
                        <catDesc>Récolte</catDesc>
                     </category>
                     <category xml:id="elevageBetail">
                        <catDesc>Élevage de bétail</catDesc>
                     </category>
                     <category xml:id="terrainAgricole">
                        <catDesc>Terrain agricole</catDesc>
                     </category>
                     <category xml:id="apiculture">
                        <catDesc>Apiculture</catDesc>
                     </category>
                  </category>-->
               </category>
               <category xml:id="sciencesPhys">
                  <catDesc>Notions relatives aux sciences physiques</catDesc>
                  <!--<category xml:id="elements">
                     <catDesc>Éléments</catDesc>-\->
                     <category xml:id="feu">
                        <catDesc>Feu</catDesc>
                     </category>
                     <!-\-Could add categories for earth/wind/air-\->
                  </category>
                  <category xml:id="meterologie">
                     <catDesc>Métérologie</catDesc>-\->
                  </category>-->
                  <!--Category for night/day cycles, seasons?-->
               </category>
               <category xml:id="industrie">
                  <catDesc>Industrie</catDesc>
                  <category xml:id="matieresObjets">
                     <catDesc>Matières et objets fabriqués</catDesc>
                  </category>
                  <category xml:id="constructions">
                     <catDesc>Constructions</catDesc>
                  </category>
                  <category xml:id="machinesAppareils">
                     <catDesc>Machines, appareils, ustensiles, vases</catDesc>
                  </category>
                  <!--Can outils go under machinesAppareils-->
                  <category xml:id="outils">
                     <catDesc>Outils</catDesc>
                  </category>
                  <category xml:id="etoffesHabillement">
                     <catDesc>Étoffes, habillement</catDesc>
                  </category>
                  <category xml:id="divers2">
                     <catDesc>Divers</catDesc>
                  </category>
               </category>
               <category xml:id="economieDomestique">
                  <catDesc>Économie Domestique</catDesc>
                  <!--<category xml:id="tachesMenageres">
                     <catDesc>Tâches ménagères</catDesc>
                  </category>-->
                  <category xml:id="alimentsCuisine">
                     <catDesc>Aliments et cuisine</catDesc>
                  </category>
                  <category xml:id="vetements1">
                     <catDesc>Vêtements</catDesc>
                  </category>
                  <category xml:id="basse-cour">
                     <catDesc>Basse-cour</catDesc>
                  </category>
                  <!--Could basse-cour be combined with scienceNat/agriculture under elevageBetail?--> 
               </category>
               <category xml:id="hygiene">
                  <catDesc>Hygiène</catDesc>
                  <category xml:id="corpsHabitations">
                     <catDesc>Corps et habitations</catDesc>
                  </category>
                  <category xml:id="vetements2">
                     <catDesc>Vêtements</catDesc>
                  </category>
                  <category xml:id="aliments">
                     <catDesc>Aliments</catDesc>
                  </category>
                  <category xml:id="maladiesRemedes">
                     <catDesc>Maladies, etc. ; remèdes</catDesc>
                  </category>
               </category>
            </taxonomy>
         </classDecl>
      </encodingDesc>
      <profileDesc>
         <settingDesc>
            <listPlace>
               <place>
                  <placeName xml:id="l_amerique">l'Amérique</placeName>
               </place>
               <place>
                  <placeName xml:id="l_oceanien">l'Oceanian</placeName>
               </place>
               <place>
                  <placeName xml:id="l_europe">l'Europe</placeName>
               </place>
               <place>
                  <placeName xml:id="l_afrique">l'Afrique</placeName>
               </place>
               <place>
                  <placeName xml:id="l_australie">l'Australie</placeName>
               </place>
               <place>
                  <placeName xml:id="la_france">la France</placeName>
               </place>
               <place>
                  <placeName xml:id="la_chine">la Chine</placeName>
               </place>
               <place>
                  <placeName xml:id="etats_unis">les États-Unis</placeName>
               </place>
               <place>
                  <placeName xml:id="l_arabe">l'Arabe</placeName>
               </place>
               <place>
                  <placeName xml:id="la_canada">la Canada</placeName>
               </place>
               <place>
                  <placeName xml:id="fragicourt">Fragicourt</placeName>
               </place>
               <place>
                  <placeName xml:id="paris">Paris</placeName>
               </place>
               <place>
                  <placeName xml:id="bruxelles">Bruxelles</placeName>
               </place>
               <place>
                  <placeName xml:id="boston">Boston
                  </placeName>
               </place>
               <place> 
                  <placeName xml:id="l_avre">l'Avre
                     <geogFeat>River</geogFeat>
                  </placeName> 
               </place>
               <place>
                  <placeName xml:id="la_moye">la Moye
                     <geogFeat>River</geogFeat>
                  </placeName>
               </place>
            </listPlace>
         </settingDesc>
      </profileDesc>
   </teiHeader>
   <text>
      <body>
         <!-- n is for maitresse edition, corresp is for student edition -->
         
         <div type="chapter" n="9">
            <div xml:lang="fr">
               <div type="student">
                  
                  <pb type="page" n="29"/>
                  <head> 9. — La clef du trésor. (Élève, p. 22.) </head>
                  
                  <p> Suzette avait maintenant douze ans, et c'était pour elle la fin des classes qui arrive toujours un peu trop vite. </p>
                  
                  <fw type="sig"> 2. </fw> 
                  
                  <pb type="page" n="30"/>
                  <fw type="header"> 30 SUZETTE. </fw>
                  
                  <p> A ces douze ans-là s'ajoutaient un teint clair, des dents blanches et propres, une souple et longue chevelure ornant un visage à l'air ouvert et avenant. Le jour de son anniversaire*<gloss> Anniversaire. Époque ou cérémonie que ramène le souvenir d'un événement arrivé à pareil jour. </gloss> tombait juste la veille des vacances. </p>
                  <p> Comme les élèves, assez pressées de les commencer, se levaient, sans attendre le coup de l'horloge, Mme Valon les fit rasseoir. </p>
                  
                  <figure> 
                     <caption> <hi rend="italic">L'art du livre.</hi><lb/>
                        Les caractères d'imprimerie sont de petites tiges de métal qui portent en relief à l'une de leurs extrémités une lettre de l'alphabet. L’ouvrier appelé <term>compositeur</term> forme, avec ces lettres, des mots, puis des lignes, enfin une page. La page composée et corrigée est placée sous une machine appelée <term>presse</term> ; un rouleau imbibé d'encre d'imprimerie recouvre de noir les caractères ; on place ensuite sur ces caractères une feuille de papier sur laquelle on opère une pression, de façon que les lettres mouillées d'encre s'impriment en noir sur le papier. </caption>
                  </figure>
                  
                  <sp><speaker>Mme Valon</speaker><ab> — Encore un moment, </ab></sp> <stage> dit-elle ; </stage> <sp><speaker>Mme Valon</speaker><ab> plusieurs d'entre vous ne me reviendront plus : je dois leur adresser une question. Elles s'en vont sachant au moins lire ; mais savent-elles pourquoi l'école leur a appris à lire ? </ab></sp>
                  <p> La plupart des nez se levèrent vers le plafond comme si la réponse eût dû s'y trouver, et Mme Valon répéta sa demande. </p>
                  <sp><speaker>Mme Valon</speaker><ab> — Eh bien ! </ab></sp> <stage> reprit-elle, après un nouveau silence, </stage> <sp><speaker>Mme Valon</speaker><ab> on vous a appris à lire, tout simplement pour que vous lisiez ! </ab></sp>
                  
                  <pb type="page" n="31"/>
                  <fw type="header"> LA CLEF DU TRÉSOR. 31 </fw>
                  
                  <p> Les demoiselles de douze ans, et les autres plus jeunes, se mirent à rire. </p>
                  <sp><speaker>Mme Valon</speaker><ab> — Oui, </ab></sp> <stage> reprit Mme Valon, </stage> <sp><speaker>Mme Valon</speaker><ab> vous emportez d'ici la lecture, clef d'un vaste trésor qui est le savoir. Beaucoup de celles qui vous ont précédées sur ces bancs ont oublié cette clef au fond de leur poche et sont retournées aussitôt à la pauvreté, à la stérilité d'esprit*<gloss> Stérilité d'esprit. Etat d'une personne incapable de tirer parti de ce qu’elle sait. </gloss> d'où l'école avait voulu les tirer. Voyons, Jeanne, et toi, Madeleine, et toi, Suzette, vous me comprenez ? </ab></sp>
                  <sp><speaker>Jeanne/Madeleine/Suzette</speaker><ab> — Oui, Madame. </ab></sp>
                  <sp><speaker>Mme Valon</speaker><ab> — Eh bien ! que ferez-vous de la clef ? </ab></sp>
                  <sp><speaker>Suzette</speaker><ab> — Nous ouvririons le trésor, </ab></sp> <stage> répondit Suzette, </stage> <sp><speaker>Suzette</speaker><ab> si nous avions des livres. </ab></sp>
                  <sp><speaker>Mme Valon</speaker><ab> — A la bonne heure ! </ab></sp> 
                  <sp><speaker>Suzette</speaker><ab> — Mais nous n'en avons pas. </ab></sp>
                  <sp><speaker>Mme Valon</speaker><ab> — Vraiment! pas un seul chez aucune de vous ? </ab></sp>
                  <sp><speaker>Madeleine</speaker><ab> — Moi, </ab></sp> <stage> dit Madeleine, </stage> <sp><speaker>Madeleine</speaker><ab> j'en ai un : l'almanach*<gloss> Almanach. Petit livre ou calendrier qui contient la liste des jours de l'année avec des prédictions relatives au temps. </gloss> de Mathieu Lænsberg. </ab></sp>
                  <sp><speaker>Jeanne</speaker><ab> — Moi, </ab></sp> <stage> s'écria Jeanne, </stage> <sp><speaker>Jeanne</speaker><ab> j'en ai trois. </ab></sp>
                  <sp><speaker>Suzette</speaker><ab> — Moi, quatre, </ab></sp> <stage> dit Suzette. </stage>
                  <sp><speaker>Mme Valon</speaker><ab> — En y comprenant l’almanach, </ab></sp> <stage> reprit en souriant Mme Valon, </stage> <sp><speaker>Mme Valon</speaker><ab> cela fait déjà huit. Et vous autres ? </ab></sp>
                  <p> Chacune dit son chiffre, et l'addition donna soixante-trois livres. </p>
                  <sp><speaker>Mme Valon</speaker><ab> — Vous me les apporterez ; j'en ferai un choix ; avec une quarantaine d'ouvrages de ma bibliothèque*<gloss> Bibliothèque. Lieu ou meuble dans lequel on réunit beaucoup de livres. </gloss> que j'ajouterai, voilà le trésor commun à vous toutes ; vous y puiserez librement et nous l'accroîtrons avec un peu de bonne volonté. Ce sera le commencement de la bibliothèque scolaire du village. J'attends vos livres demain... Et maintenant, séparons-nous sans adieu. Vous, grandes filles, qui quittez l'école, n'oubliez pas qu'avec cette bibliothèque, vous avez encore ici une amie. </ab></sp>
                  <p> Spontanément les grandes filles se levèrent de leurs bancs, et entourèrent Mme Valon. Les petites, celles qui devaient revenir dans six semaines, firent de même. On embrassa l'institutrice, car on l'aimait. </p>
                  <sp><speaker>Mme Valon</speaker><ab> — Allons, hop ! en vacances ! </ab></sp> <stage> dit-elle avec un sourire ému. </stage>
                  <p> Ce fut une envolée d'oiseaux à qui l'on ouvre la cage. </p>
                  
                  <pb type="page" n="32"/>
                  <fw type="header"> 32 SUZETTE. </fw>
                  
                  <p> Suzette, qui avait le cœur tendre et réfléchi*<gloss> Réfléchi. Le contraire d'étourdi. </gloss>, dit adieu d'un mélancolique regard à ces murs, à son banc, aux six années de sa jeune vie déjà passées là. </p>
                  
                  <div type="questionnaire">
                     <ab>
                        <hi rend="bold"> Questionnaire. </hi> — Faites le portrait de Suzette à douze ans. — Qu'entendez-vous par anniversaire, par vacances ? — Quelle question adressa Mme Valon à ses élèves sur l'utilité de la lecture ? — Pourquoi tant d'élèves oublient-elles ce qu'elles ont appris à l'école ? — A quelle condition peut-on lire ? — Que proposa madame l'institu-
                        <cb/>
                        trice pour former une bibliothèque scolaire ? — Quels avantages présente une bibliothèque scolaire ? — Quel mot affectueux dit Mme Valon aux enfants ? — Comment celles-ci prirent-elles congé d'elle ? — Pourquoi aimaient-elles Mme Valon ? — Quelle pensée attristait Suzette en reprenant le chemin de la maison ?
                     </ab>
                  </div>
               </div>
               
               <div type="teacher">
                  <div type="exercice">
                     <head type="exercice"> DÉVELOPPEMENT DES SUJETS PROPOSÉS POUR EXERCICES. </head>
                     
                     <div type="morale">
                        <head type="sujets"> Morale. </head> 
                        
                        <ab type="question"> — Pourquoi voit-on avec plaisir arriver les vacances ? — A qui pensez-vous avec reconnaissance à la fin de l'année scolaire, et pour quelle raison ? — Comment doit-on employer les vacances ? </ab>
                        
                        <ab type="answer"> Les élèves voient arriver avec plaisir l'époque des vacances, parce qu'elles sont fatiguées des études et des travaux de l'année scolaire ; rien d'ailleurs n'est plus agréable que de se reposer lorsque, pendant de longs mois, on s'est montrée laborieuse et appliquée. C'est pour elles un bonheur de rester tout le jour à la maison paternelle ou à la campagne, au moment de la récolte des fruits et des vendanges. A la ville, elles ont la perspective de promenades dans les jardins publics, dans les musées et dans les beaux édifices qui ornent les grands centres de population. <lb/>
                           Au moment de prendre congé de la classe, à la fin de l'année scolaire, les élèves pensent avec reconnaissance aux sacrifices de leurs parents, qui ne ménagent rien pour que livres, cahiers, plumes ne fassent pas défaut, et qui sont frappés par l'État de lourds impôts à l'occasion de la bonne installation des écoles et du traitement du personnel enseignant. Elles se rappellent encore avec attendrissement les soins dévoués de madame l'institutrice, ses fatigues, ses préoccupations, et la tendre sollicitude dont elle entoure chacune d'entre elles. <lb/>
                           Une jeune fille raisonnable emploiera ses vacances à seconder sa mère dans les travaux du ménage, à lire de bons livres, à revoir le texte de quelques leçons importantes, et enfin à jouer avec ses compagnes dans le lieu et pendant le temps que ses parents fixeront. </ab>
                     </div>
                     
                     <div type="composition">
                        <head type="sujets"> Composition. </head> 
                        <!--<seg corresp="#sujetsMoraux">— LES LIVRES.</seg>-->
                        
                        <ab type="question"> — Ce qu'ils sont ; — ce que nous y apprenons. — Donnez le résumé d'un livre (non classique) que vous avez lu. — Quels livres aimeriez-vous posséder ? — Pourquoi ? </ab>
                        
                        <ab type="answer"> Les livres nous font connaître ce que savent et ce que pensent les hommes les meilleurs ou les plus instruits  ; le fruit des études d'une vie entière s'y peut recueillir en quelques heures. Ils sont à l'âme ce que les aliments sont au corps. <lb/>
                           Un auteur célèbre, Pétrarque, parlait ainsi des livres : « Ce sont des amis dont la société m'est fort agréable, des amis de tous les pays et de tous les temps. Les uns me racontent les événements des siècles passés ; d'autres me révèlent les secrets de la nature. Celui-ci m'enseigne le moyen de bien vivre et de bien mourir ; celui-là dissipe mes soucis par son enjouement ; il en est qui m'apprennent à maîtriser mes désirs, à me supporter moi-même ; enfin, ils me conduisent sur la route de la science et satisfont à tous les besoins de mon esprit. » <lb/>
                           <note type="reference">(Donner ici le résumé d'un livre qu'on aura lu. Voir, page 407, le COURS DE COMPOSITION (degré supérieur, Maître), par E. LAPORTE.) </note> </ab>
                     </div>
                     
                     <pb type="page" n="33"/>
                     <fw type="header"> GROSSE AFFAIRE. 33 </fw>
                     
                     <div type="industrie">
                        <head type="sujets"> Industrie. </head>
                        
                        <ab type="question"> — Comment compose-t-on, imprime-t-on les livres ? — Qui a découvert l'imprimerie ? Donnez quelques détails, — Pourquoi les livres coûtent-ils moins que les manuscrits ? — Qu'est-ce qu'un livre in-folio, in-quarto, in-octavo, in-douze, in-dix-huit ? </ab>
                        
                        <ab type="answer"> Avant le quinzième siècle, on n'avait que des livres écrits à la main (les manuscrits), ce qui les rendait à la fois rares et coûteux ; seuls, les riches pouvaient s'en procurer. Grâce à l'imprimerie, il s'en trouve aujourd'hui dans toutes les mains, et l'on en a composé sur tous les objets des connaissances humaines. <lb/>
                           Pour <seg corresp="#machinesAppareils">imprimer un livre</seg>, on reproduit le texte du manuscrit de l'auteur au moyen de lettres de métal alignées les unes à côté des autres, de manière à former les mots. L'ouvrier prend les lettres dans de petites cases, et il les dispose sur un cadre ayant les dimensions d'une feuille de papier. <note type="reference">(Voir, pour la suite, la légende de la gravure de la page 30.)</note> <lb/>
                           L'<seg corresp="#machinesAppareils">imprimerie</seg> fut découverte en 1434, à Strasbourg, par Jean Gutenberg, né à Mayence en 1400 : c'était alors un riche bourgeois. Ruiné par les frais de sa découverte, il retourna à Mayence vers 1444 et, en 1450, s'y associa avec Jean Fust. Tous deux publièrent la Bible : mais dès que Fust connut les procédés de l'art nouveau, il poursuivit Gutenberg afin d'obtenir le remboursement des avances qu'il lui avait faites, puis l'abandonna sans ressources pour s'adjoindre Pierre Schæffer. Le malheureux inventeur parvint néanmoins à fonder une imprimerie qu'il posséda jusqu'à la fin de sa vie (1468). <lb/>
                           Une fois composés en lettres métalliques, les livres peuvent être reproduits à peu de frais à un nombre considérable, ce qui explique leur bon marché. <lb/>
                           Les feuilles de papier sur lesquelles on imprime ont de grandes dimensions (0m, 80 sur 0m, 60 environ). Si on plie chacune d'elles en <seg corresp="#machinesAppareils">deux</seg> pour former le livre, on dit que l'ouvrage est du format <seg corresp="#machinesAppareils">in-folio</seg> ; si on la plie en <seg corresp="#machinesAppareils">quatre</seg>, on obtient l'<seg corresp="#machinesAppareils">in-quarto</seg> ; en <seg corresp="#machinesAppareils">huit</seg>, l'<seg corresp="#machinesAppareils">in-octavo</seg>, etc., et comme chacune de ces feuilles est imprimée sur les deux faces, le nombre de pages de chaque format est toujours le double de la quantité qu'indique le nom du format lui-même ; ainsi l'in-folio comprend 4 pages (2 fois 2 pages) ; l'in-quarto, 8 pages (2 fois 4 pages) ; l'in-octavo, 16 pages (2 fois 8 pages) ; l'in-douze, 24 pages ; l'in-18, 36 pages, etc. Ces différents formats comprennent un ou plusieurs cahiers portant chacun un numéro d'ordre particulier, lequel sert surtout à classer méthodiquement à la suite l'une de l'autre les feuilles d'un même livre. </ab>
                        
                     </div>
                  </div>
               </div>
            </div>
         </div>
      </body>
   </text>
</TEI>
