<?xml version="1.0" encoding="UTF-8"?>
<?xml-model href="http://www.tei-c.org/release/xml/tei/custom/schema/relaxng/tei_all.rng" type="application/xml" schematypens="http://relaxng.org/ns/structure/1.0"?>
<?xml-model href="http://www.tei-c.org/release/xml/tei/custom/schema/relaxng/tei_all.rng" type="application/xml"
	schematypens="http://purl.oclc.org/dsdl/schematron"?>
<TEI xmlns="http://www.tei-c.org/ns/1.0">
   <teiHeader>
      <fileDesc>
         <titleStmt>
            <title type="main">Suzette: a Digital Edition - Chapter 41</title>
            <respStmt>
               <persName>John Westbrook</persName>
               <orgName>Bucknell University</orgName>
               <resp>Editor</resp>
            </respStmt>
            <respStmt>
               <persName>Annie Girton</persName>
               <orgName>Bucknell University</orgName>
               <resp>Research Assistant and Encoder</resp>
            </respStmt>
            <respStmt>
               <persName xml:id="JAKA1">Diane Jakacki</persName>
               <orgName>Bucknell University</orgName>
               <resp>Project Manager</resp>               
            </respStmt>
         </titleStmt>
         <publicationStmt>
            <distributor>Bucknell University</distributor>
            <pubPlace>
               <address>
                  <addrLine>One Dent Drive</addrLine>
                  <addrLine>Lewisburg, PA 17837</addrLine>
               </address>
            </pubPlace>
            <availability>
               <licence>Attribution-NonCommercial-ShareAlike 4.0 International</licence>
            </availability>
         </publicationStmt>
         <sourceDesc>
            <biblStruct>
               <monogr>
                  <title>Suzette: Livre de Lecture Courante à l’Usage des Jeunes Filles. Morale—Leçon de choses, Economie Domestique – Ménage – Cuisine – Couture</title>
                  <author>Robert Halt</author>
                  <textLang>French</textLang>
                  <imprint>
                     <date>1889</date>
                     <distributor>Libraire Classique Paul Delaplane</distributor>
                     <pubPlace>Paris, France</pubPlace>
                  </imprint>
               </monogr>
            </biblStruct>
         </sourceDesc>
      </fileDesc>
           <profileDesc>
         <langUsage>
            <language ident="fra">French</language>
            <language ident="eng">English</language>
         </langUsage>
      </profileDesc>
      <encodingDesc>
         <charDecl>
            <char>
               <charName xml:id="suzette">Suzette</charName>
            </char>
            <char>
               <charName xml:id="papa">Papa</charName>
            </char>
            <char>
               <charName xml:id="la_maman">La maman</charName>
            </char>
            <char>
               <charName xml:id="jacques">Jacques</charName>            
            </char>
            <char>
               <charName xml:id="francois">François</charName>
            </char>
            <char>
               <charName xml:id="charlot">Charlot</charName>
            </char>
            <char>
               <charName xml:id="mme_valon">Mme Valon</charName>
            </char>
            <char>
               <charName xml:id="m_valon">M. Valon</charName>
            </char>
            <char>
               <charName xml:id="mme_richard">Mme Richard</charName>
            </char>
            <char>
               <charName xml:id="louis">Louis</charName>
            </char>
            <char>
               <charName xml:id="pascal">Pascal</charName>
            </char>
            <char>
               <charName xml:id="marthe">Marthe</charName>
            </char>
            <char>
               <charName xml:id="sylvain">Sylvain</charName>
            </char> 
            <char>
               <charName xml:id="ludivine">Ludivine</charName>
            </char> 
            <char>
               <charName xml:id="m_lejoly">M. Lejoly</charName>
            </char>
            <char>
               <charName xml:id="l_apiculteur">L'apiculteur</charName>
            </char>
            <char>
               <charName xml:id="la_bohemienne">La bohémienne</charName>
            </char>
            <char>
               <charName  xml:id="m_cartier">M. Cartier</charName>
            </char>
            <char>
               <charName xml:id="les_dumay">La Famille Dumay</charName>
            </char>
         </charDecl>
         <classDecl>
            <taxonomy xml:id="classification">
               <category xml:id="morale">
                  <catDesc>Morale</catDesc>
                  <category xml:id="enfantFamille">
                     <catDesc>L'enfant dans la famille</catDesc>
                  </category>
                  <category xml:id="devoirsFreresSoeurs">
                     <catDesc>Devoirs des frères et sœurs</catDesc>
                  </category>
                  <category xml:id="devoirsServiteurs">
                     <catDesc>Devoirs envers les serviteurs</catDesc>
                  </category>
                  <category xml:id="enfantEcole">
                     <catDesc>L'enfant dans l'école</catDesc>
                  </category>
                  <category xml:id="patrie">
                     <catDesc>La patrie</catDesc>
                  </category>
                  <category xml:id="devoirsSoiMeme">
                     <catDesc>Devoirs envers soi-même</catDesc>
                  </category>
                  <category xml:id="biensExterieurs">
                     <catDesc>Les biens extérieurs</catDesc>
                  </category>
                  <category xml:id="ame">
                     <catDesc>L'âme</catDesc>
                  </category>
                  <category xml:id="devoirsSemblables">
                     <catDesc>Devoirs envers nos semblables</catDesc>
                  </category>
                  <category xml:id="devoirsDieu">
                     <catDesc>Devoirs envers Dieu</catDesc>
                  </category>
               </category>
               <category xml:id="instructionCivique">
                  <catDesc>Instruction civique</catDesc>
               </category>
               <category xml:id="civilite">
                  <catDesc>Civilité</catDesc>
               </category>
               <category xml:id="francais">
                  <catDesc>Français</catDesc>
               </category>
               <category xml:id="composition">
                  <catDesc>Composition</catDesc>
                  <!--In the book Composition is followed by an (1); should that be included?-->
                  <category xml:id="recits">
                     <catDesc>Récits</catDesc>
                  </category>
                  <category xml:id="recitsHistoriques">
                     <catDesc>Récits historiques</catDesc>
                  </category>
                  <category xml:id="descriptions">
                     <catDesc>Descriptions</catDesc>
                  </category>
                  <category xml:id="sujetsMoraux">
                     <catDesc>Sujets moraux ou d'imagination</catDesc>
                  </category>
                  <category xml:id="lettres">
                     <catDesc>Lettres</catDesc>
                  </category>
               </category>
               <category xml:id="histoire">
                  <catDesc>Histoire</catDesc>
                  <!--<category xml:id="histoireNaturelle">
                     <catDesc>Histoire naturelle</catDesc>
                  </category>
                  <category xml:id="histoireTravail">
                     <catDesc>Histoire du travail</catDesc>
                  </category>-->
               </category>
               <category xml:id="geographie">
                  <catDesc>Géographie</catDesc>
                  <category xml:id="europe">
                     <catDesc>Europe</catDesc>
                  </category>
                  <category xml:id="asie">
                     <catDesc>Asie</catDesc>
                  </category>
                  <category xml:id="afrique">
                     <catDesc>Afrique</catDesc>
                  </category>
                  <category xml:id="amerique">
                     <catDesc>Amérique</catDesc>
                  </category>
                  <category xml:id="oceanie">
                     <catDesc>Océanie</catDesc>
                  </category>
                  <category xml:id="france">
                     <catDesc>France</catDesc>
                  </category>
                <!--  <category xml:id="topographie">
                     <catDesc>Topographie</catDesc>
                  </category>-->
               </category>
               <category xml:id="scienceNat">
                  <catDesc>Science Naturelles</catDesc>
                  <!--<category xml:id="geologie">
                     <catDesc>Géologie</catDesc>
                  </category>-->
                     <category xml:id="mineraux">
                        <catDesc>Minéraux</catDesc>
                     </category>
                     <!--In the book Minéraux is followed by ",etc."; should that be included?-->
                  <!--<category xml:id="botanique">
                     <catDesc>Botanique</catDesc>-->
                     <category xml:id="vegetaux">
                        <catDesc>Végétaux</catDesc>
                        <!--All of the sub-categories following this are numbered; should that be included?-->
                        <category xml:id="arbreNoncultives">
                           <catDesc>Arbres non cultivés</catDesc>
                        </category>
                        <category xml:id="herbesPlantes">
                           <catDesc>Herbes ou plantes sauvages</catDesc>
                        </category>
                        <category xml:id="arbreCultives">
                           <catDesc>Arbres cultivés</catDesc>
                        </category>
                        <category xml:id="arbustes">
                           <catDesc>Arbustes cultivés</catDesc>
                        </category>
                        <category xml:id="cereales">
                           <catDesc>Céréales</catDesc>
                        </category>
                        <category xml:id="legumesRacines">
                           <catDesc>Légumes, racines, etc.</catDesc>
                        </category>
                        <category xml:id="divers1"><!-- Avoid tagging with Divers - if necessary, create another sub-category -->
                           <catDesc>Divers</catDesc>
                        </category> 
                     </category>
                     <!--<category xml:id="physiologieVegetale">
                        <catDesc>Physiologie végétale</catDesc>
                     </category>-->
                  <!--</category>-->
                 <!-- <category xml:id="zoologie">
                     <catDesc>Zoologie</catDesc>-->
                     <category xml:id="animaux">
                        <catDesc>Animaux</catDesc>
                        <!--All of the sub-categories following this are numbered; should that be included?-->
                        <category xml:id="homme">
                           <catDesc>l'Homme</catDesc>
                        </category> <!--Homme wouldn't go under zoologie.. could we seperate it or rename this category?-->
                        <category xml:id="animauxDomestiques">
                           <catDesc>Animaux domestiques</catDesc>
                        </category>
                        <category xml:id="animauxSauvages">
                           <catDesc>Animaux sauvages</catDesc>
                        </category>
                     </category>
                     <!--<category xml:id="physiologieAnimal">
                        <catDesc>Physiologie animaux</catDesc>
                     </category>-->
                  <!--</category>-->
                  <!--<category xml:id="agriculture">
                     <catDesc>Agriculture</catDesc>
                     <category xml:id="techniquesAgricoles">
                        <catDesc>Techniques agricoles</catDesc>
                     </category>
                     <category xml:id="produits">
                        <catDesc>Produits</catDesc>
                     </category>
                     <category xml:id="outilsMachines">
                        <catDesc>Outils et machines</catDesc>
                     </category>
                     <category xml:id="recolte">
                        <catDesc>Récolte</catDesc>
                     </category>
                     <category xml:id="elevageBetail">
                        <catDesc>Élevage de bétail</catDesc>
                     </category>
                     <category xml:id="terrainAgricole">
                        <catDesc>Terrain agricole</catDesc>
                     </category>
                     <category xml:id="apiculture">
                        <catDesc>Apiculture</catDesc>
                     </category>
                  </category>-->
               </category>
               <category xml:id="sciencesPhys">
                  <catDesc>Notions relatives aux sciences physiques</catDesc>
                  <!--<category xml:id="elements">
                     <catDesc>Éléments</catDesc>-\->
                     <category xml:id="feu">
                        <catDesc>Feu</catDesc>
                     </category>
                     <!-\-Could add categories for earth/wind/air-\->
                  </category>
                  <category xml:id="meterologie">
                     <catDesc>Métérologie</catDesc>-\->
                  </category>-->
                  <!--Category for night/day cycles, seasons?-->
               </category>
               <category xml:id="industrie">
                  <catDesc>Industrie</catDesc>
                  <category xml:id="matieresObjets">
                     <catDesc>Matières et objets fabriqués</catDesc>
                  </category>
                  <category xml:id="constructions">
                     <catDesc>Constructions</catDesc>
                  </category>
                  <category xml:id="machinesAppareils">
                     <catDesc>Machines, appareils, ustensiles, vases</catDesc>
                  </category>
                  <!--Can outils go under machinesAppareils-->
                  <category xml:id="outils">
                     <catDesc>Outils</catDesc>
                  </category>
                  <category xml:id="etoffesHabillement">
                     <catDesc>Étoffes, habillement</catDesc>
                  </category>
                  <category xml:id="divers2">
                     <catDesc>Divers</catDesc>
                  </category>
               </category>
               <category xml:id="economieDomestique">
                  <catDesc>Économie Domestique</catDesc>
                  <!--<category xml:id="tachesMenageres">
                     <catDesc>Tâches ménagères</catDesc>
                  </category>-->
                  <category xml:id="alimentsCuisine">
                     <catDesc>Aliments et cuisine</catDesc>
                  </category>
                  <category xml:id="vetements1">
                     <catDesc>Vêtements</catDesc>
                  </category>
                  <category xml:id="basse-cour">
                     <catDesc>Basse-cour</catDesc>
                  </category>
                  <!--Could basse-cour be combined with scienceNat/agriculture under elevageBetail?--> 
               </category>
               <category xml:id="hygiene">
                  <catDesc>Hygiène</catDesc>
                  <category xml:id="corpsHabitations">
                     <catDesc>Corps et habitations</catDesc>
                  </category>
                  <category xml:id="vetements2">
                     <catDesc>Vêtements</catDesc>
                  </category>
                  <category xml:id="aliments">
                     <catDesc>Aliments</catDesc>
                  </category>
                  <category xml:id="maladiesRemedes">
                     <catDesc>Maladies, etc. ; remèdes</catDesc>
                  </category>
               </category>
            </taxonomy>
         </classDecl>
      </encodingDesc>
      <profileDesc>
         <settingDesc>
            <listPlace>
               <place>
                  <placeName xml:id="l_amerique">l'Amérique</placeName>
               </place>
               <place>
                  <placeName xml:id="l_oceanien">l'Oceanian</placeName>
               </place>
               <place>
                  <placeName xml:id="l_europe">l'Europe</placeName>
               </place>
               <place>
                  <placeName xml:id="l_afrique">l'Afrique</placeName>
               </place>
               <place>
                  <placeName xml:id="l_australie">l'Australie</placeName>
               </place>
               <place>
                  <placeName xml:id="la_france">la France</placeName>
               </place>
               <place>
                  <placeName xml:id="la_chine">la Chine</placeName>
               </place>
               <place>
                  <placeName xml:id="etats_unis">les États-Unis</placeName>
               </place>
               <place>
                  <placeName xml:id="l_arabe">l'Arabe</placeName>
               </place>
               <place>
                  <placeName xml:id="la_canada">la Canada</placeName>
               </place>
               <place>
                  <placeName xml:id="fragicourt">Fragicourt</placeName>
               </place>
               <place>
                  <placeName xml:id="paris">Paris</placeName>
               </place>
               <place>
                  <placeName xml:id="bruxelles">Bruxelles</placeName>
               </place>
               <place>
                  <placeName xml:id="boston">Boston
                  </placeName>
               </place>
               <place> 
                  <placeName xml:id="l_avre">l'Avre
                     <geogFeat>River</geogFeat>
                  </placeName> 
               </place>
               <place>
                  <placeName xml:id="la_moye">la Moye
                     <geogFeat>River</geogFeat>
                  </placeName>
               </place>
            </listPlace>
         </settingDesc>
      </profileDesc>
   </teiHeader>
   <text>
      <body>
         <!-- n is for maitresse edition, corresp is for student edition -->
         
         <div type="chapter" n="41">
            <div xml:lang="fr">
               <div type="student">
                  
                  <pb type="page" n="142"/>
                  <head>41. — Veillons au grain *. (Élève, p. 90.)</head>
         
                  <!--No asterisk for lexique word - Veiller au grain. Faire attention à ce qui doit ou peut survenir.-->
         
                  <p> Et <seg ana="#scienceNat">les terres</seg> ? C'est maintenant qu'elles doivent rendre ce qu'emporta <seg ana="#industrie">le feu</seg> ! c'est maintenant qu'il faut les <seg ana="#scienceNat">ensemencer</seg>, les <seg ana="#scienceNat">soigner</seg>, les <seg ana="#scienceNat">pomponner</seg> de <seg ana="#scienceNat">la herse</seg> et de <seg ana="#scienceNat">la charrue</seg> ! </p>
                  <p> <persName ana="#jacques">Jacques</persName> eut, par <seg ana="#scienceNat">l'école d'agriculture</seg>, tous les renseignements qu'il fallut. Un de ses professeurs offrit même de lui prêter une petite somme d'argent. On y joignit tout ce qu'il en restait ici. On savait que c'était argent bien placé. Et si, par aventure*<gloss>Par aventure. Par extraordinaire.</gloss>, <persName ana="papa">le papa</persName>, encore timide, s'effrayait un peu des largesses de <persName ana="#jacques">son fils</persName> avec <seg ana="#scienceNat">la terre</seg> : </p>
                  
                  <figure> 
                     <caption> <hi rend="italic">Herse.</hi>
                        <lb/>
                        Les dents dont cet instrument d'agriculture est garni servent à arracher les racines, à rompre les mottes de terre et à en recouvrir les grains que l'on vient du semer. </caption>
                  </figure>
                  
                  <sp><speaker>Jacques</speaker><ab> — <persName ana="papa">Papa</persName>, répondait-il, autrefois, on ne la gâtait pas tant, mais aussi elle ne donnait guère que du <seg ana="#alimentsCuisine">pain bis</seg>. Maintenant c'est du <seg ana="#alimentsCuisine">pain blanc</seg> qu'elle <seg ana="#scienceNat">fournit</seg> ; et croyez-
                     
                     <pb type="page" n="143"/>   
                     <fw type="header"> VEILLONS AU GRAIN. 143 </fw>
         
         vous qu'elle le livre contre <seg ana="#mineraux">des pierres</seg> ? Oui, elle doit manger, et du bon, pour que nous-mêmes nous mangions du meilleur. </ab></sp>
                  <p> A <persName ana="#francois">François</persName> et à <persName ana="charlot">Charlot</persName>, il dénonçait <seg ana="#vegetaux">le chiendent</seg>, <seg ana="#vegetaux">la camomille</seg>, <seg ana="#vegetaux">l'ortie</seg>, <seg ana="#vegetaux">le chardon</seg>, <seg ana="#vegetaux">la fumeterre</seg> comme de terribles ennemis : </p>
                  
                  <figure>
                     <caption> <hi rend="italic">Charrue.</hi> </caption>
                  </figure>
                  
                  <sp><speaker>Jacques</speaker><ab> — Et ayez soin, quand vous les rencontrerez chez 
                     
                  <figure> 
                     <caption> <hi rend="italic">1. Chiendent. — 2. Camomille.</hi>
                        <lb/>
                        Le chiendent et la camomille servent à faire des tisanes et des infusions ; les racines du chiendent servent, en outre, à la fabrication des brosses et des balais. </caption>
                  </figure>
                     
                     <figure> 
                        <caption> <hi rend="italic">1. Coquelicots. — 2. Lacerons.</hi>
                           <lb/>
                           Une infusion de pétales de coquelicots donne une tisane calmante et adoucissante. </caption>
                     </figure>
                     
                     nous, de les <seg ana="#scienceNat">arracher</seg>, d'en faire deux parts ; la première sera composée de ce qui peut servir de <seg ana="#basse-cour">nourriture au bétail</seg>, comme par exemple <seg ana="#vegetaux">les coquelicots</seg>, <seg ana="#vegetaux">les lacerons</seg>, dont <seg ana="#animauxDomestiques">les lapins</seg> se font de bons <seg ana="#animaux">râbles</seg>*<gloss>Râble. Dos du lapin et du lièvre, des épaules à la queue.</gloss>. La seconde, vous l'amasserez, vous la laisserez <seg ana="#scienceNat">pourrir</seg> au bout du <seg ana="#scienceNat">champ</seg> pour l'y répandre ensuite <seg ana="industrie">en fumier</seg>. </ab></sp>
                     
                     <figure>
                        <caption> <hi rend="italic">Cabane à lapins.</hi> </caption>
                     </figure>       
                     
                  <p> Ah ! s'il n'y avait que <seg ana="#vegetaux">des plantes ennemies</seg>, bien visibles et facilement <seg ana="#vegetaux">arrachables</seg> ! </p>
         
                     <pb type="page" n="144"/>   
                     <fw type="header"> 144 SUZETTE. </fw>
         
                  <p> Mais un matin de jeudi que <persName ana="#charlot">Charlot</persName>, chargé de <seg ana="#scienceNat">la chasse</seg> aux <seg ana="#vegetaux">lacerons</seg> pour le déjeuner de messieurs <seg ana="#animauxDomestiques">les lapins</seg>, s'asseyait sur son sac, à peu près plein, pour casser une croûte, il fut frappé d'un spectacle nouveau : </p>
                  <p> Un <seg ana="#scienceNat">des champs paternels</seg>, un grand <seg ana="#scienceNat">champ de betteraves</seg>, s'étendait à ses pieds. <seg ana="#legumesRacines">Les betteraves</seg> commençaient à <seg ana="#vegetaux">prendre tournure</seg>. <seg ana="#vegetaux">Les feuilles</seg> déjà grandes luisaient comme satin au <seg ana="#sciencesPhys">soleil</seg>. C'était riant au possible. </p>
                     
                     <figure> 
                        <caption> <hi rend="italic">La betterave.</hi>
                           <lb/>
                           Racine qui sert de nourriture aux bestiaux et dont l'industrie extrait du sucre et de l'alcool. </caption>
                     </figure>
                     
                  <p> Mais sur près de deux rangées, et en outre çà et là, par places, elles ne brillaient pas du tout ; elles étaient <seg ana="#vegetaux">fanées, comme mortes</seg>. </p>
                  <p> Il s'approcha, les tâta ; tout vint sans effort, <seg ana="#vegetaux">tige</seg>, <seg ana="#vegetaux">collet</seg> et <seg ana="#vegetaux">racine</seg>. <seg ana="#vegetaux">La racine</seg> était <seg ana="#vegetaux">creusée</seg> à l'intérieur. </p>
                  <p> <persName ana="#charlot">Charlot</persName>, qui ne plaisantait pas avec sa surveillance, courut à cinq cents pas du <seg ana="#scienceNat">champ</seg>, où <persName ana="#jacques">Jacques</persName>, en compagnie de <persName ana="#suzette">Suzette</persName>, était à <seg ana="#scienceNat">planter</seg> <seg ana="#legumesRacines">des pommes de terre</seg>, et les amena tous deux. </p>
                     
                     <div type="questionnaire">
                        <ab>
                           <hi rend="bold"> Questionnaire. </hi> — Qu'est-ce qu'il était alors nécessaire d'exiger des terres ? — Qui vint en aide à Jacques et de quelle manière ? — Que répondait-il à son père inquiet des dépenses faites pour améliorer les terres ? — Que signalait Jacques à ses deux jeunes frères ? — Que leur prescrivait-il à l'égard des mauvaises
                           <cb/>
                           herbes ? — Que faisait Charlot, dans les champs, un certain jeudi ? — Qu'est-ce qui s'étendait devant lui ? — Que remarqua-t-il dans le champ de betteraves ? — Comment s'y prit-il pour découvrir la cause du mal ? — Qui s'empressa-t-il d'avertir ?
                        </ab>
                     </div>
                  </div>
               
               <div type="teacher">
                  <div type="exercice">
                     <head type="exercice"> DÉVELOPPEMENT DES SUJETS PROPOSÉS POUR EXERCICES. </head>
                     
                     <div type="sciencesNat">
                        <head type="sujets"> Sciences naturelles. </head> 
                        
                        <ab type="question"> — Quelles plantes inutiles croissent naturellement dans les champs ? —Quelles sont celles qui sont les plus communes dans le canton ? — Décrivez chacune d'elles. — Parlez du préjudice qu'elles causent par leur multiplication. — Quels sont les moyens de les détruire ? </ab>
                        
                        <ab type="answer"> Les <seg corresp="#herbesPlantes">plantes inutiles</seg> qui croissent naturellement dans les champs sont : le chiendent, l'ortie, le chardon, la camomille, la moutarde sauvage, la mercuriale, l'ivraie, la fumeterre, etc. <lb/>
                        Dans notre canton, on remarque... <lb/>
                        <note> (Ici se place la description de chaque plante dont il faudra présenter aux élèves <term>une image exacte</term> ou mieux <term>un spécimen</term> cueilli le jour
          
                           <pb type="page" n="145"/>   
                           <fw type="header"> VEILLONS AU GRAIN. 145 </fw>
         
même ou tiré de l'herbier du musée scolaire. Viendra ensuite l'indication des moyens les plus efficaces pour les détruire.) </note> </ab>
                        
                        <!--LA POMME DE TERRE.-->
                        <ab type="question"> — Décrire la plante. — Parler de la manière de la cultiver, des terrains qu'elle affectionne, des principales espèces de cette plante. — Raconter comment Parmentier la fit adopter comme plante alimentaire. </ab>
                        <ab type="answer"> On classe le végétal qui produit la pomme de terre parmi les plantes herbacées. Sa tige atteint une hauteur de 0m,40 à 0m,60 ; elle porte des feuilles cotonneuses en dessous et d'un vert foncé à la partie supérieure. Les fleurs, réunies en touffes, sont blanches, violettes ou roses, et les fruits forment des baies sphériques verdâtres, grosses comme des noix au minimum. <lb/>
                        Au pied de la plante et dans l'intérieur du sol, apparaissent des renflements de la tige souterraine, sous la forme de tubercules pleins de fécule qui fournissent un aliment précieux. <lb/>
                        <term type="pommeDeTerre">On cultive la pomme de terre</term> de préférence dans les terrains calcaires ou sablonneux. Aux premiers jours d'avril, on creuse des trous dans un champ préalablement fumé et labouré, et l'on jette dans chacun une petite pomme de terre ou un fragment d'un gros tubercule muni d'un œilleton. La plante croît et fleurit ; on bine le terrain plusieurs fois ; enfin on butte les pieds et, finalement, quand, au mois de septembre, les tiges fanent, on arrache les pommes de terre. <lb/>
                        <term type="pommeDeTerre">Les principales espèces de pommes de terre</term> sont : <lb/>
                        La pomme de terre <term type="pommeDeTerre">marjolin</term>, peu productive, mais très précoce ; <lb/>
                        La jaune longue de <term type="pommeDeTerre">Hollande</term> ou <term type="pommeDeTerre">quarantaine</term>, un peu plus tardive, mais d'un meilleur rapport ; <lb/>
                        La pomme de terre <term type="pommeDeTerre">saucisse</term> ou <term type="pommeDeTerre">Canada</term>, rouge, plate et d'excellente qualité ; <lb/>
                        La pomme de terre <term type="pommeDeTerre">Chardin</term>, grosse, jaune, avec des yeux profonds ; <lb/>
                        La pomme de terre <term type="pommeDeTerre">Champien</term>, blanche, ronde, dont les tubercules sont d'excellente qualité. <lb/>
                        <seg corresp="#legumesRacines">La pomme de terre</seg>, importée en Angleterre en 1568, passa de là en Hollande et en France ; mais elle ne fut cultivée dans notre pays que comme un fruit rare et précieux. Ce fut à la suite de la grande famine de 1771 que, l'académie de Besançon ayant proposé pour sujet de concours « la recherche de substances pouvant atténuer les calamités de la disette », Parmentier (natif de Montdidier) <!--Is this some form of reference?--> se mit à étudier la pomme de terre. En 1779, il prouva qu'elle renferme tous les principes d'un aliment substantiel et sain. Sa démonstration cependant ne convainquit personne et rencontra les plus étranges préjugés. Il ne perdit pas courage, acheta près de Versailles la concession d'un vaste terrain sablonneux et y planta des pommes de terre. Peu à peu, grâce à la protection éclairée de Louis XVI, on apprécia le précieux tubercule, on en mangea sur les tables des riches, et bientôt la culture s'en étendit rapidement. </ab>
                     </div>
                     
                     <div type="EconDom">
                        <head type="sujets"> Économie domestique. </head> 
                        
                        <ab type="question"> — Qu'entend-on par tisane ? — Comment fait-on de la tisane au chiendent ? — Quelles en sont les propriétés ? — Comment prépare-t-on une infusion de camomille ? — Dans quelles indispositions boit-on l'infusion de camomille ? — Connaissez-vous d'autres infusions ? — A quelles indispositions remédient-elles ? </ab>
                        
                        <ab type="answer"> <term>La tisane</term> est une préparation dans laquelle on a fait bouillir ou infuser diverses plantes, ou bien de l'orge, de la réglisse, afin d'en composer une boisson calmante ou adoucissante à l'usage des malades. <lb/>
                        Parmi les tisanes, nous citerons la décoction de <term>chiendent</term>, qu'on prépare en faisant bouillir doucement les racines de cette plante pen-
                           
                           <fw type="sig"> SUZETTE (Maîtresse). 9 </fw>
         
                           <pb type="page" n="146"/>   
                           <fw type="header"> 146 SUZETTE. </fw>
         
                        dant une ou deux heures, de manière à réduire le liquide d'un tiers environ. Elle est très rafraîchissante. <lb/>
                        Une <term>infusion</term> consiste à verser de l'eau bouillante sur une substance végétale pour en extraire certains principes actifs. On traite surtout de cette manière les feuilles et les fleurs de la violette, du sureau, du tilleul, des ronces, etc., dans la proportion d'une forte pincée de cinq doigts par litre d'eau. <lb/>
                        L'infusion de camomille calme les maux d'estomac, celle de tilleul provoque la sueur, celle de feuilles de ronces est efficace contre les maux de gorge. </ab>
                        
                     </div>
                  </div>
               </div>
            </div>
         </div>
      </body>
  </text>
</TEI>
