<?xml version="1.0" encoding="UTF-8"?>
<?xml-model href="http://www.tei-c.org/release/xml/tei/custom/schema/relaxng/tei_all.rng" type="application/xml" schematypens="http://relaxng.org/ns/structure/1.0"?>
<?xml-model href="http://www.tei-c.org/release/xml/tei/custom/schema/relaxng/tei_all.rng" type="application/xml"
	schematypens="http://purl.oclc.org/dsdl/schematron"?>
<TEI xmlns="http://www.tei-c.org/ns/1.0">
   <teiHeader>
      <fileDesc>
         <titleStmt>
<<<<<<< HEAD
            <title type="main">Suzette: a Digital Edition - Chapter 115</title>
=======
            <title type="main">Suzette: a Digital Edition - Chapter 112</title>
>>>>>>> 13c6e2ebd97ccf3f0d560601e135e09400e05366
            <respStmt>
               <persName>John Westbrook</persName>
               <orgName>Bucknell University</orgName>
               <resp>Editor</resp>
            </respStmt>
            <respStmt>
               <persName>Annie Girton</persName>
               <orgName>Bucknell University</orgName>
               <resp>Research Assistant and Encoder</resp>
            </respStmt>
            <respStmt>
               <persName xml:id="JAKA1">Diane Jakacki</persName>
               <orgName>Bucknell University</orgName>
               <resp>Project Manager</resp>               
            </respStmt>
         </titleStmt>
         <publicationStmt>
            <distributor>Bucknell University</distributor>
            <pubPlace>
               <address>
                  <addrLine>One Dent Drive</addrLine>
                  <addrLine>Lewisburg, PA 17837</addrLine>
               </address>
            </pubPlace>
            <availability>
               <licence>Attribution-NonCommercial-ShareAlike 4.0 International</licence>
            </availability>
         </publicationStmt>
         <sourceDesc>
            <biblStruct>
               <monogr>
                  <title>Suzette: Livre de Lecture Courante à l’Usage des Jeunes Filles. Morale—Leçon de choses, Economie Domestique – Ménage – Cuisine – Couture</title>
                  <author>Robert Halt</author>
                  <textLang>French</textLang>
                  <imprint>
                     <date>1889</date>
                     <distributor>Libraire Classique Paul Delaplane</distributor>
                     <pubPlace>Paris, France</pubPlace>
                  </imprint>
               </monogr>
            </biblStruct>
         </sourceDesc>
      </fileDesc>
           <profileDesc>
         <langUsage>
            <language ident="fra">French</language>
            <language ident="eng">English</language>
         </langUsage>
      </profileDesc>
      <encodingDesc>
         <charDecl>
            <char>
               <charName xml:id="suzette">Suzette</charName>
            </char>
            <char>
               <charName xml:id="papa">Papa</charName>
            </char>
            <char>
               <charName xml:id="la_maman">La maman</charName>
            </char>
            <char>
               <charName xml:id="jacques">Jacques</charName>            
            </char>
            <char>
               <charName xml:id="francois">François</charName>
            </char>
            <char>
               <charName xml:id="charlot">Charlot</charName>
            </char>
            <char>
               <charName xml:id="mme_valon">Mme Valon</charName>
            </char>
            <char>
               <charName xml:id="m_valon">M. Valon</charName>
            </char>
            <char>
               <charName xml:id="mme_richard">Mme Richard</charName>
            </char>
            <char>
               <charName xml:id="louis">Louis</charName>
            </char>
            <char>
               <charName xml:id="pascal">Pascal</charName>
            </char>
            <char>
               <charName xml:id="marthe">Marthe</charName>
            </char>
            <char>
               <charName xml:id="sylvain">Sylvain</charName>
            </char> 
            <char>
               <charName xml:id="ludivine">Ludivine</charName>
            </char> 
            <char>
               <charName xml:id="m_lejoly">M. Lejoly</charName>
            </char>
            <char>
               <charName xml:id="l_apiculteur">L'apiculteur</charName>
            </char>
            <char>
               <charName xml:id="la_bohemienne">La bohémienne</charName>
            </char>
            <char>
               <charName  xml:id="m_cartier">M. Cartier</charName>
            </char>
            <char>
               <charName xml:id="les_dumay">La Famille Dumay</charName>
            </char>
         </charDecl>
         <classDecl>
            <taxonomy xml:id="classification">
               <category xml:id="morale">
                  <catDesc>Morale</catDesc>
                  <category xml:id="enfantFamille">
                     <catDesc>L'enfant dans la famille</catDesc>
                  </category>
                  <category xml:id="devoirsFreresSoeurs">
                     <catDesc>Devoirs des frères et sœurs</catDesc>
                  </category>
                  <category xml:id="devoirsServiteurs">
                     <catDesc>Devoirs envers les serviteurs</catDesc>
                  </category>
                  <category xml:id="enfantEcole">
                     <catDesc>L'enfant dans l'école</catDesc>
                  </category>
                  <category xml:id="patrie">
                     <catDesc>La patrie</catDesc>
                  </category>
                  <category xml:id="devoirsSoiMeme">
                     <catDesc>Devoirs envers soi-même</catDesc>
                  </category>
                  <category xml:id="biensExterieurs">
                     <catDesc>Les biens extérieurs</catDesc>
                  </category>
                  <category xml:id="ame">
                     <catDesc>L'âme</catDesc>
                  </category>
                  <category xml:id="devoirsSemblables">
                     <catDesc>Devoirs envers nos semblables</catDesc>
                  </category>
                  <category xml:id="devoirsDieu">
                     <catDesc>Devoirs envers Dieu</catDesc>
                  </category>
               </category>
               <category xml:id="instructionCivique">
                  <catDesc>Instruction civique</catDesc>
               </category>
               <category xml:id="civilite">
                  <catDesc>Civilité</catDesc>
               </category>
               <category xml:id="francais">
                  <catDesc>Français</catDesc>
               </category>
               <category xml:id="composition">
                  <catDesc>Composition</catDesc>
                  <!--In the book Composition is followed by an (1); should that be included?-->
                  <category xml:id="recits">
                     <catDesc>Récits</catDesc>
                  </category>
                  <category xml:id="recitsHistoriques">
                     <catDesc>Récits historiques</catDesc>
                  </category>
                  <category xml:id="descriptions">
                     <catDesc>Descriptions</catDesc>
                  </category>
                  <category xml:id="sujetsMoraux">
                     <catDesc>Sujets moraux ou d'imagination</catDesc>
                  </category>
                  <category xml:id="lettres">
                     <catDesc>Lettres</catDesc>
                  </category>
               </category>
               <category xml:id="histoire">
                  <catDesc>Histoire</catDesc>
                  <!--<category xml:id="histoireNaturelle">
                     <catDesc>Histoire naturelle</catDesc>
                  </category>
                  <category xml:id="histoireTravail">
                     <catDesc>Histoire du travail</catDesc>
                  </category>-->
               </category>
               <category xml:id="geographie">
                  <catDesc>Géographie</catDesc>
                  <category xml:id="europe">
                     <catDesc>Europe</catDesc>
                  </category>
                  <category xml:id="asie">
                     <catDesc>Asie</catDesc>
                  </category>
                  <category xml:id="afrique">
                     <catDesc>Afrique</catDesc>
                  </category>
                  <category xml:id="amerique">
                     <catDesc>Amérique</catDesc>
                  </category>
                  <category xml:id="oceanie">
                     <catDesc>Océanie</catDesc>
                  </category>
                  <category xml:id="france">
                     <catDesc>France</catDesc>
                  </category>
                <!--  <category xml:id="topographie">
                     <catDesc>Topographie</catDesc>
                  </category>-->
               </category>
               <category xml:id="scienceNat">
                  <catDesc>Science Naturelles</catDesc>
                  <!--<category xml:id="geologie">
                     <catDesc>Géologie</catDesc>
                  </category>-->
                     <category xml:id="mineraux">
                        <catDesc>Minéraux</catDesc>
                     </category>
                     <!--In the book Minéraux is followed by ",etc."; should that be included?-->
                  <!--<category xml:id="botanique">
                     <catDesc>Botanique</catDesc>-->
                     <category xml:id="vegetaux">
                        <catDesc>Végétaux</catDesc>
                        <!--All of the sub-categories following this are numbered; should that be included?-->
                        <category xml:id="arbreNoncultives">
                           <catDesc>Arbres non cultivés</catDesc>
                        </category>
                        <category xml:id="herbesPlantes">
                           <catDesc>Herbes ou plantes sauvages</catDesc>
                        </category>
                        <category xml:id="arbreCultives">
                           <catDesc>Arbres cultivés</catDesc>
                        </category>
                        <category xml:id="arbustes">
                           <catDesc>Arbustes cultivés</catDesc>
                        </category>
                        <category xml:id="cereales">
                           <catDesc>Céréales</catDesc>
                        </category>
                        <category xml:id="legumesRacines">
                           <catDesc>Légumes, racines, etc.</catDesc>
                        </category>
                        <category xml:id="divers1"><!-- Avoid tagging with Divers - if necessary, create another sub-category -->
                           <catDesc>Divers</catDesc>
                        </category> 
                     </category>
                     <!--<category xml:id="physiologieVegetale">
                        <catDesc>Physiologie végétale</catDesc>
                     </category>-->
                  <!--</category>-->
                 <!-- <category xml:id="zoologie">
                     <catDesc>Zoologie</catDesc>-->
                     <category xml:id="animaux">
                        <catDesc>Animaux</catDesc>
                        <!--All of the sub-categories following this are numbered; should that be included?-->
                        <category xml:id="homme">
                           <catDesc>l'Homme</catDesc>
                        </category> <!--Homme wouldn't go under zoologie.. could we seperate it or rename this category?-->
                        <category xml:id="animauxDomestiques">
                           <catDesc>Animaux domestiques</catDesc>
                        </category>
                        <category xml:id="animauxSauvages">
                           <catDesc>Animaux sauvages</catDesc>
                        </category>
                     </category>
                     <!--<category xml:id="physiologieAnimal">
                        <catDesc>Physiologie animaux</catDesc>
                     </category>-->
                  <!--</category>-->
                  <!--<category xml:id="agriculture">
                     <catDesc>Agriculture</catDesc>
                     <category xml:id="techniquesAgricoles">
                        <catDesc>Techniques agricoles</catDesc>
                     </category>
                     <category xml:id="produits">
                        <catDesc>Produits</catDesc>
                     </category>
                     <category xml:id="outilsMachines">
                        <catDesc>Outils et machines</catDesc>
                     </category>
                     <category xml:id="recolte">
                        <catDesc>Récolte</catDesc>
                     </category>
                     <category xml:id="elevageBetail">
                        <catDesc>Élevage de bétail</catDesc>
                     </category>
                     <category xml:id="terrainAgricole">
                        <catDesc>Terrain agricole</catDesc>
                     </category>
                     <category xml:id="apiculture">
                        <catDesc>Apiculture</catDesc>
                     </category>
                  </category>-->
               </category>
               <category xml:id="sciencesPhys">
                  <catDesc>Notions relatives aux sciences physiques</catDesc>
                  <!--<category xml:id="elements">
                     <catDesc>Éléments</catDesc>-\->
                     <category xml:id="feu">
                        <catDesc>Feu</catDesc>
                     </category>
                     <!-\-Could add categories for earth/wind/air-\->
                  </category>
                  <category xml:id="meterologie">
                     <catDesc>Métérologie</catDesc>-\->
                  </category>-->
                  <!--Category for night/day cycles, seasons?-->
               </category>
               <category xml:id="industrie">
                  <catDesc>Industrie</catDesc>
                  <category xml:id="matieresObjets">
                     <catDesc>Matières et objets fabriqués</catDesc>
                  </category>
                  <category xml:id="constructions">
                     <catDesc>Constructions</catDesc>
                  </category>
                  <category xml:id="machinesAppareils">
                     <catDesc>Machines, appareils, ustensiles, vases</catDesc>
                  </category>
                  <!--Can outils go under machinesAppareils-->
                  <category xml:id="outils">
                     <catDesc>Outils</catDesc>
                  </category>
                  <category xml:id="etoffesHabillement">
                     <catDesc>Étoffes, habillement</catDesc>
                  </category>
                  <category xml:id="divers2">
                     <catDesc>Divers</catDesc>
                  </category>
               </category>
               <category xml:id="economieDomestique">
                  <catDesc>Économie Domestique</catDesc>
                  <!--<category xml:id="tachesMenageres">
                     <catDesc>Tâches ménagères</catDesc>
                  </category>-->
                  <category xml:id="alimentsCuisine">
                     <catDesc>Aliments et cuisine</catDesc>
                  </category>
                  <category xml:id="vetements1">
                     <catDesc>Vêtements</catDesc>
                  </category>
                  <category xml:id="basse-cour">
                     <catDesc>Basse-cour</catDesc>
                  </category>
                  <!--Could basse-cour be combined with scienceNat/agriculture under elevageBetail?--> 
               </category>
               <category xml:id="hygiene">
                  <catDesc>Hygiène</catDesc>
                  <category xml:id="corpsHabitations">
                     <catDesc>Corps et habitations</catDesc>
                  </category>
                  <category xml:id="vetements2">
                     <catDesc>Vêtements</catDesc>
                  </category>
                  <category xml:id="aliments">
                     <catDesc>Aliments</catDesc>
                  </category>
                  <category xml:id="maladiesRemedes">
                     <catDesc>Maladies, etc. ; remèdes</catDesc>
                  </category>
               </category>
            </taxonomy>
         </classDecl>
      </encodingDesc>
      <profileDesc>
         <settingDesc>
            <listPlace>
               <place>
                  <placeName xml:id="l_amerique">l'Amérique</placeName>
               </place>
               <place>
                  <placeName xml:id="l_oceanien">l'Oceanian</placeName>
               </place>
               <place>
                  <placeName xml:id="l_europe">l'Europe</placeName>
               </place>
               <place>
                  <placeName xml:id="l_afrique">l'Afrique</placeName>
               </place>
               <place>
                  <placeName xml:id="l_australie">l'Australie</placeName>
               </place>
               <place>
                  <placeName xml:id="la_france">la France</placeName>
               </place>
               <place>
                  <placeName xml:id="la_chine">la Chine</placeName>
               </place>
               <place>
                  <placeName xml:id="etats_unis">les États-Unis</placeName>
               </place>
               <place>
                  <placeName xml:id="l_arabe">l'Arabe</placeName>
               </place>
               <place>
                  <placeName xml:id="la_canada">la Canada</placeName>
               </place>
               <place>
                  <placeName xml:id="fragicourt">Fragicourt</placeName>
               </place>
               <place>
                  <placeName xml:id="paris">Paris</placeName>
               </place>
               <place>
                  <placeName xml:id="bruxelles">Bruxelles</placeName>
               </place>
               <place>
                  <placeName xml:id="boston">Boston
                  </placeName>
               </place>
               <place> 
                  <placeName xml:id="l_avre">l'Avre
                     <geogFeat>River</geogFeat>
                  </placeName> 
               </place>
               <place>
                  <placeName xml:id="la_moye">la Moye
                     <geogFeat>River</geogFeat>
                  </placeName>
               </place>
            </listPlace>
         </settingDesc>
      </profileDesc>
   </teiHeader>
   <text>
      <body>
         <!-- n is for maitresse edition, corresp is for student edition -->
         
         <div type="chapter" n="115">
            <div xml:lang="fr">
<<<<<<< HEAD
               <div type="student">
                  
                  <pb type="page" n="404"/>
                  <head> 115. — Apiculture. (Élève, p. 245.) </head>
         
                  <p> <seg ana="#constructions">Le rucher</seg> était en bon lieu. Adossé au pignon du sud, protégé contre <seg ana="#sciencesPhys">le vent</seg> du nord par une palissade de fanes*<gloss>Fanes. Rameaux cueillis et munis encore de leurs feuilles.</gloss> d'œillettes entremêlées de liens de paille, il pouvait attendre que la haie vive de sureau eût la hauteur et la force voulues pour donner, avec l'abri et la verdure, <seg ana="#vegetaux">les fleurs</seg>, si chères aux <seg ana="#animauxSauvages">abeilles</seg>. </p>
                  <p> Il y avait là maintenant six <seg ana="#constructions">ruches</seg> bourdonnantes. </p>
                  <p> Autour, quelques <seg ana="#scienceNat">champs de <seg ana="#vegetaux">colza</seg>, d'<seg ana="#vegetaux">œillettes</seg>, de <seg ana="#vegetaux">sainfoin</seg>, de <seg ana="#vegetaux">luzerne</seg> s'épanouirent au <seg ana="#sciencesPhys">printemps</seg> nouveau. Sur les bords du canal, <seg ana="#vegetaux">les acacias</seg>, <seg ana="#vegetaux">les marronniers</seg>, <seg ana="#vegetaux">les tilleuls</seg> éclatèrent en floraison. Le long des routes, au revers des talus, foisonnèrent <seg ana="#vegetaux">les fleurs sauvages</seg> : <seg ana="#vegetaux">silènes</seg>, <seg ana="#vegetaux">boutons d'or</seg>, <seg ana="#vegetaux">liserons</seg>, <seg ana="#vegetaux">campanules</seg>, <seg ana="#vegetaux">serpolet</seg>. </p>
                  
                  <figure> 
                     <caption> <hi rend="italic"><seg ana="#legumesRacines">Œillette</seg> et <seg ana="#legumesRacines">sureau</seg>.</hi>
                        <lb/>
                        <seg ana="#vegetaux">L'œillette</seg> (1) est <seg ana="#vegetaux">un pavot</seg> dont on extrait <seg ana="#matieresObjets">une huile comestible</seg> appelée <seg ana="#matieresObjets">huile d'œillette</seg>. — <seg ana="#vegetaux">Les fleurs de sureau</seg> (2) sont employées en infusion pour provoquer <seg ana="#homme">la sueur</seg>.
                     </caption>
                  </figure>
                  
                  <p> Et voilà votre table servie ! butinez, amies <seg ana="#animauxSauvages">abeilles</seg> ! </p>
                  <p> C'était le temps de <seg ana="#scienceNat">la miellée</seg>, où <seg ana="#scienceNat">l'apiculteur</seg> se réjouit. <persName ana="#suzette">Suzette</persName> guettait les mouvements des six laborieuses républiques. Le va-et-vient, le brouhaha des ouvrières indiquait qu'au dedans <seg ana="#scienceNat">le couvain</seg> prospérait. Elle épiait le moment où il faudrait mettre à leur service la science apportée de <placeName ana="#paris">Paris</placeName>. </p>
                  <p> Et c'est pourquoi, un dimanche matin, par le plus beau temps, elle se tenait en observation sous un petit <seg ana="#arbreCultives">ceri-
                     
                     <pb type="page" n="405"/>   
                     <fw type="header"> APICULTURE. 405 </fw>
         
                  sier</seg> du jardin, tout chargé de ses <seg ana="#vegetaux">fruits de corail</seg>*<gloss>Corail. Production marine en forme d'arbuste et de couleur rouge.</gloss>, et surveillait très attentivement la sortie des butineuses. </p>
                  <p> Pendant plusieurs heures, et à mesure que <seg ana="#sciencesPhys">le soleil</seg> montait, ce furent des envolées, des départs sans trêve. Puis les sorties se firent plus rares, et, tout au contraire, le va-et-vient des rentrées augmenta. </p>
                  <p> Voilà l'instant ! Elle appela <persName ana="#jacques">Jacques</persName>. Le nez en trompette de <persName ana="#francois">M. François</persName> se montra aussitôt. Mais les abords du <seg ana="#constructions">rucher</seg> étaient absolument interdits à ce nez pour lequel on craignait quelque affaire plus fâcheuse encore que celle du cliquet de l'éteignoir à chandelle. </p>
                  <p> <persName ana="#jacques">Jacques</persName> arriva à l'appel et, tout doucement, avec les plus grandes précautions, <persName ana="#suzette">la sœur</persName> et <persName ana="#jacques">le grand frère</persName> transportèrent la première <seg ana="#constructions">ruche</seg> à cinq mètres de la place qu'elle occupait et la posèrent sur un support, préparé à l'avance. Puis ils attendirent. </p>
                  
                  <figure> 
                     <caption> <hi rend="italic">1. — <persName ana="#suzette">Jeune fille</persName> cueillant du <seg ana="#vegetaux">tilleul</seg>. — 2. <seg ana="#vegetaux">Fleur du tilleul</seg>.</hi>
                        <lb/>
                        <seg ana="#vegetaux">Le bois du tilleul</seg> est très employé en <seg ana="#machinesAppareils">ébénisterie</seg>. Cueillez et conservez, <seg ana="#vegetaux">les fleurs du tilleul</seg> ; elles vous serviront à faire des <seg ana="#alimentsCuisine">tisanes</seg> sudorifiques et à préparer des bains calmants pour les petits enfants.
                     </caption>
                  </figure>
                  
                  <p> Bientôt les butineuses, de retour, gagnèrent leur logis ; celles de <seg ana="#construction">la ruche déplacée cherchèrent le leur, restèrent un moment à bourdonner sur place, et finalement, ne le trouvant pas, passèrent dans <seg ana="#construction">la ruche</seg> la plus proche. </p>
                  <p> Les portières, car il y a là des portières, les laissèrent entrer, les voyant chargées de <seg ana="#animauxsauvages">miel</seg> ; sans quoi, les étrangères eussent été reçues à coups d'<seg ana="#animauxsauvages">aiguillon</seg>. </p>
                  <p> L'opération délicate du passage d’ouvrières, d'<seg ana="#construction">une ruche</seg> dans une autre, avait réussi. <persName ana="#suzette">Suzette</persName> poussa une exclamation de joie. </p>
                  
                  <fw type="sig"> 23. </fw>
         
                  <pb type="page" n="406"/>   
                  <fw type="header"> 406 SUZETTE. </fw>
                  
                   <div type="questionnaire">
                     <ab>
                        <hi rend="bold"> Questionnaire. </hi> — Où Suzette avait-elle installé son rucher ? — Qu'est ce qui fournissait la nourriture des abeilles : 1° dans le voisinage des ruches ; — 2° aux alentours ? — Que faisait un jour Suzette au temps de la miellée ? — Où se tenait-elle un dimanche matin ? — Que vit-on pendant les premières
                        <cb/>
                        heures ? — Qui appela-t-elle à son aide ? — Comment Jacques arriva-t-il ? — Quelle opération firent-ils ensemble ? — Que vit-on bientôt de la part des abeilles ? — Pourquoi les accueillit-on dans lus ruches voisines ? — Qu'est-ce que cela prouvait ?
                     </ab>
                  </div>
               </div>
               
               <div type="teacher">
                  <div type="exercice">
                     <head type="exercice"> DÉVELOPPEMENT DES SUJETS PROPOSÉS POUR EXERCICES. </head>
                     
                     <div type="sciencesNat">
                        <head type="sujets"> Sciences naturelles. </head> 
                        
                        <!--<seg corresp="#sciencesPhys">— LE VENT.</seg>-->
                        <ab type="question"> — Ce qu'est le vent. — Comment est le vent selon le point cardinal d'où il arrive ? — Services que rendent les vents. — Vitesse des vents. — Qu'entend-on par ouragan, trombes ? — Dites ce que vous vous rappelez sur les désastres causés par les trombes. </ab>
                        
                        <ab type="answer"> <note type="reference">(Voir le développement de la 57e leçon pour ce qui concerne les trois premières questions.) </note><lb/>
                        Les <seg corresp="#sciencesPhys">ouragans</seg> ou <seg corresp="#sciencesPhys">cyclones</seg> sont de vastes tourbillons qui se forment dans l'atmosphère, et dans lesquels la force du vent augmente jusqu'à une certaine distance du contre. Un calme absolu règne dans la région centrale, sur mer, mais les flots y sont cependant horriblement agités. <lb/>
                        Autour de cet espace, l'air circule avec l'effrayante vitesse de 20 à 240 kilomètres à l'heure, et décrit sur le globe un ovale immense ; malheur aux navires ou aux maisons, plantations, forêts qui se trouvent sur la route du terrible météore ! Le vent déchaîne soulève les vagues en montagnes colossales ; sur terre, il renverse tout, au milieu du bruit formidable du tonnerre qui gronde sans interruption. <lb/>
                        Une <seg corresp="#sciencesPhys">trombe</seg> est un phénomène analogue aux cyclones ; c’est un amas de vapeurs descendant des nuages sous la forme d'une colonne conique très allongée, touchant le sol par son extrémité la moins volumineuse, et qui tournoie avec rapidité en formant des ondulations comme un serpent gigantesque. <lb/>
                        Voici un exemple du spectacle que présente ce météore et des ravages qu'il commet : <lb/>
                        <note type="quote">« Une nuée extrêmement épaisse et fort basse, poussée par un vent du nord, couvrit la surface du sol sur lequel est placé le bourg de Mirabeau. Différents tourbillons se formèrent en même temps dans cette masse noire chargée de vapeurs épaisses ; il en sortit de la grêle ; le tonnerre se fit entendre ; les arbres et les haies furent arrachés ; l'eau de la petite rivière de Mirabeau fut transportée à plus de soixante pas de son lit, qui resta à sec ; pendant ce temps, deux hommes qui se trouvèrent enveloppés dans un des tourbillons furent portés assez loin sans qu'il leur arrivât rien de fâcheux. Un jeune pâtre fut enlevé plus haut et rejeté au bord de la rivière sans que sa chute fût violente ; le tourbillon qui l'avait emporté, le posa à l'endroit où il cessa d'agir. Toute la fureur du météore se disipa dans l'espace (d'une lieue de longueur sur une demi-lieue de largeur. »</note> <note type="citation">(RICHARD, Histoire naturelle de l'air et des météores.)</note></ab>
                           
                        <!--<seg corresp="#animauxSauvages">ESSAIMS D'ABEILLES.</seg>-->
                        <ab type="question"> — Qu'entend-on par essaims ? — A quelle époque de l'année se forment-ils ? — Où se posent-ils ? — Comment sont-ils recueillis ? </ab>
                        
                        <ab type="answer"> On appelle <seg corresp="#animauxSauvages">essaim</seg> un groupe considérable d'abeilles qui, sous la conduite de la reine, abandonne la ruche pour fonder ailleurs une colonie nouvelle. Cette curieuse émigration a lieu aux mois de mai et de juin ; elle se renouvelle deux fois par an dans le Nord et jusqu'à quatre fois dans le Midi. <lb/>
         
                           <pb type="page" n="407"/>   
                           <fw type="header"> APICULTURE. 407 </fw>
         
                        A la suite d'une visite de la reine dans toutes les parties de la ruche, une agitation générale se manifeste, et une quantité d'abeilles, la reine en tête, se précipitent au dehors, formant une masse compacte qui se fixe sur une branche d'arbre et s'y tient immobile. <lb/>   
                        C'est le moment où l’apiculteur doit s'emparer de l'essaim et lui offrir une ruche préparée à l'avance ; il pose au-dessous cette ruche renversée, imprime une secousse à l'arbre, dont l'essaim se détache et tombe. On transporte immédiatement la ruche au lieu où elle doit être installée ; on la place sur la pierre ou la planche formant support, et aussitôt les abeilles commencent leur travail fécond. </ab>
                     </div>
                     
                     <div type="agriculture">
                        <head type="sujets"> Agriculture. </head> 
                      
                        <ab type="question"> — Que signifie le terme oléagineuse appliqué à certaines plantes ? — Nommez des plantes oléagineuses ; — des fruits oléagineux. — Dans quelles provinces de France cultive-t-on le plus le colza, l'œillette, le lin ? — Quel produit tire-t-on encore du lin ? — Décrire la fleur du lin. </ab>
                        
                        <ab type="answer"> Le terme <seg corresp="#legumesRacines">oléagineuse</seg> appliqué à certaines plantes indique que l'on peut tirer de l'huile de ces plantes. <lb/>
                        Parmi les <seg corresp="#legumesRacines">plantes oléagineuses</seg>, on citera l'œillette, le colza, la navette, et parmi les <seg corresp="#legumesRacines">fruits oléagineux</seg>, la noix, l'olive, la faîne, la noisette. La graine du lin donne également de l'huile, ainsi que celle du chanvre. <lb/>
                        Le colza, l'œillette et le lin sont cultivés principalement dans la région septentrionale de la France. On tire encore du lin une matière textile avec laquelle on fait des toiles estimées. Comme nous l'avons dit précédemment, le lin n'a pas les dimensions du chanvre ; sa tige atteint à peine 50 à 60 centimètres, et elle porte au printemps une mignonne fleur bleue formée de cinq pétales réunis en clochette. </ab>
                     </div>
                     
                     <div type="geographie">
                        <head type="sujets"> Géographie. </head> 
                     
                        <ab type="question"> — Qu'est-ce qu'un canal ? — Pourquoi creuse-t-on un canal ? — Que représente le profil d'un canal ? — A quoi servent les écluses ? — Donnez une idée de la disposition d'une écluse. — Citez lez principaux canaux de France. </ab>
                        
                        <ab type="answer"> Un <seg corresp="#france">canal</seg> est une sorte de rivière creusée de main d'homme, où l'eau reste immobile, et qui sert à faciliter le transport des marchandises et des denrées encombrantes. Sur un canal, un cheval peut traîner 30 ou 40 fois plus que sur une route. <lb/>
                        On creuse un canal lorsqu'il n'existe pas de cours d'eau navigable entre deux villes ou deux régions qui ont entre elles des relations commerciales importantes. Comme l'eau ne doit pas couler dans le canal (car on ne saurait comment s'y prendre pour l'alimenter), on le forme de parties longues de 1 à 2 ou 3 kilomètres au maximum, qu'on appelle biez, et qui se trouvent respectivement les unes au-dessus ou au-dessous des autres de 7 à 8 mètres. <lb/>
                        Un canal, dans son profil, représente donc une sorte d'escalier à marches très longues qui s'élèvent successivement jusqu'au point le plus élevé séparant les lieux à mettre en communication, puis redescendant jusqu'au lieu terminal. <lb/>
                        Les <seg corresp="#france">écluses</seg> sont des fossés à bords perpendiculaires, solidement maçonnés, profonds de 7 à 8 mètres, et qui servent à faire communiquer deux biez entre eux. <lb/>
                        Toute écluse présente à chacune de ses deux extrémités une porte énorme. Voici comment le tout fonctionne. Supposons qu'il faille faire remonter un bateau du biez inférieur au biez supérieur : l'écluse est pleine d'eau ; on ouvre deux petites vannes à la partie la plus basse de la porte du biez inférieur ; l'écluse se vide rapidement et l'eau y descend au niveau du biez inférieur ; la chose achevée, on ouvre les portes
         
                           <pb type="page" n="408"/>   
                           <fw type="header"> 408 SUZETTE. </fw>
         
                        et le bateau est amené dans l'écluse. Les portes étant formées, on lève les vannes de la porte supérieure ; l'écluse se remplit et bientôt le bateau est au niveau du biez où il doit entrer. La porte supérieure est alors ouverte, et le bateau pénètre sans difficulté dans le biez en question. <lb/>
                        Les principaux canaux de Franco sont ceux de la région de la Flandre, le canal de Saint-Quentin, celui de la Marne au Rhin, du Rhône au Rhin, de Bourgogne, de Briare, du Centre, de Nantes à Brest, du Nivernais, du Midi. </ab>
                     </div>
                  </div>
               </div>
            </div>
=======
               
               <div type="student">   
                  <pb type="page" n="404"/>
                  <head>115. — Apiculture. (Élève, p. 245.)</head>
                  
         <p>Le rucher était en bon lieu. Adossé au pignon du sud, protégé contre le vent du nord par une palissade de fanes*<gloss>Fanes. Rameaux cueillis et munis encore de leurs feuilles</gloss> d'œillettes entremêlées de liens de paille, il pouvait attendre que la haie vive de sureau eût la hauteur et la force voulues pour donner, avec l'abri et la verdure, les fleurs, si chères aux abeilles.</p>
            <p>Il y avait là maintenant six ruches bourdonnantes.</p>
                  <p>Autour, quelques champs de colza, d'œillettes, de sainfoin, de luzerne s'épanouirent au printemps nouveau. Sur les bords du canal, les acacias, les marronniers, les tilleuls éclatèrent en floraison. Le long des routes, au revers des talus, foisonnèrent les fleurs sauvages : silènes, boutons d'or, liserons, campanules, serpolet.</p>
               <p>Et voilà votre table servie ! butinez, amies abeilles !</p>
                  
                  <figure> 
                     <caption> <hi rend="italic"><seg ana="#legumesRacines">Œillette</seg>. — <seg ana="#legumesRacines">sureau</seg>.</hi>
                        <lb/>
                        L'œillette (1) est un pavot dont on extrait une huile comestible appelée huile d'œillette. — Les fleurs de sureau (2) sont employées en infusion pour provoquer la sueur.
                     </caption>
                  </figure>
                     <p>C'était le temps de la miellée, où l'apiculteur se réjouit. Suzette guettait les mouvements des six laborieuses républiques. Le va-et-vient, le brouhaha des ouvrières indiquait qu'au dedans le couvain prospérait. Elle épiait le moment où il faudrait mettre à leur service la science apportée de Paris.</p>
            <p>Et c'est pourquoi, un dimanche matin, par le plus beau temps, elle se tenait en observation sous un petit ceri-
                  
               <pb type="page" n="405"/>
               <fw type="header"> APICULTURE. 405 </fw> 
               sier du jardin, tout chargé de ses fruits de corail*<gloss>Corail. Production marine en forme d'arbuste et de couleur rouge.</gloss>, et surveillait très attentivement la sortie des butineuses.</p>
            <p>Pendant plusieurs heures, et à mesure que le soleil montait, ce furent des envolées, des départs sans trêve. Puis les sorties se firent plus rares, et, tout au contraire, le va-et-vient des rentrées augmenta.</p>
                  <p>Voilà l'instant ! Elle appela Jacques. Le nez en trompette de M. François se montra aussitôt. Mais les abords du rucher étaient absolument interdits à ce nez pour lequel on craignait quelque affaire plus fâcheuse encore que celle du cliquet de l'éteignoir à chandelle.</p>
                  <p>Jacques arriva à l'appel et, tout doucement, avec les plus grandes précautions, la sœur et le grand frère transportèrent la première ruche à cinq mètres de la place qu'elle occupait et la posèrent sur un support, préparé à l'avance. Puis ils attendirent.</p>
                  
                  <figure> 
                  <caption> <hi rend="italic">1.Jeune fille cueillant du <seg ana="#vegetaux">tilleul</seg>. — 2. <seg ana="#vegetaux">Fleur de tilleul</seg>.</hi>
                     <lb/>
                     Le bois du tilleul est très employé en ébénisterie. Cueillez et conservez, les fleurs du tilleul ; elles vous serviront à faire des tisanes sudorifiques et à préparer des bains calmants pour les petits enfants.
                  </caption>
                  </figure>
                  
                  <p>Bientôt les butineuses, de retour, gagnèrent leur logis ; celles de la ruche déplacée cherchèrent le leur, restèrent un moment à bourdonner sur place, et finalement, ne le trouvant pas, passèrent dans la ruche la plus proche.</p>
                  <p>Les portières, car il y a là des portières, les laissèrent entrer, les voyant chargées de miel ; sans quoi, les étrangères eussent été reçues à coups d'aiguillon.</p>
                  <p>L'opération délicate du passage d’ouvrières, d'une ruche dans une autre, avait réussi. Suzette poussa une exclamation de joie.</p>
            <fw type="sig">23.</fw>
 
                  <pb type="page" n="406"/>
                  <fw type="header"> 406 SUZETTE. </fw> 
          
          <div type="questionnaire">
                  <ab>
                     <hi rend="bold"> Questionnaire. </hi> Où Suzette avait-elle installé son rucher ? — Qu'est ce qui fournissait la nourriture des abeilles : 1° dans le voisinage des ruches ; — 2° aux alentours ? — Que faisait un jour Suzette au temps de la miellée ? — Où se tenait-elle un dimanche matin ? — Que vit-on pendant les premières <cb/>
                     heures ? — Qui appela-t-elle à son aide ? — Comment Jacques arriva-t-il ? — Quelle opération firent-ils ensemble ? — Que vit-on bientôt de la part des abeilles ? — Pourquoi les accueillit-on dans lus ruches voisines ? — Qu'est-ce que cela prouvait ?
                  </ab>
               </div>
            </div>
            <div type="teacher">
               <div type="exercice">
                  <head type="exercice"> DÉVELOPPEMENT DES SUJETS PROPOSÉS POUR EXERCICES. </head>
                  
                  <div type="sciencesNat">
                     <head type="sujets"> Sciences naturelles. </head> 
                     
                     
                    
     
<!-- <seg corresp="#sciencesPhys">— LE VENT.</seg>  -->                     
                     
                     <ab type="question">— Ce qu'est le vent. — Comment est le vent selon le point cardinal d'où il arrive ? — Services que rendent les vents. — Vitesse des vents. — Qu'entend-on par ouragan, trombes ? — Dites ce que vous vous rappelez sur les désastres causés par les trombes.</ab>
            <ab type="answer"><note type="reference">(Voir le développement do la 57e leçon pour ce qui concerne les trois premières questions.)</note><lb/>
               Les ouragans ou cyclones sont de vastes tourbillons qui se forment dans l'atmosphère, et dans lesquels la force du vent augmente jusqu'à une certaine distance du contre. Un calme absolu règne dans la région centrale, sur mer, mais les flots y sont cependant horriblement agités.<lb/>
               Autour de cet espace, l'air circule avec l'effrayante vitesse de 20 à 240 kilomètres à l'heure, et décrit sur le globe un ovale immense ; malheur aux navires ou aux maisons, plantations, forêts qui se trouvent sur la route du terrible météore ! Le vent déchaîne soulève les vagues en montagnes colossales ; sur terre, il renverse tout, au milieu du bruit formidable du tonnerre qui gronde sans interruption.<lb/> 
               Une trombe est un phénomène analogue aux cyclones ; c’est un amas de vapeurs descendant des nuages sous la forme d'une colonne conique très allongée, touchant le sol par son extrémité la moins volumineuse, et qui tournoie avec rapidité en formant des ondulations comme un serpent gigantesque.<lb/>
               Voici un exemple du spectacle que présente ce météore et des ravages qu'il commet :<lb/>
               <note type="quote">« Une nuée extrêmement épaisse et fort basse, poussée par un vent du nord, couvrit la surface du sol sur lequel est placé le bourg de Mirabeau. Différents tourbillons se formèrent en même temps dans cette masse noire chargée de vapeurs épaisses ; il en sortit de la grêle ; le tonnerre se fit entendre ; les arbres et les haies furent arrachés ; l'eau de la petite rivière de Mirabeau fut transportée à plus de soixante pas de son lit, qui resta à sec ; pendant ce temps, deux hommes qui se trouvèrent enveloppés dans un des tourbillons furent portés assez loin sans qu'il leur arrivât rien de fâcheux. Un jeune pâtre fut enlevé plus haut et rejeté au bord de la rivière sans que sa chute fût violente ; le tourbillon qui l'avait emporté, le posa à l'endroit où il cessa d'agir. Toute la fureur du météore se disipa dans l'espace (d'une lieue de longueur sur une demi-lieue de largeur. »</note><note type="citation"> (RICHARD, Histoire naturelle de l'air et des météores.)</note></ab>
            
               <!-- <seg corresp="#animauxSauvages">— ESSAIMS D'ABEILLES.</seg>  -->  
               <ab type="question">— Qu'entend-on par essaims ? — A quelle époque de l'année se forment-ils ? — Où se posent-ils ? — Comment sont-ils recueillis ?</ab>
                  <ab type="answer">On appelle essaim un groupe considérable d'abeilles qui, sous la conduite de la reine, abandonne la ruche pour fonder ailleurs une colonie nouvelle. Cette curieuse émigration a lieu aux mois de mai et de juin ; elle se renouvelle deux fois par an dans le Nord et jusqu'à quatre fois dans le Midi.<lb/>
                  <pb type="page" n="407"/>
                  <fw type="header"> APICULTURE. 407</fw>       
            
            A la suite d'une visite de la reine dans toutes les parties de la ruche, une agitation générale se manifeste, et une quantité d'abeilles, la reine en tête, se précipitent au dehors, formant une masse compacte qui se fixe sur une branche d'arbre et s'y tient immobile.<lb/>
                     C'est le moment où l’apiculteur doit s'emparer de l'essaim et lui offrir une ruche préparée à l'avance ; il pose au-dessous cette ruche renversée, imprime une secousse à l'arbre, dont l'essaim se détache et tombe. On transporte immédiatement la ruche au lieu où elle doit être installée ; on la place sur la pierre ou la planche formant support, et aussitôt les abeilles commencent leur travail fécond.</ab></div>
                  <div type="agriculture">
                     <head type="sujets"> Agriculture. </head>                     
                     <ab type="question">— Que signifie le terme oléagineuse appliqué à certaines plantes ? — Nommez des plantes oléagineuses ; — des fruits oléagineux. — Dans quelles provinces de France cultive-t-on le plus le colza, l'œillette, le lin ? — Quel produit tire-t-on encore du lin ? — Décrire la fleur du lin.</ab>
                     <ab type="answer">Le terme oléagineuse appliqué à certaines plantes indique que l'on peut tirer de l'huile de ces plantes.<lb/>
                        Parmi les plantes oléagineuses, on citera l'œillette, le colza, la navette, et parmi les fruits oléagineux, la noix, l'olive, la faîne, la noisette. La graine du lin donne également de l'huile, ainsi que celle du chanvre. <lb/>
            Le colza, l'œillette et le lin sont cultivés principalement dans la région septentrionale de la France. On tire encore du lin une matière textile avec laquelle on fait des toiles estimées. Comme nous l'avons dit précédemment, le lin n'a pas les dimensions du chanvre ; sa tige atteint à peine 50 à 60 centimètres, et elle porte au printemps une mignonne fleur bleue formée de cinq pétales réunis en clochette. </ab></div>
                  
                  <div type="geographie">
                     <head type="sujets"> Géographie. </head>                     
                     <ab type="question">— Qu'est-ce qu'un canal ? — Pourquoi creuse-t-on un canal ? — Que représente le profil d'un canal ? — A quoi servent les écluses ? — Donnez une idée de la disposition d'une écluse. — Citez lez principaux canaux de France.</ab>
                     <ab type="answer">Un canal est une sorte de rivière creusée de main d'homme, où l'eau reste immobile, et qui sert à faciliter le transport des marchandises et des denrées encombrantes. Sur un canal, un cheval peut traîner 30 ou 40 fois plus que sur une route.<lb/>
                        On creuse un canal lorsqu'il n'existe pas de cours d'eau navigable entre deux villes ou deux régions qui ont entre elles des relations commerciales importantes. Comme l'eau ne doit pas couler dans le canal (car on ne saurait comment s'y prendre pour l'alimenter), on le forme de parties longues de 1 à 2 ou 3 kilomètres au maximum, qu'on appelle biez, et qui se trouvent respectivement les unes au-dessus ou au-dessous des autres de 7 à 8 mètres.<lb/>
                        Un canal, dans son profil, représente donc une sorte d'escalier à marches très longues qui s'élèvent successivement jusqu'au point le plus élevé séparant les lieux à mettre en communication, puis redescendant jusqu'au lieu terminal.<lb/>
                        Les écluses sont des fossés à bords perpendiculaires, solidement maçonnés, profonds de 7 à 8 mètres, et qui servent à faire communiquer deux biez entre eux.<lb/>
                        Toute écluse présente à chacune de ses deux extrémités une porte énorme. Voici comment le tout fonctionne. Supposons qu'il faille faire remonter un bateau du biez inférieur au biez supérieur : l'écluse est pleine d'eau ; on ouvre deux petites vannes à la partie la plus basse de la porte du biez inférieur ; l'écluse se vide rapidement et l'eau y descend au niveau du biez inférieur ; la chose achevée, on ouvre les portes
                        <pb type="page" n="408"/>
                        <fw type="header"> 408 SUZETTE. </fw> 
            
            et le bateau est amené dans l'écluse. Les portes étant formées, on lève les vannes de la porte supérieure ; l'écluse se remplit et bientôt le bateau est au niveau du biez où il doit entrer. La porte supérieure est alors ouverte, et le bateau pénètre sans difficulté dans le biez en question.<lb/>
            Les principaux canaux de Franco sont ceux de la région de la Flandre, le canal de Saint-Quentin, celui de la Marne au Rhin, du Rhône au Rhin, de Bourgogne, de Briare, du Centre, de Nantes à Brest, du Nivernais, du Midi.</ab>
                  </div>
               </div>
            </div>
            </div>
>>>>>>> 13c6e2ebd97ccf3f0d560601e135e09400e05366
         </div>
      </body>
  </text>
</TEI>
<<<<<<< HEAD
=======








>>>>>>> 13c6e2ebd97ccf3f0d560601e135e09400e05366
