<?xml version="1.0" encoding="UTF-8"?>
<?xml-model href="http://www.tei-c.org/release/xml/tei/custom/schema/relaxng/tei_all.rng" type="application/xml" schematypens="http://relaxng.org/ns/structure/1.0"?>
<?xml-model href="http://www.tei-c.org/release/xml/tei/custom/schema/relaxng/tei_all.rng" type="application/xml"
	schematypens="http://purl.oclc.org/dsdl/schematron"?>
<TEI xmlns="http://www.tei-c.org/ns/1.0">
   <teiHeader>
      <fileDesc>
         <titleStmt>
            <title type="main">Suzette: a Digital Edition - Chapter 112</title>
            <respStmt>
               <persName>John Westbrook</persName>
               <orgName>Bucknell University</orgName>
               <resp>Editor</resp>
            </respStmt>
            <respStmt>
               <persName>Annie Girton</persName>
               <orgName>Bucknell University</orgName>
               <resp>Research Assistant and Encoder</resp>
            </respStmt>
            <respStmt>
               <persName xml:id="JAKA1">Diane Jakacki</persName>
               <orgName>Bucknell University</orgName>
               <resp>Project Manager</resp>               
            </respStmt>
         </titleStmt>
         <publicationStmt>
            <distributor>Bucknell University</distributor>
            <pubPlace>
               <address>
                  <addrLine>One Dent Drive</addrLine>
                  <addrLine>Lewisburg, PA 17837</addrLine>
               </address>
            </pubPlace>
            <availability>
               <licence>Attribution-NonCommercial-ShareAlike 4.0 International</licence>
            </availability>
         </publicationStmt>
         <sourceDesc>
            <biblStruct>
               <monogr>
                  <title>Suzette: Livre de Lecture Courante à l’Usage des Jeunes Filles. Morale—Leçon de choses, Economie Domestique – Ménage – Cuisine – Couture</title>
                  <author>Robert Halt</author>
                  <textLang>French</textLang>
                  <imprint>
                     <date>1889</date>
                     <distributor>Libraire Classique Paul Delaplane</distributor>
                     <pubPlace>Paris, France</pubPlace>
                  </imprint>
               </monogr>
            </biblStruct>
         </sourceDesc>
      </fileDesc>
           <profileDesc>
         <langUsage>
            <language ident="fra">French</language>
            <language ident="eng">English</language>
         </langUsage>
      </profileDesc>
      <encodingDesc>
         <charDecl>
            <char>
               <charName xml:id="suzette">Suzette</charName>
            </char>
            <char>
               <charName xml:id="papa">Papa</charName>
            </char>
            <char>
               <charName xml:id="la_maman">La maman</charName>
            </char>
            <char>
               <charName xml:id="jacques">Jacques</charName>            
            </char>
            <char>
               <charName xml:id="francois">François</charName>
            </char>
            <char>
               <charName xml:id="charlot">Charlot</charName>
            </char>
            <char>
               <charName xml:id="mme_valon">Mme Valon</charName>
            </char>
            <char>
               <charName xml:id="m_valon">M. Valon</charName>
            </char>
            <char>
               <charName xml:id="mme_richard">Mme Richard</charName>
            </char>
            <char>
               <charName xml:id="louis">Louis</charName>
            </char>
            <char>
               <charName xml:id="pascal">Pascal</charName>
            </char>
            <char>
               <charName xml:id="marthe">Marthe</charName>
            </char>
            <char>
               <charName xml:id="sylvain">Sylvain</charName>
            </char> 
            <char>
               <charName xml:id="ludivine">Ludivine</charName>
            </char> 
            <char>
               <charName xml:id="m_lejoly">M. Lejoly</charName>
            </char>
            <char>
               <charName xml:id="l_apiculteur">L'apiculteur</charName>
            </char>
            <char>
               <charName xml:id="la_bohemienne">La bohémienne</charName>
            </char>
            <char>
               <charName  xml:id="m_cartier">M. Cartier</charName>
            </char>
            <char>
               <charName xml:id="les_dumay">La Famille Dumay</charName>
            </char>
         </charDecl>
         <classDecl>
            <taxonomy xml:id="classification">
               <category xml:id="morale">
                  <catDesc>Morale</catDesc>
                  <category xml:id="enfantFamille">
                     <catDesc>L'enfant dans la famille</catDesc>
                  </category>
                  <category xml:id="devoirsFreresSoeurs">
                     <catDesc>Devoirs des frères et sœurs</catDesc>
                  </category>
                  <category xml:id="devoirsServiteurs">
                     <catDesc>Devoirs envers les serviteurs</catDesc>
                  </category>
                  <category xml:id="enfantEcole">
                     <catDesc>L'enfant dans l'école</catDesc>
                  </category>
                  <category xml:id="patrie">
                     <catDesc>La patrie</catDesc>
                  </category>
                  <category xml:id="devoirsSoiMeme">
                     <catDesc>Devoirs envers soi-même</catDesc>
                  </category>
                  <category xml:id="biensExterieurs">
                     <catDesc>Les biens extérieurs</catDesc>
                  </category>
                  <category xml:id="ame">
                     <catDesc>L'âme</catDesc>
                  </category>
                  <category xml:id="devoirsSemblables">
                     <catDesc>Devoirs envers nos semblables</catDesc>
                  </category>
                  <category xml:id="devoirsDieu">
                     <catDesc>Devoirs envers Dieu</catDesc>
                  </category>
               </category>
               <category xml:id="instructionCivique">
                  <catDesc>Instruction civique</catDesc>
               </category>
               <category xml:id="civilite">
                  <catDesc>Civilité</catDesc>
               </category>
               <category xml:id="francais">
                  <catDesc>Français</catDesc>
               </category>
               <category xml:id="composition">
                  <catDesc>Composition</catDesc>
                  <!--In the book Composition is followed by an (1); should that be included?-->
                  <category xml:id="recits">
                     <catDesc>Récits</catDesc>
                  </category>
                  <category xml:id="recitsHistoriques">
                     <catDesc>Récits historiques</catDesc>
                  </category>
                  <category xml:id="descriptions">
                     <catDesc>Descriptions</catDesc>
                  </category>
                  <category xml:id="sujetsMoraux">
                     <catDesc>Sujets moraux ou d'imagination</catDesc>
                  </category>
                  <category xml:id="lettres">
                     <catDesc>Lettres</catDesc>
                  </category>
               </category>
               <category xml:id="histoire">
                  <catDesc>Histoire</catDesc>
                  <!--<category xml:id="histoireNaturelle">
                     <catDesc>Histoire naturelle</catDesc>
                  </category>
                  <category xml:id="histoireTravail">
                     <catDesc>Histoire du travail</catDesc>
                  </category>-->
               </category>
               <category xml:id="geographie">
                  <catDesc>Géographie</catDesc>
                  <category xml:id="europe">
                     <catDesc>Europe</catDesc>
                  </category>
                  <category xml:id="asie">
                     <catDesc>Asie</catDesc>
                  </category>
                  <category xml:id="afrique">
                     <catDesc>Afrique</catDesc>
                  </category>
                  <category xml:id="amerique">
                     <catDesc>Amérique</catDesc>
                  </category>
                  <category xml:id="oceanie">
                     <catDesc>Océanie</catDesc>
                  </category>
                  <category xml:id="france">
                     <catDesc>France</catDesc>
                  </category>
                <!--  <category xml:id="topographie">
                     <catDesc>Topographie</catDesc>
                  </category>-->
               </category>
               <category xml:id="scienceNat">
                  <catDesc>Science Naturelles</catDesc>
                  <!--<category xml:id="geologie">
                     <catDesc>Géologie</catDesc>
                  </category>-->
                     <category xml:id="mineraux">
                        <catDesc>Minéraux</catDesc>
                     </category>
                     <!--In the book Minéraux is followed by ",etc."; should that be included?-->
                  <!--<category xml:id="botanique">
                     <catDesc>Botanique</catDesc>-->
                     <category xml:id="vegetaux">
                        <catDesc>Végétaux</catDesc>
                        <!--All of the sub-categories following this are numbered; should that be included?-->
                        <category xml:id="arbreNoncultives">
                           <catDesc>Arbres non cultivés</catDesc>
                        </category>
                        <category xml:id="herbesPlantes">
                           <catDesc>Herbes ou plantes sauvages</catDesc>
                        </category>
                        <category xml:id="arbreCultives">
                           <catDesc>Arbres cultivés</catDesc>
                        </category>
                        <category xml:id="arbustes">
                           <catDesc>Arbustes cultivés</catDesc>
                        </category>
                        <category xml:id="cereales">
                           <catDesc>Céréales</catDesc>
                        </category>
                        <category xml:id="legumesRacines">
                           <catDesc>Légumes, racines, etc.</catDesc>
                        </category>
                        <category xml:id="divers1"><!-- Avoid tagging with Divers - if necessary, create another sub-category -->
                           <catDesc>Divers</catDesc>
                        </category> 
                     </category>
                     <!--<category xml:id="physiologieVegetale">
                        <catDesc>Physiologie végétale</catDesc>
                     </category>-->
                  <!--</category>-->
                 <!-- <category xml:id="zoologie">
                     <catDesc>Zoologie</catDesc>-->
                     <category xml:id="animaux">
                        <catDesc>Animaux</catDesc>
                        <!--All of the sub-categories following this are numbered; should that be included?-->
                        <category xml:id="homme">
                           <catDesc>l'Homme</catDesc>
                        </category> <!--Homme wouldn't go under zoologie.. could we seperate it or rename this category?-->
                        <category xml:id="animauxDomestiques">
                           <catDesc>Animaux domestiques</catDesc>
                        </category>
                        <category xml:id="animauxSauvages">
                           <catDesc>Animaux sauvages</catDesc>
                        </category>
                     </category>
                     <!--<category xml:id="physiologieAnimal">
                        <catDesc>Physiologie animaux</catDesc>
                     </category>-->
                  <!--</category>-->
                  <!--<category xml:id="agriculture">
                     <catDesc>Agriculture</catDesc>
                     <category xml:id="techniquesAgricoles">
                        <catDesc>Techniques agricoles</catDesc>
                     </category>
                     <category xml:id="produits">
                        <catDesc>Produits</catDesc>
                     </category>
                     <category xml:id="outilsMachines">
                        <catDesc>Outils et machines</catDesc>
                     </category>
                     <category xml:id="recolte">
                        <catDesc>Récolte</catDesc>
                     </category>
                     <category xml:id="elevageBetail">
                        <catDesc>Élevage de bétail</catDesc>
                     </category>
                     <category xml:id="terrainAgricole">
                        <catDesc>Terrain agricole</catDesc>
                     </category>
                     <category xml:id="apiculture">
                        <catDesc>Apiculture</catDesc>
                     </category>
                  </category>-->
               </category>
               <category xml:id="sciencesPhys">
                  <catDesc>Notions relatives aux sciences physiques</catDesc>
                  <!--<category xml:id="elements">
                     <catDesc>Éléments</catDesc>-\->
                     <category xml:id="feu">
                        <catDesc>Feu</catDesc>
                     </category>
                     <!-\-Could add categories for earth/wind/air-\->
                  </category>
                  <category xml:id="meterologie">
                     <catDesc>Métérologie</catDesc>-\->
                  </category>-->
                  <!--Category for night/day cycles, seasons?-->
               </category>
               <category xml:id="industrie">
                  <catDesc>Industrie</catDesc>
                  <category xml:id="matieresObjets">
                     <catDesc>Matières et objets fabriqués</catDesc>
                  </category>
                  <category xml:id="constructions">
                     <catDesc>Constructions</catDesc>
                  </category>
                  <category xml:id="machinesAppareils">
                     <catDesc>Machines, appareils, ustensiles, vases</catDesc>
                  </category>
                  <!--Can outils go under machinesAppareils-->
                  <category xml:id="outils">
                     <catDesc>Outils</catDesc>
                  </category>
                  <category xml:id="etoffesHabillement">
                     <catDesc>Étoffes, habillement</catDesc>
                  </category>
                  <category xml:id="divers2">
                     <catDesc>Divers</catDesc>
                  </category>
               </category>
               <category xml:id="economieDomestique">
                  <catDesc>Économie Domestique</catDesc>
                  <!--<category xml:id="tachesMenageres">
                     <catDesc>Tâches ménagères</catDesc>
                  </category>-->
                  <category xml:id="alimentsCuisine">
                     <catDesc>Aliments et cuisine</catDesc>
                  </category>
                  <category xml:id="vetements1">
                     <catDesc>Vêtements</catDesc>
                  </category>
                  <category xml:id="basse-cour">
                     <catDesc>Basse-cour</catDesc>
                  </category>
                  <!--Could basse-cour be combined with scienceNat/agriculture under elevageBetail?--> 
               </category>
               <category xml:id="hygiene">
                  <catDesc>Hygiène</catDesc>
                  <category xml:id="corpsHabitations">
                     <catDesc>Corps et habitations</catDesc>
                  </category>
                  <category xml:id="vetements2">
                     <catDesc>Vêtements</catDesc>
                  </category>
                  <category xml:id="aliments">
                     <catDesc>Aliments</catDesc>
                  </category>
                  <category xml:id="maladiesRemedes">
                     <catDesc>Maladies, etc. ; remèdes</catDesc>
                  </category>
               </category>
            </taxonomy>
         </classDecl>
      </encodingDesc>
      <profileDesc>
         <settingDesc>
            <listPlace>
               <place>
                  <placeName xml:id="l_amerique">l'Amérique</placeName>
               </place>
               <place>
                  <placeName xml:id="l_oceanien">l'Oceanian</placeName>
               </place>
               <place>
                  <placeName xml:id="l_europe">l'Europe</placeName>
               </place>
               <place>
                  <placeName xml:id="l_afrique">l'Afrique</placeName>
               </place>
               <place>
                  <placeName xml:id="l_australie">l'Australie</placeName>
               </place>
               <place>
                  <placeName xml:id="la_france">la France</placeName>
               </place>
               <place>
                  <placeName xml:id="la_chine">la Chine</placeName>
               </place>
               <place>
                  <placeName xml:id="etats_unis">les États-Unis</placeName>
               </place>
               <place>
                  <placeName xml:id="l_arabe">l'Arabe</placeName>
               </place>
               <place>
                  <placeName xml:id="la_canada">la Canada</placeName>
               </place>
               <place>
                  <placeName xml:id="fragicourt">Fragicourt</placeName>
               </place>
               <place>
                  <placeName xml:id="paris">Paris</placeName>
               </place>
               <place>
                  <placeName xml:id="bruxelles">Bruxelles</placeName>
               </place>
               <place>
                  <placeName xml:id="boston">Boston
                  </placeName>
               </place>
               <place> 
                  <placeName xml:id="l_avre">l'Avre
                     <geogFeat>River</geogFeat>
                  </placeName> 
               </place>
               <place>
                  <placeName xml:id="la_moye">la Moye
                     <geogFeat>River</geogFeat>
                  </placeName>
               </place>
            </listPlace>
         </settingDesc>
      </profileDesc>
   </teiHeader>
   <text>
      <body>
         <!-- n is for maitresse edition, corresp is for student edition -->
         <p> Text here </p>
      </body>
  </text>
</TEI>
