<?xml version="1.0" encoding="UTF-8"?>
<?xml-model href="http://www.tei-c.org/release/xml/tei/custom/schema/relaxng/tei_all.rng" type="application/xml" schematypens="http://relaxng.org/ns/structure/1.0"?>
<?xml-model href="http://www.tei-c.org/release/xml/tei/custom/schema/relaxng/tei_all.rng" type="application/xml"
	schematypens="http://purl.oclc.org/dsdl/schematron"?>
<TEI xmlns="http://www.tei-c.org/ns/1.0">
   <teiHeader>
      <fileDesc>
         <titleStmt>
            <title type="main">Suzette: a Digital Edition - Chapter 25</title>
            <respStmt>
               <persName>John Westbrook</persName>
               <orgName>Bucknell University</orgName>
               <resp>Editor</resp>
            </respStmt>
            <respStmt>
               <persName>Annie Girton</persName>
               <orgName>Bucknell University</orgName>
               <resp>Research Assistant and Encoder</resp>
            </respStmt>
            <respStmt>
               <persName xml:id="JAKA1">Diane Jakacki</persName>
               <orgName>Bucknell University</orgName>
               <resp>Project Manager</resp>               
            </respStmt>
         </titleStmt>
         <publicationStmt>
            <distributor>Bucknell University</distributor>
            <pubPlace>
               <address>
                  <addrLine>One Dent Drive</addrLine>
                  <addrLine>Lewisburg, PA 17837</addrLine>
               </address>
            </pubPlace>
            <availability>
               <licence>Attribution-NonCommercial-ShareAlike 4.0 International</licence>
            </availability>
         </publicationStmt>
         <sourceDesc>
            <biblStruct>
               <monogr>
                  <title>Suzette: Livre de Lecture Courante à l’Usage des Jeunes Filles. Morale—Leçon de choses, Economie Domestique – Ménage – Cuisine – Couture</title>
                  <author>Robert Halt</author>
                  <textLang>French</textLang>
                  <imprint>
                     <date>1889</date>
                     <distributor>Libraire Classique Paul Delaplane</distributor>
                     <pubPlace>Paris, France</pubPlace>
                  </imprint>
               </monogr>
            </biblStruct>
         </sourceDesc>
       </fileDesc>
             <profileDesc>
         <langUsage>
            <language ident="fra">French</language>
            <language ident="eng">English</language>
         </langUsage>
      </profileDesc>
      <encodingDesc>
         <charDecl>
            <char>
               <charName xml:id="suzette">Suzette</charName>
            </char>
            <char>
               <charName xml:id="papa">Papa</charName>
            </char>
            <char>
               <charName xml:id="la_maman">La maman</charName>
            </char>
            <char>
               <charName xml:id="jacques">Jacques</charName>            
            </char>
            <char>
               <charName xml:id="francois">François</charName>
            </char>
            <char>
               <charName xml:id="charlot">Charlot</charName>
            </char>
            <char>
               <charName xml:id="mme_valon">Mme Valon</charName>
            </char>
            <char>
               <charName xml:id="m_valon">M. Valon</charName>
            </char>
            <char>
               <charName xml:id="mme_richard">Mme Richard</charName>
            </char>
            <char>
               <charName xml:id="louis">Louis</charName>
            </char>
            <char>
               <charName xml:id="pascal">Pascal</charName>
            </char>
            <char>
               <charName xml:id="marthe">Marthe</charName>
            </char>
            <char>
               <charName xml:id="sylvain">Sylvain</charName>
            </char> 
            <char>
               <charName xml:id="ludivine">Ludivine</charName>
            </char> 
            <char>
               <charName xml:id="m_lejoly">M. Lejoly</charName>
            </char>
            <char>
               <charName xml:id="l_apiculteur">L'apiculteur</charName>
            </char>
            <char>
               <charName xml:id="la_bohemienne">La bohémienne</charName>
            </char>
            <char>
               <charName  xml:id="m_cartier">M. Cartier</charName>
            </char>
            <char>
               <charName xml:id="les_dumay">La Famille Dumay</charName>
            </char>
         </charDecl>
         <classDecl>
            <taxonomy xml:id="classification">
               <category xml:id="morale">
                  <catDesc>Morale</catDesc>
                  <category xml:id="enfantFamille">
                     <catDesc>L'enfant dans la famille</catDesc>
                  </category>
                  <category xml:id="devoirsFreresSoeurs">
                     <catDesc>Devoirs des frères et sœurs</catDesc>
                  </category>
                  <category xml:id="devoirsServiteurs">
                     <catDesc>Devoirs envers les serviteurs</catDesc>
                  </category>
                  <category xml:id="enfantEcole">
                     <catDesc>L'enfant dans l'école</catDesc>
                  </category>
                  <category xml:id="patrie">
                     <catDesc>La patrie</catDesc>
                  </category>
                  <category xml:id="devoirsSoiMeme">
                     <catDesc>Devoirs envers soi-même</catDesc>
                  </category>
                  <category xml:id="biensExterieurs">
                     <catDesc>Les biens extérieurs</catDesc>
                  </category>
                  <category xml:id="ame">
                     <catDesc>L'âme</catDesc>
                  </category>
                  <category xml:id="devoirsSemblables">
                     <catDesc>Devoirs envers nos semblables</catDesc>
                  </category>
                  <category xml:id="devoirsDieu">
                     <catDesc>Devoirs envers Dieu</catDesc>
                  </category>
               </category>
               <category xml:id="instructionCivique">
                  <catDesc>Instruction civique</catDesc>
               </category>
               <category xml:id="civilite">
                  <catDesc>Civilité</catDesc>
               </category>
               <category xml:id="francais">
                  <catDesc>Français</catDesc>
               </category>
               <category xml:id="composition">
                  <catDesc>Composition</catDesc>
                  <!--In the book Composition is followed by an (1); should that be included?-->
                  <category xml:id="recits">
                     <catDesc>Récits</catDesc>
                  </category>
                  <category xml:id="recitsHistoriques">
                     <catDesc>Récits historiques</catDesc>
                  </category>
                  <category xml:id="descriptions">
                     <catDesc>Descriptions</catDesc>
                  </category>
                  <category xml:id="sujetsMoraux">
                     <catDesc>Sujets moraux ou d'imagination</catDesc>
                  </category>
                  <category xml:id="lettres">
                     <catDesc>Lettres</catDesc>
                  </category>
               </category>
               <category xml:id="histoire">
                  <catDesc>Histoire</catDesc>
                  <!--<category xml:id="histoireNaturelle">
                     <catDesc>Histoire naturelle</catDesc>
                  </category>
                  <category xml:id="histoireTravail">
                     <catDesc>Histoire du travail</catDesc>
                  </category>-->
               </category>
               <category xml:id="geographie">
                  <catDesc>Géographie</catDesc>
                  <category xml:id="europe">
                     <catDesc>Europe</catDesc>
                  </category>
                  <category xml:id="asie">
                     <catDesc>Asie</catDesc>
                  </category>
                  <category xml:id="afrique">
                     <catDesc>Afrique</catDesc>
                  </category>
                  <category xml:id="amerique">
                     <catDesc>Amérique</catDesc>
                  </category>
                  <category xml:id="oceanie">
                     <catDesc>Océanie</catDesc>
                  </category>
                  <category xml:id="france">
                     <catDesc>France</catDesc>
                  </category>
                <!--  <category xml:id="topographie">
                     <catDesc>Topographie</catDesc>
                  </category>-->
               </category>
               <category xml:id="scienceNat">
                  <catDesc>Science Naturelles</catDesc>
                  <!--<category xml:id="geologie">
                     <catDesc>Géologie</catDesc>
                  </category>-->
                     <category xml:id="mineraux">
                        <catDesc>Minéraux</catDesc>
                     </category>
                     <!--In the book Minéraux is followed by ",etc."; should that be included?-->
                  <!--<category xml:id="botanique">
                     <catDesc>Botanique</catDesc>-->
                     <category xml:id="vegetaux">
                        <catDesc>Végétaux</catDesc>
                        <!--All of the sub-categories following this are numbered; should that be included?-->
                        <category xml:id="arbreNoncultives">
                           <catDesc>Arbres non cultivés</catDesc>
                        </category>
                        <category xml:id="herbesPlantes">
                           <catDesc>Herbes ou plantes sauvages</catDesc>
                        </category>
                        <category xml:id="arbreCultives">
                           <catDesc>Arbres cultivés</catDesc>
                        </category>
                        <category xml:id="arbustes">
                           <catDesc>Arbustes cultivés</catDesc>
                        </category>
                        <category xml:id="cereales">
                           <catDesc>Céréales</catDesc>
                        </category>
                        <category xml:id="legumesRacines">
                           <catDesc>Légumes, racines, etc.</catDesc>
                        </category>
                        <category xml:id="divers1"><!-- Avoid tagging with Divers - if necessary, create another sub-category -->
                           <catDesc>Divers</catDesc>
                        </category> 
                     </category>
                     <!--<category xml:id="physiologieVegetale">
                        <catDesc>Physiologie végétale</catDesc>
                     </category>-->
                  <!--</category>-->
                 <!-- <category xml:id="zoologie">
                     <catDesc>Zoologie</catDesc>-->
                     <category xml:id="animaux">
                        <catDesc>Animaux</catDesc>
                        <!--All of the sub-categories following this are numbered; should that be included?-->
                        <category xml:id="homme">
                           <catDesc>l'Homme</catDesc>
                        </category> <!--Homme wouldn't go under zoologie.. could we seperate it or rename this category?-->
                        <category xml:id="animauxDomestiques">
                           <catDesc>Animaux domestiques</catDesc>
                        </category>
                        <category xml:id="animauxSauvages">
                           <catDesc>Animaux sauvages</catDesc>
                        </category>
                     </category>
                     <!--<category xml:id="physiologieAnimal">
                        <catDesc>Physiologie animaux</catDesc>
                     </category>-->
                  <!--</category>-->
                  <!--<category xml:id="agriculture">
                     <catDesc>Agriculture</catDesc>
                     <category xml:id="techniquesAgricoles">
                        <catDesc>Techniques agricoles</catDesc>
                     </category>
                     <category xml:id="produits">
                        <catDesc>Produits</catDesc>
                     </category>
                     <category xml:id="outilsMachines">
                        <catDesc>Outils et machines</catDesc>
                     </category>
                     <category xml:id="recolte">
                        <catDesc>Récolte</catDesc>
                     </category>
                     <category xml:id="elevageBetail">
                        <catDesc>Élevage de bétail</catDesc>
                     </category>
                     <category xml:id="terrainAgricole">
                        <catDesc>Terrain agricole</catDesc>
                     </category>
                     <category xml:id="apiculture">
                        <catDesc>Apiculture</catDesc>
                     </category>
                  </category>-->
               </category>
               <category xml:id="sciencesPhys">
                  <catDesc>Notions relatives aux sciences physiques</catDesc>
                  <!--<category xml:id="elements">
                     <catDesc>Éléments</catDesc>-\->
                     <category xml:id="feu">
                        <catDesc>Feu</catDesc>
                     </category>
                     <!-\-Could add categories for earth/wind/air-\->
                  </category>
                  <category xml:id="meterologie">
                     <catDesc>Métérologie</catDesc>-\->
                  </category>-->
                  <!--Category for night/day cycles, seasons?-->
               </category>
               <category xml:id="industrie">
                  <catDesc>Industrie</catDesc>
                  <category xml:id="matieresObjets">
                     <catDesc>Matières et objets fabriqués</catDesc>
                  </category>
                  <category xml:id="constructions">
                     <catDesc>Constructions</catDesc>
                  </category>
                  <category xml:id="machinesAppareils">
                     <catDesc>Machines, appareils, ustensiles, vases</catDesc>
                  </category>
                  <!--Can outils go under machinesAppareils-->
                  <category xml:id="outils">
                     <catDesc>Outils</catDesc>
                  </category>
                  <category xml:id="etoffesHabillement">
                     <catDesc>Étoffes, habillement</catDesc>
                  </category>
                  <category xml:id="divers2">
                     <catDesc>Divers</catDesc>
                  </category>
               </category>
               <category xml:id="economieDomestique">
                  <catDesc>Économie Domestique</catDesc>
                  <!--<category xml:id="tachesMenageres">
                     <catDesc>Tâches ménagères</catDesc>
                  </category>-->
                  <category xml:id="alimentsCuisine">
                     <catDesc>Aliments et cuisine</catDesc>
                  </category>
                  <category xml:id="vetements1">
                     <catDesc>Vêtements</catDesc>
                  </category>
                  <category xml:id="basse-cour">
                     <catDesc>Basse-cour</catDesc>
                  </category>
                  <!--Could basse-cour be combined with scienceNat/agriculture under elevageBetail?--> 
               </category>
               <category xml:id="hygiene">
                  <catDesc>Hygiène</catDesc>
                  <category xml:id="corpsHabitations">
                     <catDesc>Corps et habitations</catDesc>
                  </category>
                  <category xml:id="vetements2">
                     <catDesc>Vêtements</catDesc>
                  </category>
                  <category xml:id="aliments">
                     <catDesc>Aliments</catDesc>
                  </category>
                  <category xml:id="maladiesRemedes">
                     <catDesc>Maladies, etc. ; remèdes</catDesc>
                  </category>
               </category>
            </taxonomy>
         </classDecl>
      </encodingDesc>
      <profileDesc>
         <settingDesc>
            <listPlace>
               <place>
                  <placeName xml:id="l_amerique">l'Amérique</placeName>
               </place>
               <place>
                  <placeName xml:id="l_oceanien">l'Oceanian</placeName>
               </place>
               <place>
                  <placeName xml:id="l_europe">l'Europe</placeName>
               </place>
               <place>
                  <placeName xml:id="l_afrique">l'Afrique</placeName>
               </place>
               <place>
                  <placeName xml:id="l_australie">l'Australie</placeName>
               </place>
               <place>
                  <placeName xml:id="la_france">la France</placeName>
               </place>
               <place>
                  <placeName xml:id="la_chine">la Chine</placeName>
               </place>
               <place>
                  <placeName xml:id="etats_unis">les États-Unis</placeName>
               </place>
               <place>
                  <placeName xml:id="l_arabe">l'Arabe</placeName>
               </place>
               <place>
                  <placeName xml:id="la_canada">la Canada</placeName>
               </place>
               <place>
                  <placeName xml:id="fragicourt">Fragicourt</placeName>
               </place>
               <place>
                  <placeName xml:id="paris">Paris</placeName>
               </place>
               <place>
                  <placeName xml:id="bruxelles">Bruxelles</placeName>
               </place>
               <place>
                  <placeName xml:id="boston">Boston
                  </placeName>
               </place>
               <place> 
                  <placeName xml:id="l_avre">l'Avre
                     <geogFeat>River</geogFeat>
                  </placeName> 
               </place>
               <place>
                  <placeName xml:id="la_moye">la Moye
                     <geogFeat>River</geogFeat>
                  </placeName>
               </place>
            </listPlace>
         </settingDesc>
      </profileDesc>
   </teiHeader>
   <text>
      <body>
         <!-- n is for maitresse edition, corresp is for student edition -->
         
         <div type="chapter" n="25">
            <div xml:lang="fr">
               <div type="student">
                  
                  <pb type="page" n="90"/>
                  <head>25. — Un peu de lumière. (Élève, p. 61.)</head>
         
                  <p> La journée commença mal : <seg ana="#animauxDomestiques">une poule</seg> des plus belles, une grise pailletée*<gloss>Pailleté. Plumage pailleté, celui qui présente des taches nombreuses de teintes variées.</gloss>, à toupet blanc, fut trouvée morte dans <seg ana="#basse-cour">le poulailler</seg> ; <persName ana="#francois">François</persName>, dans son lit, avait toujours <seg ana="#maladiesRemedes">la fièvre</seg>. </p>
                  <sp><speaker>Suzette</speaker><ab> Oh ! <seg ana="#animauxSauvages">la chouette</seg>, <seg ana="#animauxSauvages">la chouette</seg> ! <seg ana="#animauxSauvages">l'oiseau</seg> de malheur !... Et il fallait attendre encore presque un jour entier avant de revoir <persName ana="#la_bohemienne">la bohémienne</persName> ! Aurait-elle au moins commencé les conjurations ? </ab></sp> <stage> A ces pensées, <persName ana="#suzette">Suzette</persName> se sentait <seg ana="#maladiesRemedes">défaillir</seg>*<gloss>Défaillir. Tomber en faiblesse.</gloss>. </stage> 
                  <p> <persName ana="#papa">Son père</persName> parti aux <seg ana="#scienceNat">champs</seg> où le travail pressait, <persName ana="#charlot">Charlot</persName> ronflant encore, et <persName ana="#francois"><seg ana="#maladiesRemedes">le patient</seg></persName> allongé dans son lit, elle s'assit devant l'âtre, sans force pour l'ouvrage matinal, et demeura là toute brisée. Quelqu'un entra qui, d'une voix bien connue, lui demanda des nouvelles de <persName ana="#francois">François</persName>. </p>
                  
                  <figure>
                     <caption> Coq et poule. </caption>
                  </figure>
                  
                  <sp><speaker>Suzette</speaker><ab> — Ah ! <persName ana="#mme_valon">Madame</persName> ! </ab></sp> <stage> s'écria <persName ana="#suzette">Suzette</persName> en se levant pour se jeter tout en pleurs au cou de <persName ana="#mme_valon">Mme Valon</persName>. </stage>
                  <sp><speaker>Mme Valon</speaker><ab> — Eh bien ! qu'y a-t-il, <persName ana="#suzette">mon enfant</persName> ? </ab></sp>
                  <sp><speaker>Suzette</speaker><ab> — <persName ana="#francois">François</persName> est <seg ana="#maladiesRemedes">malade</seg>, <seg ana="#maladiesRemedes">bien malade</seg> ! </ab></sp>
                  <sp><speaker>Mme Valon</speaker><ab> — <seg ana="#maladiesRemedes">Bien malade</seg> ?... de ce <seg ana="#maladiesRemedes">mal au nez</seg> dont on vient de me parler à l'instant ?... </ab></sp>
                  <sp><speaker>Suzette</speaker><ab> — Il a <seg ana="#maladiesRemedes">la fièvre</seg>. Voulez-vous le voir ? </ab></sp>
                  <p> Elle la mena jusqu'au lit. <persName ana="#francois">François</persName> se réveilla, tout rouge, tout <seg ana="#maladiesRemedes">bouffi de fièvre</seg>. Il sourit à <persName ana="#mme_valon">Mme Valon</persName> ; le sourire était vivant, et le regard aussi. </p>
                  <sp><speaker>Mme Valon</speaker><ab> — Ah ! quel potiron de <seg ana="#homme">nez</seg> ! </ab></sp> <stage> s'écria-t-elle ; </stage> <sp><speaker>Mme Valon</speaker><ab> mais qu'est-ce que c'est que ce <seg ana="#maladiesRemedes">cataplasme</seg> ? </ab></sp>
                  <sp><speaker>Suzette</speaker><ab> — <seg ana="#maladiesRemedes">Un cataplasme</seg> fait par <persName ana="#ludivine">Ludivine</persName>. </ab></sp>
                  <sp><speaker>Mme Valon</speaker><ab> — Par <persName ana="#ludivine">Ludivine</persName> ! </ab></sp>
                  <sp><speaker>François</speaker><ab> — Oh ! <persName ana="#mme_valon">Madame</persName>, </ab></sp> <stage> dit <persName ana="#francois">le pauvre garçon</persName> ; </stage> <sp><speaker>François</speaker><ab> il me fait de plus en plus mal. Mais c'est sans doute <seg ana="#maladiesRemedes">la force du re-
         
                     <pb type="page" n="91"/>   
                     <fw type="header"> UN PEU DE LUMIÈRE. 91 </fw>
         
mède</seg>, qui est un secret*<gloss>Secret. Moyen connu de peu de personnes.</gloss> de <!--<persName>la grand'mère de <persName ana="#ludivine">Ludivine</persName></persName>-->. Il me faut encore garder cela près de deux jours et deux nuits ! Oh ! oh ! oh ! </ab></sp>
                  <p> D'un coup de doigt, sans respect pour le secret, <persName ana="#mme_valon">Mme Valon</persName> fit sauter <seg ana="#maladiesRemedes">le cataplasme</seg> : elle le déplia en détournant un peu le visage et éclata de rire : </p>
                  <sp><speaker>Mme Valon</speaker><ab> — Ah ! le voilà donc le secret de <persName ana="#ludivine">Ludivine</persName> ! de <seg ana="#animaux">la fiente de pigeon</seg> ! </ab></sp>
                  <sp><speaker>Suzette</speaker><ab> — De <seg ana="#animaux">la fiente de pigeon</seg> ! </ab></sp>
                  <sp><speaker>Mme Valon</speaker><ab> — Oui, regardez. Mais que vois-je encore là ? Un second secret ? </ab></sp>
                  <sp><speaker>Suzette</speaker><ab>— Non, de <seg ana="#animaux">la toile d'araignée</seg>, <persName ana="#mme_valon">Madame.</persName> </ab></sp>
                  <sp><speaker>Mme Valon</speaker><ab> — <seg ana="#animaux">Toile d'araignée</seg>, <seg ana="#animaux">fiente de pigeon</seg> ! Mais vous avez donc donné rendez-vous à toutes <seg ana="#corpsHabitations">les ordures</seg> de la création sur ce pauvre <seg ana="#homme">nez</seg> ! </ab></sp> <stage> s'écria <persName ana="#mme_valon">Mme Valon</persName>, mi-riant, mi-fâchée. </stage> <sp><speaker>Mme Valon</speaker><ab> Il faut qu'il soit solidement accroché pour n'être pas encore parti devant un pareil <seg ana="#maladiesRemedes">traitement</seg>*<gloss>Traitement. Manière de soigner une maladie.</gloss> ! Vous avez introduit dans une petite <seg ana="#maladiesRemedes">plaie</seg> <seg ana="#hygiene">des corps étrangers</seg>, <seg ana="#corpsHabitations">malpropres</seg>, qui ont <seg ana="#maladiesRemedes">exaspéré*<gloss>Exaspérer. Irriter le mal.</gloss> le mal</seg> et produit la vilaine <seg ana="#maladiesRemedes">suppuration</seg>*<gloss>Suppuration. Ecoulement de pus.</gloss> que voilà. Hop ! hop ! qu'on <seg ana="#maladiesRemedes">me nettoie</seg> cela ! De <seg ana="#mineraux">l'eau</seg> ! de <seg ana="#mineraux">l'eau</seg>, <persName ana="suzette">petite sotte</persName>, et vite ! </ab></sp>
                  
                  <div type="questionnaire">
                     <ab>
                        <hi rend="bold"> Questionnaire. </hi> — Quelles choses fâcheuses attristèrent le commencement de la journée de Suzette ? — A quoi la jeune fille ne pouvait-elle se défendre de penser ? — Où était-elle lorsque Mme Valon entra ? — Comment apprit-on à madame l'institutrice la maladie de François
                        <cb/>
                        et l'instruisit-en du remède de Ludivine ? — Que répondît François sur l'effet du cataplasme ? — Comment Mme Valon traita-t-elle l'emplâtre ? — Quelles observations fit-elle sur les ingrédients dont il était composé ? — Que réclama-t-elle immédiatement ?
                     </ab>
                  </div>
               </div>
               
               <div type="teacher">
                  <div type="exercice">
                     <head type="exercice"> DÉVELOPPEMENT DES SUJETS PROPOSÉS POUR EXERCICES. </head>
                     
                     <div type="EconDom">
                        <head type="sujets"> Économie domestique. </head> 
                        
                        <ab type="question"> — Comment conserve-t-on les œufs? — Comment prépare-t-on les œufs à la coque, sur le plat, en omelette, à la matelote, puis les œufs à la neige, la salade aux œufs? </ab>
                  
                        <ab type="answer"> Lorsqu'on désire <seg corresp="#alimentsCuisine">conserver des œufs</seg> frais pendant toute l'année, on les recouvre d'un vernis, d'une couche de cire ou d'un corps gras qui empêche l'accès de l'air par les pores de la coquille. On conseille encore de placer les œufs par couches dans un vase, et d'y verser de l'eau de chaux contenant en excès un peu de chaux en poudre, de manière qu'ils soient couverts de 0m, 15 à 0m, 18 de liquide. <lb/>
                        Les œufs se conservent assez longtemps lorsqu'ils sont placés dans du sablo sec, de la cendre, du son, de la sciure de bois, du poussier de charbon, en un mot, dans tout ce qui peut empêcher l'introduction de l'air à l'intérieur de la coque. <lb/>
                           <!--<seg corresp="#alimentsCuisine"> ŒUFS A LA COQUE. </seg>--> — On choisit des œufs frais, et on les plonge dans l'eau bouillante où ils séjourneront trois minutes. <lb/>
                           
                           <pb type="page" n="92"/>   
                           <fw type="header"> 92 SUZETTE. </fw>
        
                           <!--<seg corresp="#alimentsCuisine"> ŒUFS SUR LE PLAT. </seg>--> — Mettez fondre dans un plat de faïence, de porcelaine ou de cuivre, autant de fois 45 grammes de beurre que vous vous proposez de faire cuire d'œufs. Lorsqu'il commence à bouillonner, cassez les œufs en vous gardant de rompre les jaunes, ce qui arriverait si on les faisait tomber de haut ; saupoudrez de sel et de poivre, et retirez lorsque le blanc commence à prendre. Quelquefois on pose sur le plat un couvercle chargé de braise ou de charbons ardents. <lb/>
                           <!--<seg corresp="#alimentsCuisine"> OMELETTE. </seg>--> — Dans un vase de terre, cassez les œufs, saupoudrez de sel et de poivre et battez-les pendant deux ou trois minutes avec un peu de persil ou d'oseille hachée. Mettez sur le feu une poêle où vous ferez fondre du beurre à raison de six ou sept grammes par œuf ; lorsque le beurre devient clair et pétille sur les bords, versez les œufs et agitez-les doucement avec une fourchette, puis remuez la poêle de l'autre main. Lorsque le mélange a acquis quelque consistance, repliez l'omelette en deux après que vous l'avez retirée du fourneau ; placez-la ensuite quelques instants sur le feu, étendez-la sur un plat et servez immédiatement. <lb/>
                           <!--<seg corresp="#alimentsCuisine"> ŒUFS EN MATELOTE. </seg>--> — Dans une sauce au vin bouillante où l'on n'a pas ménagé le beurre, cassez des œufs frais et retirez le tout au bout de trois minutes ; versez dans un plat et servez. <lb/>
                           <!--<seg corresp="#alimentsCuisine"> ŒUFS A LA NEIGE. </seg>--> — Prenez un demi-litre de lait, deux cuillerées à bouche de fleurs d'oranger, 60 grammes de sucre ; mettez le tout dans une casserole et faites bouillir. Prenez six œufs ; séparez les jaunes des blancs, battez les blancs en neige bien ferme dans un lieu frais, et saupoudrez de sucre mêlé de vanille en poudre ou de fleurs d'oranger. Quand le lait a bouilli, mettez dedans vos œufs en neige par cuillerées : retournez-les avec une écumoire pour faire cuire de tous les côtés ; quand ils sont bien cuits, retirez-les et dressez-les sur le plat que vous devez servir. Faites lier le lait sur le feu avec des jaunes d'œufs délayés dans une cuillerée de lait ; versez sur les œufs à la neige ; laissez refroidir et sucrez. <note type="citation"> (<title>Cuisine des campagnes</title>, par <name type="author">Audot</name>.) </note> <lb/>
                           <!--<seg corresp="#alimentsCuisine"> SALADE AUX ŒUFS. </seg>--> — Faites cuire des œufs durs à raison d'un par convive ; coupez-les en tranches sur la salade ; assaisonnez à l'huile et au vinaigre ; tournez et faites passer ensuite le saladier à la ronde. </ab>
                     </div>
                     
                     <div type="hygiene">
                        <head type="sujets"> Hygiène. </head> 
                        
                        <ab type="question"> — Comment reconnait-on qu'un enfant a la fièvre (le pouls) ? — Premiers soins à donner à un enfant qui parait malade. — Tenue d'une chambre de malade : faut-il clore le lit avec des rideaux ? — Faut-il fermer toujours les fenêtres ? — Faut-il amonceler couvertures et édredons sur le lit du malade ? — Pourquoi ? — Qu'est-ce qu'un cataplasme ? — Comment le prépare-t-on à la graine de lin ? — Effets du laudanum ; précautions à prendre avec ce médicament. </ab>
                        
                        <ab type="answer"> On reconnaît qu'un enfant a la fièvre lorsque le pouls, au lieu de 75 à 80 pulsations à la minute, en bat 90 à 100 ; lorsque le malade éprouve de légers frissons, de la lassitude et une pesanteur dans la tête. Il faut alors le coucher en évitant de surcharger le lit de couvertures, soumettre le patient à la diète et lui donner des boissons rafraîchissantes en attendant l'arrivée du médecin. <lb/>
                        La <!--<seg corresp="#maladiesRemedes">-->tenue d'une chambre de malade<!--</seg>--> exige une extrême propreté et comporte le fréquent renouvellement de l'air, soit par la cheminée, soit par les fenêtres dans la saison chaude. Il s'exhale, en effet, des poumons et de la peau des malades, certaines émanations animales à odeur fétide qui altèrent l'air en s'y décomposant, et rien n'est plus propre à compromettre la guérison. <lb/>
         
                           <pb type="page" n="93"/>   
                           <fw type="header"> DE L'EAU !	93 </fw>
         
         C'est pour ce motif qu'il faut se garder de <!--<seg corresp="#maladiesRemedes">-->clore le lit<!--</seg>--> avec des rideaux et de l'installer dans une alcôve. L'accumulation des couvertures et des édredons provoque des sueurs qui affaiblissent l malade. <lb/>
                        <seg corresp="#maladiesRemedes">Un cataplasme</seg> est une matière molle et gluante (telle que la mie de pain, la farine de lin, délayées et cuites à l'eau) qu'on étend sur un linge très fin et qu'on applique aux endroits du corps indiqués par le médecin. <lb/>
                        <seg corresp="#maladiesRemedes">Le laudanum</seg> a pour effet d'engourdir les douleurs provenant de l'irritation des nerfs par suite d'inflammation, comme il arrive pour les maux de dents, les crampes et douleurs d'estomac ou d'intestins. A dose un peu considérable, c'est un poison ; d'où il suit que ce médicament ne devra jamais rester à portée de la main des enfants. </ab>
                     </div>
                  </div>
               </div>
            </div>
         </div>
      </body>
  </text>
</TEI>
