<?xml version="1.0" encoding="UTF-8"?>
<?xml-model href="http://www.tei-c.org/release/xml/tei/custom/schema/relaxng/tei_all.rng" type="application/xml" schematypens="http://relaxng.org/ns/structure/1.0"?>
<?xml-model href="http://www.tei-c.org/release/xml/tei/custom/schema/relaxng/tei_all.rng" type="application/xml"
	schematypens="http://purl.oclc.org/dsdl/schematron"?>
<TEI xmlns="http://www.tei-c.org/ns/1.0">
   <teiHeader>
      <fileDesc>
         <titleStmt>
            <title type="main">Suzette: a Digital Edition - Chapter 110</title>
            <respStmt>
               <persName>John Westbrook</persName>
               <orgName>Bucknell University</orgName>
               <resp>Editor</resp>
            </respStmt>
            <respStmt>
               <persName>Annie Girton</persName>
               <orgName>Bucknell University</orgName>
               <resp>Research Assistant and Encoder</resp>
            </respStmt>
            <respStmt>
               <persName xml:id="JAKA1">Diane Jakacki</persName>
               <orgName>Bucknell University</orgName>
               <resp>Project Manager</resp>               
            </respStmt>
         </titleStmt>
         <publicationStmt>
            <distributor>Bucknell University</distributor>
            <pubPlace>
               <address>
                  <addrLine>One Dent Drive</addrLine>
                  <addrLine>Lewisburg, PA 17837</addrLine>
               </address>
            </pubPlace>
            <availability>
               <licence>Attribution-NonCommercial-ShareAlike 4.0 International</licence>
            </availability>
         </publicationStmt>
         <sourceDesc>
            <biblStruct>
               <monogr>
                  <title>Suzette: Livre de Lecture Courante à l’Usage des Jeunes Filles. Morale—Leçon de choses, Economie Domestique – Ménage – Cuisine – Couture</title>
                  <author>Robert Halt</author>
                  <textLang>French</textLang>
                  <imprint>
                     <date>1889</date>
                     <distributor>Libraire Classique Paul Delaplane</distributor>
                     <pubPlace>Paris, France</pubPlace>
                  </imprint>
               </monogr>
            </biblStruct>
         </sourceDesc>
      </fileDesc>
            <profileDesc>
         <langUsage>
            <language ident="fra">French</language>
            <language ident="eng">English</language>
         </langUsage>
      </profileDesc>
      <encodingDesc>
         <charDecl>
            <char>
               <charName xml:id="suzette">Suzette</charName>
            </char>
            <char>
               <charName xml:id="papa">Papa</charName>
            </char>
            <char>
               <charName xml:id="la_maman">La maman</charName>
            </char>
            <char>
               <charName xml:id="jacques">Jacques</charName>            
            </char>
            <char>
               <charName xml:id="francois">François</charName>
            </char>
            <char>
               <charName xml:id="charlot">Charlot</charName>
            </char>
            <char>
               <charName xml:id="mme_valon">Mme Valon</charName>
            </char>
            <char>
               <charName xml:id="m_valon">M. Valon</charName>
            </char>
            <char>
               <charName xml:id="mme_richard">Mme Richard</charName>
            </char>
            <char>
               <charName xml:id="louis">Louis</charName>
            </char>
            <char>
               <charName xml:id="pascal">Pascal</charName>
            </char>
            <char>
               <charName xml:id="marthe">Marthe</charName>
            </char>
            <char>
               <charName xml:id="sylvain">Sylvain</charName>
            </char> 
            <char>
               <charName xml:id="ludivine">Ludivine</charName>
            </char> 
            <char>
               <charName xml:id="m_lejoly">M. Lejoly</charName>
            </char>
            <char>
               <charName xml:id="l_apiculteur">L'apiculteur</charName>
            </char>
            <char>
               <charName xml:id="la_bohemienne">La bohémienne</charName>
            </char>
            <char>
               <charName  xml:id="m_cartier">M. Cartier</charName>
            </char>
            <char>
               <charName xml:id="les_dumay">La Famille Dumay</charName>
            </char>
         </charDecl>
         <classDecl>
            <taxonomy xml:id="classification">
               <category xml:id="morale">
                  <catDesc>Morale</catDesc>
                  <category xml:id="enfantFamille">
                     <catDesc>L'enfant dans la famille</catDesc>
                  </category>
                  <category xml:id="devoirsFreresSoeurs">
                     <catDesc>Devoirs des frères et sœurs</catDesc>
                  </category>
                  <category xml:id="devoirsServiteurs">
                     <catDesc>Devoirs envers les serviteurs</catDesc>
                  </category>
                  <category xml:id="enfantEcole">
                     <catDesc>L'enfant dans l'école</catDesc>
                  </category>
                  <category xml:id="patrie">
                     <catDesc>La patrie</catDesc>
                  </category>
                  <category xml:id="devoirsSoiMeme">
                     <catDesc>Devoirs envers soi-même</catDesc>
                  </category>
                  <category xml:id="biensExterieurs">
                     <catDesc>Les biens extérieurs</catDesc>
                  </category>
                  <category xml:id="ame">
                     <catDesc>L'âme</catDesc>
                  </category>
                  <category xml:id="devoirsSemblables">
                     <catDesc>Devoirs envers nos semblables</catDesc>
                  </category>
                  <category xml:id="devoirsDieu">
                     <catDesc>Devoirs envers Dieu</catDesc>
                  </category>
               </category>
               <category xml:id="instructionCivique">
                  <catDesc>Instruction civique</catDesc>
               </category>
               <category xml:id="civilite">
                  <catDesc>Civilité</catDesc>
               </category>
               <category xml:id="francais">
                  <catDesc>Français</catDesc>
               </category>
               <category xml:id="composition">
                  <catDesc>Composition</catDesc>
                  <!--In the book Composition is followed by an (1); should that be included?-->
                  <category xml:id="recits">
                     <catDesc>Récits</catDesc>
                  </category>
                  <category xml:id="recitsHistoriques">
                     <catDesc>Récits historiques</catDesc>
                  </category>
                  <category xml:id="descriptions">
                     <catDesc>Descriptions</catDesc>
                  </category>
                  <category xml:id="sujetsMoraux">
                     <catDesc>Sujets moraux ou d'imagination</catDesc>
                  </category>
                  <category xml:id="lettres">
                     <catDesc>Lettres</catDesc>
                  </category>
               </category>
               <category xml:id="histoire">
                  <catDesc>Histoire</catDesc>
                  <!--<category xml:id="histoireNaturelle">
                     <catDesc>Histoire naturelle</catDesc>
                  </category>
                  <category xml:id="histoireTravail">
                     <catDesc>Histoire du travail</catDesc>
                  </category>-->
               </category>
               <category xml:id="geographie">
                  <catDesc>Géographie</catDesc>
                  <category xml:id="europe">
                     <catDesc>Europe</catDesc>
                  </category>
                  <category xml:id="asie">
                     <catDesc>Asie</catDesc>
                  </category>
                  <category xml:id="afrique">
                     <catDesc>Afrique</catDesc>
                  </category>
                  <category xml:id="amerique">
                     <catDesc>Amérique</catDesc>
                  </category>
                  <category xml:id="oceanie">
                     <catDesc>Océanie</catDesc>
                  </category>
                  <category xml:id="france">
                     <catDesc>France</catDesc>
                  </category>
                <!--  <category xml:id="topographie">
                     <catDesc>Topographie</catDesc>
                  </category>-->
               </category>
               <category xml:id="scienceNat">
                  <catDesc>Science Naturelles</catDesc>
                  <!--<category xml:id="geologie">
                     <catDesc>Géologie</catDesc>
                  </category>-->
                     <category xml:id="mineraux">
                        <catDesc>Minéraux</catDesc>
                     </category>
                     <!--In the book Minéraux is followed by ",etc."; should that be included?-->
                  <!--<category xml:id="botanique">
                     <catDesc>Botanique</catDesc>-->
                     <category xml:id="vegetaux">
                        <catDesc>Végétaux</catDesc>
                        <!--All of the sub-categories following this are numbered; should that be included?-->
                        <category xml:id="arbreNoncultives">
                           <catDesc>Arbres non cultivés</catDesc>
                        </category>
                        <category xml:id="herbesPlantes">
                           <catDesc>Herbes ou plantes sauvages</catDesc>
                        </category>
                        <category xml:id="arbreCultives">
                           <catDesc>Arbres cultivés</catDesc>
                        </category>
                        <category xml:id="arbustes">
                           <catDesc>Arbustes cultivés</catDesc>
                        </category>
                        <category xml:id="cereales">
                           <catDesc>Céréales</catDesc>
                        </category>
                        <category xml:id="legumesRacines">
                           <catDesc>Légumes, racines, etc.</catDesc>
                        </category>
                        <category xml:id="divers1"><!-- Avoid tagging with Divers - if necessary, create another sub-category -->
                           <catDesc>Divers</catDesc>
                        </category> 
                     </category>
                     <!--<category xml:id="physiologieVegetale">
                        <catDesc>Physiologie végétale</catDesc>
                     </category>-->
                  <!--</category>-->
                 <!-- <category xml:id="zoologie">
                     <catDesc>Zoologie</catDesc>-->
                     <category xml:id="animaux">
                        <catDesc>Animaux</catDesc>
                        <!--All of the sub-categories following this are numbered; should that be included?-->
                        <category xml:id="homme">
                           <catDesc>l'Homme</catDesc>
                        </category> <!--Homme wouldn't go under zoologie.. could we seperate it or rename this category?-->
                        <category xml:id="animauxDomestiques">
                           <catDesc>Animaux domestiques</catDesc>
                        </category>
                        <category xml:id="animauxSauvages">
                           <catDesc>Animaux sauvages</catDesc>
                        </category>
                     </category>
                     <!--<category xml:id="physiologieAnimal">
                        <catDesc>Physiologie animaux</catDesc>
                     </category>-->
                  <!--</category>-->
                  <!--<category xml:id="agriculture">
                     <catDesc>Agriculture</catDesc>
                     <category xml:id="techniquesAgricoles">
                        <catDesc>Techniques agricoles</catDesc>
                     </category>
                     <category xml:id="produits">
                        <catDesc>Produits</catDesc>
                     </category>
                     <category xml:id="outilsMachines">
                        <catDesc>Outils et machines</catDesc>
                     </category>
                     <category xml:id="recolte">
                        <catDesc>Récolte</catDesc>
                     </category>
                     <category xml:id="elevageBetail">
                        <catDesc>Élevage de bétail</catDesc>
                     </category>
                     <category xml:id="terrainAgricole">
                        <catDesc>Terrain agricole</catDesc>
                     </category>
                     <category xml:id="apiculture">
                        <catDesc>Apiculture</catDesc>
                     </category>
                  </category>-->
               </category>
               <category xml:id="sciencesPhys">
                  <catDesc>Notions relatives aux sciences physiques</catDesc>
                  <!--<category xml:id="elements">
                     <catDesc>Éléments</catDesc>-\->
                     <category xml:id="feu">
                        <catDesc>Feu</catDesc>
                     </category>
                     <!-\-Could add categories for earth/wind/air-\->
                  </category>
                  <category xml:id="meterologie">
                     <catDesc>Métérologie</catDesc>-\->
                  </category>-->
                  <!--Category for night/day cycles, seasons?-->
               </category>
               <category xml:id="industrie">
                  <catDesc>Industrie</catDesc>
                  <category xml:id="matieresObjets">
                     <catDesc>Matières et objets fabriqués</catDesc>
                  </category>
                  <category xml:id="constructions">
                     <catDesc>Constructions</catDesc>
                  </category>
                  <category xml:id="machinesAppareils">
                     <catDesc>Machines, appareils, ustensiles, vases</catDesc>
                  </category>
                  <!--Can outils go under machinesAppareils-->
                  <category xml:id="outils">
                     <catDesc>Outils</catDesc>
                  </category>
                  <category xml:id="etoffesHabillement">
                     <catDesc>Étoffes, habillement</catDesc>
                  </category>
                  <category xml:id="divers2">
                     <catDesc>Divers</catDesc>
                  </category>
               </category>
               <category xml:id="economieDomestique">
                  <catDesc>Économie Domestique</catDesc>
                  <!--<category xml:id="tachesMenageres">
                     <catDesc>Tâches ménagères</catDesc>
                  </category>-->
                  <category xml:id="alimentsCuisine">
                     <catDesc>Aliments et cuisine</catDesc>
                  </category>
                  <category xml:id="vetements1">
                     <catDesc>Vêtements</catDesc>
                  </category>
                  <category xml:id="basse-cour">
                     <catDesc>Basse-cour</catDesc>
                  </category>
                  <!--Could basse-cour be combined with scienceNat/agriculture under elevageBetail?--> 
               </category>
               <category xml:id="hygiene">
                  <catDesc>Hygiène</catDesc>
                  <category xml:id="corpsHabitations">
                     <catDesc>Corps et habitations</catDesc>
                  </category>
                  <category xml:id="vetements2">
                     <catDesc>Vêtements</catDesc>
                  </category>
                  <category xml:id="aliments">
                     <catDesc>Aliments</catDesc>
                  </category>
                  <category xml:id="maladiesRemedes">
                     <catDesc>Maladies, etc. ; remèdes</catDesc>
                  </category>
               </category>
            </taxonomy>
         </classDecl>
      </encodingDesc>
      <profileDesc>
         <settingDesc>
            <listPlace>
               <place>
                  <placeName xml:id="l_amerique">l'Amérique</placeName>
               </place>
               <place>
                  <placeName xml:id="l_oceanien">l'Oceanian</placeName>
               </place>
               <place>
                  <placeName xml:id="l_europe">l'Europe</placeName>
               </place>
               <place>
                  <placeName xml:id="l_afrique">l'Afrique</placeName>
               </place>
               <place>
                  <placeName xml:id="l_australie">l'Australie</placeName>
               </place>
               <place>
                  <placeName xml:id="la_france">la France</placeName>
               </place>
               <place>
                  <placeName xml:id="la_chine">la Chine</placeName>
               </place>
               <place>
                  <placeName xml:id="etats_unis">les États-Unis</placeName>
               </place>
               <place>
                  <placeName xml:id="l_arabe">l'Arabe</placeName>
               </place>
               <place>
                  <placeName xml:id="la_canada">la Canada</placeName>
               </place>
               <place>
                  <placeName xml:id="fragicourt">Fragicourt</placeName>
               </place>
               <place>
                  <placeName xml:id="paris">Paris</placeName>
               </place>
               <place>
                  <placeName xml:id="bruxelles">Bruxelles</placeName>
               </place>
               <place>
                  <placeName xml:id="boston">Boston
                  </placeName>
               </place>
               <place> 
                  <placeName xml:id="l_avre">l'Avre
                     <geogFeat>River</geogFeat>
                  </placeName> 
               </place>
               <place>
                  <placeName xml:id="la_moye">la Moye
                     <geogFeat>River</geogFeat>
                  </placeName>
               </place>
            </listPlace>
         </settingDesc>
      </profileDesc>
   </teiHeader>
   <text>
      <body>
         <!-- n is for maitresse edition, corresp is for student edition -->
         
         <div type="chapter" n="110">
            <div xml:lang="fr">
               <div type="student">
                  
                  <pb type="page" n="387"/>
                  <head> 110. — Le rucher. (Élève, p. 236.) </head>
         
                  <p> C'étaient une dizaine de minuscules*<gloss>Minuscule. Tout petit.</gloss> <seg ana="#basse-cour">maisonnettes</seg> haut perchées, les unes de <seg ana="#arbreNoncultives">bois</seg>, semblables à des chalets<!--Definition for (Chalet. Maison de bois que l'on construit surtout dans les montagnes.) but no asterisk-->, les autres de <seg ana="#scienceNat">paille</seg>, en forme de cloche. Elles formaient un cercle. </p>
                  <sp><speaker>Pascal</speaker><ab> <name type="comparison">— Cela ressemble à un petit douar*<gloss>Douar. Village arabe formé de tentes.</gloss> arabe</name>, </ab></sp> <stage> dit <persName ana="#pascal">l'explorateur Pascal</persName>. </stage>
                  <p> Des gens étaient rangés là, autour d'<persName ana="#l_apiculteur">un vieux monsieur</persName> qui parlait. <persName ana="#l_apiculteur">Ce monsieur</persName>, grand, maigre, portait <seg ana="#basse-cour">un haut chapeau</seg> sur ses cheveux blancs, et <seg ana="#basse-cour">un tablier</seg> bleu, à <seg ana="#basse-cour">bavette</seg>, sur son vêtement noir. </p>
                  <p> Il s'interrompit pour inviter les arrivants à entrer. </p>
                  <p> Sans doute, à cause du douar, <persName ana="#pascal">Pascal</persName> entra le premier ; <!--<persName>la famille</persName>--> suivit. </p>
                  <p> <persName ana="#l_apiculteur">Le monsieur</persName> les mit aussitôt au fait en leur disant : </p>
                  <sp><speaker>L'apiculteur</speaker><ab> — Il s'agit d'<seg ana="#scienceNat">apiculture</seg>, de <seg ana="#scienceNat">culture des abeilles</seg>. </ab></sp>
                  
                  <figure> 
                     <caption> Les <hi rend="italic">Larve de l'abeille.</hi>
                        <lb/>
                        Reste six jours dans cet état avant de devenir nymphe.
                     </caption>
                  </figure>
                  
                  <figure> 
                     <caption> Les <hi rend="italic">Abeilles.</hi>
                        <lb/>
                        1. Reine. — 2. Mâle ou faux-bourdon. 3. Ouvrière.
                     </caption>
                  </figure>
                  
                  <p> Et montrant <seg ana="#basse-cour">les maisonnettes</seg> : </p>
                  <sp><speaker>L'apiculteur</speaker><ab> — Vous voyez <seg ana="#basse-cour">le rucher</seg>. J'étais en train de demander si, parmi les personnes qui m'écoutent, il y a un habitant, une habitante de <!--<seg ana="geographie">la campagne</seg>-->. </ab></sp>
                  <p> On ne répondit pas ; mais <persName ana="#pascal">Pascal</persName>, <persName ana="#louis">Louis</persName>, <persName ana="marthe">Marthe</persName> regardèrent <persName ana="#suzette">Suzette</persName> qui toussa, légèrement embarrassée. </p>
                  <p> <persName ana="#l_apiculteur">Le monsieur</persName> la regarda aussi, et <persName ana="#mme_richard">Mme Richard</persName>, prenant la parole, dit que <persName ana="#suzette">mademoiselle</persName>, <persName ana="#suzette">sa nièce</persName>, était <persName ana="#suzette"><seg ana="#scienceNat">fermière</seg></persName> à <placeName ana="#fragicourt">Fragicourt</placeName>. </p>
                  <sp><speaker>Mme Richard</speaker><ab> — <persName ana="#suzette">Mademoiselle</persName> est <persName ana="#suzette"><seg ana="#scienceNat">fermière</seg></persName> ! </ab></sp>
         
                  <pb type="page" n="388"/>   
                  <fw type="header"> 388 SUZETTE. </fw>
         
                  <sp><speaker>Suzette</speaker><ab> — Oui, <persName ana="#l_apiculteur">Monsieur</persName>, </ab></sp> <stage> répondit <persName ana="#suzette">Suzette</persName>. </stage>
                  <sp><speaker>L'apiculteur</speaker><ab> — A la bonne heure ! on va s'entendre... Vous <seg ana="#basse-cour">élevez</seg> <seg ana="#animauxSauvages">des abeilles</seg> ? </ab></sp>
                  <sp><speaker>Suzette</speaker><ab> — <seg ana="#animauxSauvages">Des abeilles</seg> ? non, <persName ana="#l_apiculteur">Monsieur</persName>. </ab></sp>
                  <sp><speaker>L'apiculteur</speaker><ab> — Comment non ? alors vous êtes <seg ana="#scienceNat">une fermière</seg> millionnaire ? </ab></sp>
                  <p> Il vit bien au rire de <persName ana="#suzette">Suzette</persName> qu'elle avait encore moins de millions que d'<seg ana="#animauxSauvages">abeilles</seg>. </p>
                  <sp><speaker>L'apiculteur</speaker><ab> — Et dans votre <placeName ana="#fragicourt">village de Fragicourt</placeName>, on agit sans doute comme vous, en fait d'<seg ana="#scienceNat">apiculture</seg> ? </ab></sp>
                  <sp><speaker>Suzette</speaker><ab> — Oui, <persName ana="#l_apiculteur">Monsieur</persName>. </ab></sp>
                  <sp><speaker>L'apiculteur</speaker><ab> — C'est cela ! c'est cela ! Et vous n'êtes probablement pas les derniers en <placeName ana="#la_france">France</placeName> à vous plaindre de la dureté des temps et de la peine qu'on a à vivre ?... Eh bien ! <persName ana="#suzette">Mademoiselle</persName>, </ab></sp> <stage> reprit-il, </stage> <sp><speaker>L'apiculteur</speaker><ab> si vous aviez mon âge, je me fâcherais tout rouge contre vous ! </ab></sp>
                  
                  <figure> 
                     <caption> Les <hi rend="italic">Abeille butineuse.</hi>
                        <lb/>
                        Elle s'introduit dans la fleur, y plonge sa trompe, espèce de langue qui aspire la liqueur sucrée, et elle s'envole emportant sur le duvet de son corps, ainsi que dans les brosses et les corbeilles de ses pattes, le pollen de la fleur, sous forme de pelote.
                     </caption>
                  </figure>
                  
                  <p> Il se fâchait, et comme il faut, mais c'était la très pardonnable fâcherie de la science contre l'ignorance : </p>
                  <sp><speaker>L'apiculteur</speaker><ab> — Est-il donc possible qu'<seg ana="#scienceNat">une fermière</seg> ne se soucie pas d'avoir au midi de sa <seg ana="#scienceNat">ferme</seg> un bel et bourdonnant et lucratif*<gloss>Lucratif. Qui produit un bon revenu.</gloss> <seg ana="#basse-cour">rucher</seg>  ! Y a-t-il de l’esprit à se priver d'une précieuse ressource en même temps que d'une très intéressante occupation ! </ab></sp>
                  
                  <figure> 
                     <caption> Les <hi rend="italic">Pattes d'une abeille.</hi>
                        <lb/>
                        Brosses (1) et corbeilles (2) dans lesquelles l'abeille emmagasine le pollen.
                     </caption>
                  </figure>
                  
                  <p> Il ajouta : </p>
                  <sp><speaker>L'apiculteur</speaker><ab> — Quoique je ne vous fasse pas trop de compliments, vous plaît-il, <persName ana="#suzette">Mademoiselle</persName>, d'écouter, de regarder un moment ? </ab></sp>
                  <p> Toute cette brusquerie ne déplut pas à <persName ana="#suzette">Mlle Suzette</persName>, qui, quoique un peu gênée, voyait bien d'où elle partait. </p>
                  <p> Elle répondit : </p>
                  <sp><speaker>Suzette</speaker><ab> — <persName ana="#l_apiculteur">Monsieur</persName>, j'écoute, et je regarde. </ab></sp>
         
                  <pb type="page" n="389"/>   
                  <fw type="header"> LE RUCHER. 389 </fw>
                     
                     <div type="questionnaire">
                        <ab>
                           <hi rend="bold"> Questionnaire. </hi> — Sous quel aspect se présentait le rucher ? — Quelle singulière réflexion fit Pascal ? — Que voyait-on autour d'un monsieur dont vous ferez le portrait ? — Que dit le monsieur aux arrivants ? — Qu'était-il en train de demander à ses auditeurs ? — Comment sut-il que Suzette était de la campagne ? 
                           <cb/>
                           — Quel dialogue s'engagea entre le monsieur et Suzette ? — Pourquoi ce monsieur se fâcha-t-il ? — Que dit-il à propos des fermières qui ne se soucient pas d'avoir un rucher ? Que proposa-t-il à Suzette ? — Pourquoi sa brusquerie ne déplut-elle pas à la jeune fermière ?
                        </ab>
                     </div>
               </div>
               
               <div type="teacher">
                  <div type="exercice">
                     <head type="exercice"> DÉVELOPPEMENT DES SUJETS PROPOSÉS POUR EXERCICES. </head>
                     
                     <div type="morale">
                        <head type="sujets"> Morale. </head> 
                        
                        <ab type="question"> — Qu'est-ce que travailler isolément ? — Exemples. — Qu'est-ce que s'associer pour exécuter un travail ? — Exemples. — Avantages de l'association. — Parler des sociétés de secours mutuels. </ab>
                        
                        <ab type="answer"> Travailler isolément, c'est commencer seul et achever seul une tâche quelconque. Un homme qui voudrait faire, sans aide aucune, une maison d'habitation, un outil, travaillerait isolément. La fermière qui fait son pain, allume son four, y met le pain, l'y laisse cuire, le retire, est dans le même cas. <lb/>
                        Un travail demande beaucoup plus de temps, lorsqu'il est long et compliqué, si la même personne l'exécute ; il est encore bien plus dispendieux. Aussi y a-t-il longtemps que les hommes se sont associés afin que chacun, exécutant toujours la même tâche, puisse la faire mieux, plus vite et à meilleur compte. Qu'en serait-il, par exemple, si chaque père et mère de famille étaient tenus de bâtir leur maison, de confectionner leurs meubles, leurs outils, les étoffes des vêtements, les chaussures, etc., etc ? ils n'auraient pas un instant pour cultiver le champ et le jardin qui doivent produire la nourriture nécessaire. <lb/>
                        Qui pourrait d'ailleurs se passer entièrement de l'aide et du secours d'autrui ? Nous en avons besoin dans l'enfance ; nous en avons besoin en tout et toujours. Représentez-vous un homme seul, sans relations avec ses semblables, n'en recevant rien, ne leur rendant rien : ce serait le sauvage au milieu des bois ; ce serait bien moins que le sauvage, car le sauvage vit en famille, en société ; ce serait bien moins que l'animal qui a sa femelle et ses petits dont il prend soin, et qui s'associe souvent encore, soit pour la défense réciproque, soit pour un travail commun, avec des individus de même espèce. <lb/>
                        A côté de cette association générale qui constitue ce que nous appelons les sociétés humaines ou simplement la société, il existe des associations particulières entre un certain nombre de personnes ; leur objet est de pourvoir aux nécessités qui résultent de l'incapacité de travail, de la maladie, de la vieillesse pour chacun des membres successivement. On les dénomme <!--<seg corresp="#devoirsSemblables">sociétés de secours mutuels</seg>-->. <lb/>
                        Elles se constituent en choisissant parmi les membres un président, un bureau, un caissier, un secrétaire. Le bureau, à la tête duquel est le président, vérifie les comptes du caissier auquel tous les membres versent chaque année une somme fixe appelée <!--<seg corresp="#devoirsSemblables">cotisation</seg>--> ; il examine ensuite les demandes de secours et détermine le montant de la somme à allouer à chacun des solliciteurs. Le secrétaire prend note de toutes les décisions du bureau. <lb/>
                        Ainsi, chaque membre de l'association est assuré d'avoir toujours le nécessaire ; pour lui d'abord, puis pour les siens, s'il tombe malade ou s'il lui devient impossible de travailler, enfin s'il meurt sans laisser de ressources. <lb/>
                        Parmi ces associations dont l'État surveille les opérations, il y a : <lb/>
                        La <!--<seg corresp="#devoirsSemblables">société d'assurance</seg>--> contre les accidents, qui garantit à chaque membre une pension de 300 francs dès qu'il sera incapable de travailler ; <lb/>
                        La <!--<seg corresp="#devoirsSemblables">Caisse des retraites</seg>-->, institution dont l'objet est de procurer aux
                           
                  <fw type="sig"> 22. </fw>
         
                  <pb type="page" n="390"/>   
                  <fw type="header"> 390 SUZETTE. </fw>
         
plus pauvres, par le versement annuel d'une faible somme, une existence assurée pour leurs vieux jours (1)<note type="foot">(1) En versant 102 francs par an, et à partir de l’âge de 30 ans, une personne a droit, à l'âge de 60 ans, à une rente annuelle de 600 francs ; après sa mort, sa femme touchera 400 francs de rente, et, après la mort de la femme, les enfants ou autres héritiers recevront encore un capital de 1,530 francs.</note>. <lb/>
                        Il y a des assurances sur la vie. En versant annuellement une somme de  50 francs à partir de l'âge de 30 ans, la veuve, et à son défaut les enfants, recevra, à la mort de son mari, une somme de 2,000 francs. <lb/>
                        D'autres associations, qui ordinairement s'établissent entre les ouvriers d'un même corps d'état ou d'une grande usine, ont pour objet l'achat en commun des denrées et des effets d'habillement, lesquels sont vendus aux associés, à peu de chose près, au prix d'achat. Chaque sociétaire verse toutes les semaines une somme fixe, et la réunion des cotisations forme le fonds sur lequel on prélève l'argent nécessaire aux achats. Les bénéfices, tout faibles qu'ils soient, finissent par constituer un capital dont le revenu permet d'acquérir les denrées et autres objets à meilleur marché encore. Une association de ce genre constituée entre les pauvres ouvriers de Rochdale, en Angleterre, fait par an, après les plus humbles débuts, un bénéfice d'un demi-million, dont on distribue la moitié aux membres participants. Il en existe de semblables à Roubaix, à Grenoble, à Vienne (Isère), et toutes sont très prospères. </ab>
                     </div>
                     
                     <div type="industrie">
                        <head type="sujets"> Industrie. </head> 
                        
                        <ab type="question"> — Décrire une ruche : donner d'abord des détails sur l'extérieur, puis sur ce qu'on voit à l'intérieur. </ab>
                        
                        <ab type="answer"> <note type="reference"> (Prendre pour modèle la lecture 111.) </note> </ab>
                     </div>
                     
                     <div type="sciencesNat">
                        <head type="sujets"> Sciences naturelles. </head> 
                        
                        <ab type="question"> — Décrire l'abeille sous ses différents états. — Décrire un rayon de miel. — Forme des alvéoles. </ab>
                        
                        <ab type="answer"> L'<term type="abeille">abeille ouvrière</term> est un petit insecte d'une couleur brun roux, ayant deux paires d'ailes et trois paires de pattes dont les postérieures sont garnies de palettes et de brosses pour récolter le pollen des fleurs, dont elle composera son miel. Sa bouche est munie d'une trompe qu'elle applique contre les pétales ; elle en aspire le suc, rentre sa trompe dans sa bouche et dépose son butin dans un conduit d'où il passe dans l'estomac. Un aiguillon lui sert d'arme pour se défendre. <lb/>
                        La <term type="abeille">femelle</term> ou <term type="abeille">reine</term> est une abeille plus grosse que les autres, dont l'unique fonction est de pondre les œufs d'où naîtront les petites larves qui, convenablement nourries, arriveront à l'état d'abeilles parfaites. <lb/>
                        Les <term type="abeille">faux bourdons</term> sont les abeilles mâles ; ils ne vont pas à la recherche du miel ; aussi, dès la ponte des œufs de la reine, ils sont mis à mort. Leur nombre est à peine le dixième de celui des ouvrières. <lb/>
                        Une ruche compte de 15,000 à 30,000 individus. Les abeilles déposent le miel qu'elles produisent dans de petites constructions de cire, à six faces latérales, appelées <term type="abeille">alvéoles</term> ; la régularité de ce travail est vraiment extraordinaire. C'est encore dans les alvéoles qu'elles placent les œufs et que grossissent les larves. Leur réunion forme un gâteau. </ab>
                     </div>
                     
                     <div type="hygiene">
                        <head type="sujets"> Hygiène. </head> 
                        
                        <ab type="question"> — Comment doit-on se vêtir, se nourrir, se rafraichir pendant la période des chaleurs ? </ab>
                        
                        <ab type="answer"> Pendant la période des chaleurs, il est sage de porter des vêtements légers et plutôt de laine ou de coton que de toile ; amples, de manière que nulle partie du corps ne soit comprimée ; et il faut renouveler fréquemment ceux qui sont en contact avec la peau, comme les flanelles, les chemises, les bas. Une nourriture confortable est nécessaire, mais elle doit comporter beaucoup de légumes et quelques fruits bien mûrs. Les cerises et les fraises sont très saines. <lb/>
                        On évitera de boire froid surtout lorsqu'on sera en transpiration :
         
                  <pb type="page" n="391"/>   
                  <fw type="header"> NOTRE AMIE L'ABEILLE. 391 </fw>
         
des fluxions de poitrine, des fièvres malignes et des congestions mortelles résultent d'une telle imprudence : on peut boire frais, et encore, au lieu d'avaler tout de suite, il est prudent de conserver quelques instants le liquide dans la bouche ; il sera alors plus hygiénique et le besoin de la soif exigera moins pour être satisfait. <lb/>
                        Les boissons qui conviennent le mieux en été sont : le vin, le thé ou le café étendus d'eau ; l'infusion de réglisse et de gentiane où l'on aura versé un peu d'eau-de-vie est également excellente. Il ne faut abuser ni du lait, ni de la bière, ni de l'eau pure, qui provoquent des sueurs débilitantes. </ab>
         
                     </div>
                  </div>
               </div>
            </div>
         </div>
      </body>
  </text>
</TEI>
