<?xml version="1.0" encoding="UTF-8"?>
<?xml-model href="http://www.tei-c.org/release/xml/tei/custom/schema/relaxng/tei_all.rng" type="application/xml" schematypens="http://relaxng.org/ns/structure/1.0"?>
<?xml-model href="http://www.tei-c.org/release/xml/tei/custom/schema/relaxng/tei_all.rng" type="application/xml"
	schematypens="http://purl.oclc.org/dsdl/schematron"?>
<TEI xmlns="http://www.tei-c.org/ns/1.0">
   <teiHeader>
      <fileDesc>
         <titleStmt>
            <title type="main">Suzette: a Digital Edition - Chapter 112</title>
            <respStmt>
               <persName>John Westbrook</persName>
               <orgName>Bucknell University</orgName>
               <resp>Editor</resp>
            </respStmt>
            <respStmt>
               <persName>Annie Girton</persName>
               <orgName>Bucknell University</orgName>
               <resp>Research Assistant and Encoder</resp>
            </respStmt>
            <respStmt>
               <persName xml:id="JAKA1">Diane Jakacki</persName>
               <orgName>Bucknell University</orgName>
               <resp>Project Manager</resp>               
            </respStmt>
         </titleStmt>
         <publicationStmt>
            <distributor>Bucknell University</distributor>
            <pubPlace>
               <address>
                  <addrLine>One Dent Drive</addrLine>
                  <addrLine>Lewisburg, PA 17837</addrLine>
               </address>
            </pubPlace>
            <availability>
               <licence>Attribution-NonCommercial-ShareAlike 4.0 International</licence>
            </availability>
         </publicationStmt>
         <sourceDesc>
            <biblStruct>
               <monogr>
                  <title>Suzette: Livre de Lecture Courante à l’Usage des Jeunes Filles. Morale—Leçon de choses, Economie Domestique – Ménage – Cuisine – Couture</title>
                  <author>Robert Halt</author>
                  <textLang>French</textLang>
                  <imprint>
                     <date>1889</date>
                     <distributor>Libraire Classique Paul Delaplane</distributor>
                     <pubPlace>Paris, France</pubPlace>
                  </imprint>
               </monogr>
            </biblStruct>
         </sourceDesc>
      </fileDesc>
           <profileDesc>
         <langUsage>
            <language ident="fra">French</language>
            <language ident="eng">English</language>
         </langUsage>
      </profileDesc>
      <encodingDesc>
         <charDecl>
            <char>
               <charName xml:id="suzette">Suzette</charName>
            </char>
            <char>
               <charName xml:id="papa">Papa</charName>
            </char>
            <char>
               <charName xml:id="la_maman">La maman</charName>
            </char>
            <char>
               <charName xml:id="jacques">Jacques</charName>            
            </char>
            <char>
               <charName xml:id="francois">François</charName>
            </char>
            <char>
               <charName xml:id="charlot">Charlot</charName>
            </char>
            <char>
               <charName xml:id="mme_valon">Mme Valon</charName>
            </char>
            <char>
               <charName xml:id="m_valon">M. Valon</charName>
            </char>
            <char>
               <charName xml:id="mme_richard">Mme Richard</charName>
            </char>
            <char>
               <charName xml:id="louis">Louis</charName>
            </char>
            <char>
               <charName xml:id="pascal">Pascal</charName>
            </char>
            <char>
               <charName xml:id="marthe">Marthe</charName>
            </char>
            <char>
               <charName xml:id="sylvain">Sylvain</charName>
            </char> 
            <char>
               <charName xml:id="ludivine">Ludivine</charName>
            </char> 
            <char>
               <charName xml:id="m_lejoly">M. Lejoly</charName>
            </char>
            <char>
               <charName xml:id="l_apiculteur">L'apiculteur</charName>
            </char>
            <char>
               <charName xml:id="la_bohemienne">La bohémienne</charName>
            </char>
            <char>
               <charName  xml:id="m_cartier">M. Cartier</charName>
            </char>
            <char>
               <charName xml:id="les_dumay">La Famille Dumay</charName>
            </char>
         </charDecl>
         <classDecl>
            <taxonomy xml:id="classification">
               <category xml:id="morale">
                  <catDesc>Morale</catDesc>
                  <category xml:id="enfantFamille">
                     <catDesc>L'enfant dans la famille</catDesc>
                  </category>
                  <category xml:id="devoirsFreresSoeurs">
                     <catDesc>Devoirs des frères et sœurs</catDesc>
                  </category>
                  <category xml:id="devoirsServiteurs">
                     <catDesc>Devoirs envers les serviteurs</catDesc>
                  </category>
                  <category xml:id="enfantEcole">
                     <catDesc>L'enfant dans l'école</catDesc>
                  </category>
                  <category xml:id="patrie">
                     <catDesc>La patrie</catDesc>
                  </category>
                  <category xml:id="devoirsSoiMeme">
                     <catDesc>Devoirs envers soi-même</catDesc>
                  </category>
                  <category xml:id="biensExterieurs">
                     <catDesc>Les biens extérieurs</catDesc>
                  </category>
                  <category xml:id="ame">
                     <catDesc>L'âme</catDesc>
                  </category>
                  <category xml:id="devoirsSemblables">
                     <catDesc>Devoirs envers nos semblables</catDesc>
                  </category>
                  <category xml:id="devoirsDieu">
                     <catDesc>Devoirs envers Dieu</catDesc>
                  </category>
               </category>
               <category xml:id="instructionCivique">
                  <catDesc>Instruction civique</catDesc>
               </category>
               <category xml:id="civilite">
                  <catDesc>Civilité</catDesc>
               </category>
               <category xml:id="francais">
                  <catDesc>Français</catDesc>
               </category>
               <category xml:id="composition">
                  <catDesc>Composition</catDesc>
                  <!--In the book Composition is followed by an (1); should that be included?-->
                  <category xml:id="recits">
                     <catDesc>Récits</catDesc>
                  </category>
                  <category xml:id="recitsHistoriques">
                     <catDesc>Récits historiques</catDesc>
                  </category>
                  <category xml:id="descriptions">
                     <catDesc>Descriptions</catDesc>
                  </category>
                  <category xml:id="sujetsMoraux">
                     <catDesc>Sujets moraux ou d'imagination</catDesc>
                  </category>
                  <category xml:id="lettres">
                     <catDesc>Lettres</catDesc>
                  </category>
               </category>
               <category xml:id="histoire">
                  <catDesc>Histoire</catDesc>
                  <!--<category xml:id="histoireNaturelle">
                     <catDesc>Histoire naturelle</catDesc>
                  </category>
                  <category xml:id="histoireTravail">
                     <catDesc>Histoire du travail</catDesc>
                  </category>-->
               </category>
               <category xml:id="geographie">
                  <catDesc>Géographie</catDesc>
                  <category xml:id="europe">
                     <catDesc>Europe</catDesc>
                  </category>
                  <category xml:id="asie">
                     <catDesc>Asie</catDesc>
                  </category>
                  <category xml:id="afrique">
                     <catDesc>Afrique</catDesc>
                  </category>
                  <category xml:id="amerique">
                     <catDesc>Amérique</catDesc>
                  </category>
                  <category xml:id="oceanie">
                     <catDesc>Océanie</catDesc>
                  </category>
                  <category xml:id="france">
                     <catDesc>France</catDesc>
                  </category>
                <!--  <category xml:id="topographie">
                     <catDesc>Topographie</catDesc>
                  </category>-->
               </category>
               <category xml:id="scienceNat">
                  <catDesc>Science Naturelles</catDesc>
                  <!--<category xml:id="geologie">
                     <catDesc>Géologie</catDesc>
                  </category>-->
                     <category xml:id="mineraux">
                        <catDesc>Minéraux</catDesc>
                     </category>
                     <!--In the book Minéraux is followed by ",etc."; should that be included?-->
                  <!--<category xml:id="botanique">
                     <catDesc>Botanique</catDesc>-->
                     <category xml:id="vegetaux">
                        <catDesc>Végétaux</catDesc>
                        <!--All of the sub-categories following this are numbered; should that be included?-->
                        <category xml:id="arbreNoncultives">
                           <catDesc>Arbres non cultivés</catDesc>
                        </category>
                        <category xml:id="herbesPlantes">
                           <catDesc>Herbes ou plantes sauvages</catDesc>
                        </category>
                        <category xml:id="arbreCultives">
                           <catDesc>Arbres cultivés</catDesc>
                        </category>
                        <category xml:id="arbustes">
                           <catDesc>Arbustes cultivés</catDesc>
                        </category>
                        <category xml:id="cereales">
                           <catDesc>Céréales</catDesc>
                        </category>
                        <category xml:id="legumesRacines">
                           <catDesc>Légumes, racines, etc.</catDesc>
                        </category>
                        <category xml:id="divers1"><!-- Avoid tagging with Divers - if necessary, create another sub-category -->
                           <catDesc>Divers</catDesc>
                        </category> 
                     </category>
                     <!--<category xml:id="physiologieVegetale">
                        <catDesc>Physiologie végétale</catDesc>
                     </category>-->
                  <!--</category>-->
                 <!-- <category xml:id="zoologie">
                     <catDesc>Zoologie</catDesc>-->
                     <category xml:id="animaux">
                        <catDesc>Animaux</catDesc>
                        <!--All of the sub-categories following this are numbered; should that be included?-->
                        <category xml:id="homme">
                           <catDesc>l'Homme</catDesc>
                        </category> <!--Homme wouldn't go under zoologie.. could we seperate it or rename this category?-->
                        <category xml:id="animauxDomestiques">
                           <catDesc>Animaux domestiques</catDesc>
                        </category>
                        <category xml:id="animauxSauvages">
                           <catDesc>Animaux sauvages</catDesc>
                        </category>
                     </category>
                     <!--<category xml:id="physiologieAnimal">
                        <catDesc>Physiologie animaux</catDesc>
                     </category>-->
                  <!--</category>-->
                  <!--<category xml:id="agriculture">
                     <catDesc>Agriculture</catDesc>
                     <category xml:id="techniquesAgricoles">
                        <catDesc>Techniques agricoles</catDesc>
                     </category>
                     <category xml:id="produits">
                        <catDesc>Produits</catDesc>
                     </category>
                     <category xml:id="outilsMachines">
                        <catDesc>Outils et machines</catDesc>
                     </category>
                     <category xml:id="recolte">
                        <catDesc>Récolte</catDesc>
                     </category>
                     <category xml:id="elevageBetail">
                        <catDesc>Élevage de bétail</catDesc>
                     </category>
                     <category xml:id="terrainAgricole">
                        <catDesc>Terrain agricole</catDesc>
                     </category>
                     <category xml:id="apiculture">
                        <catDesc>Apiculture</catDesc>
                     </category>
                  </category>-->
               </category>
               <category xml:id="sciencesPhys">
                  <catDesc>Notions relatives aux sciences physiques</catDesc>
                  <!--<category xml:id="elements">
                     <catDesc>Éléments</catDesc>-\->
                     <category xml:id="feu">
                        <catDesc>Feu</catDesc>
                     </category>
                     <!-\-Could add categories for earth/wind/air-\->
                  </category>
                  <category xml:id="meterologie">
                     <catDesc>Métérologie</catDesc>-\->
                  </category>-->
                  <!--Category for night/day cycles, seasons?-->
               </category>
               <category xml:id="industrie">
                  <catDesc>Industrie</catDesc>
                  <category xml:id="matieresObjets">
                     <catDesc>Matières et objets fabriqués</catDesc>
                  </category>
                  <category xml:id="constructions">
                     <catDesc>Constructions</catDesc>
                  </category>
                  <category xml:id="machinesAppareils">
                     <catDesc>Machines, appareils, ustensiles, vases</catDesc>
                  </category>
                  <!--Can outils go under machinesAppareils-->
                  <category xml:id="outils">
                     <catDesc>Outils</catDesc>
                  </category>
                  <category xml:id="etoffesHabillement">
                     <catDesc>Étoffes, habillement</catDesc>
                  </category>
                  <category xml:id="divers2">
                     <catDesc>Divers</catDesc>
                  </category>
               </category>
               <category xml:id="economieDomestique">
                  <catDesc>Économie Domestique</catDesc>
                  <!--<category xml:id="tachesMenageres">
                     <catDesc>Tâches ménagères</catDesc>
                  </category>-->
                  <category xml:id="alimentsCuisine">
                     <catDesc>Aliments et cuisine</catDesc>
                  </category>
                  <category xml:id="vetements1">
                     <catDesc>Vêtements</catDesc>
                  </category>
                  <category xml:id="basse-cour">
                     <catDesc>Basse-cour</catDesc>
                  </category>
                  <!--Could basse-cour be combined with scienceNat/agriculture under elevageBetail?--> 
               </category>
               <category xml:id="hygiene">
                  <catDesc>Hygiène</catDesc>
                  <category xml:id="corpsHabitations">
                     <catDesc>Corps et habitations</catDesc>
                  </category>
                  <category xml:id="vetements2">
                     <catDesc>Vêtements</catDesc>
                  </category>
                  <category xml:id="aliments">
                     <catDesc>Aliments</catDesc>
                  </category>
                  <category xml:id="maladiesRemedes">
                     <catDesc>Maladies, etc. ; remèdes</catDesc>
                  </category>
               </category>
            </taxonomy>
         </classDecl>
      </encodingDesc>
      <profileDesc>
         <settingDesc>
            <listPlace>
               <place>
                  <placeName xml:id="l_amerique">l'Amérique</placeName>
               </place>
               <place>
                  <placeName xml:id="l_oceanien">l'Oceanian</placeName>
               </place>
               <place>
                  <placeName xml:id="l_europe">l'Europe</placeName>
               </place>
               <place>
                  <placeName xml:id="l_afrique">l'Afrique</placeName>
               </place>
               <place>
                  <placeName xml:id="l_australie">l'Australie</placeName>
               </place>
               <place>
                  <placeName xml:id="la_france">la France</placeName>
               </place>
               <place>
                  <placeName xml:id="la_chine">la Chine</placeName>
               </place>
               <place>
                  <placeName xml:id="etats_unis">les États-Unis</placeName>
               </place>
               <place>
                  <placeName xml:id="l_arabe">l'Arabe</placeName>
               </place>
               <place>
                  <placeName xml:id="la_canada">la Canada</placeName>
               </place>
               <place>
                  <placeName xml:id="fragicourt">Fragicourt</placeName>
               </place>
               <place>
                  <placeName xml:id="paris">Paris</placeName>
               </place>
               <place>
                  <placeName xml:id="bruxelles">Bruxelles</placeName>
               </place>
               <place>
                  <placeName xml:id="boston">Boston
                  </placeName>
               </place>
               <place> 
                  <placeName xml:id="l_avre">l'Avre
                     <geogFeat>River</geogFeat>
                  </placeName> 
               </place>
               <place>
                  <placeName xml:id="la_moye">la Moye
                     <geogFeat>River</geogFeat>
                  </placeName>
               </place>
            </listPlace>
         </settingDesc>
      </profileDesc>
   </teiHeader>
   <text>
      <body>
         <!-- n is for maitresse edition, corresp is for student edition -->
         
         <div type="chapter" n="112">
            <div xml:lang="fr">
               <div type="student">
                  
                  <pb type="page" n="393"/>
                  <head> 112. — Un stimulant. (Élève, p. 239.) </head>

                  <p> En un court exposé, il fit l'historique du précieux <seg ana="#animauxSauvages">insecte</seg>. Il montra <!--<seg ana="#homme">l'homme d'autrefois</seg>--> à <seg ana="#scienceNat">la chasse des ruches sauvages</seg> et de leurs rayons à travers <seg ana="#arbreNoncultives">les forêts</seg>. C'est ainsi que font encore aujourd'hui les nègres d'<placeName ana="#l_afrique">Afrique</placeName>. Un fin petit <seg ana="#animauxSauvages">oiseau</seg>, friand de <!--<seg ana="#alimentsCuisine">miel</seg>-->, mais incapable de le <seg ana="#scienceNat">cueillir</seg> par lui-même, les précède, leur indique <seg ana="#vegetaux">les creux d'arbres</seg> où vivent <seg ana="#animauxSauvages">les abeilles</seg> ; les nègres, dans leur langue l'appellent « l'indicateur ». Ils
         
                  <pb type="page" n="394"/>   
                  <fw type="header"> 394 SUZETTE. </fw>
         
         lui laissent un peu de <!--<seg ana="#alimentsCuisine">miel</seg>--> en payement. <!--<seg ana="#homme">L'homme primitif</seg>--> connaissait sans doute aussi ce petit <seg ana="#animaux">fureteur ailé</seg>. </p>
                  <p> Mais, une fois fixé sur <seg ana="#mineraux">le sol</seg>, où il fait <seg ana="#scienceNat">pousser</seg> <seg ana="#vegetaux">les moissons</seg>, <seg ana="#vegetaux">les arbres</seg>, <seg ana="#vegetaux">les fleurs</seg>, <seg ana="#homme">l'homme</seg> appelle <seg ana="#animauxSauvages">l'abeille</seg> à <seg ana="#animaux">une picorée</seg> facile. Et, en récompense, elle accepte d'<seg ana="#animaux">habiter</seg> près de lui et de lui céder son superflu*<gloss>Le superflu. Ce qui n'est pas nécessaire à nos besoins.</gloss>. </p>
                  <p> Et comment, à <time>l'heure de progrès</time> où nous sommes, ne pas songer à l'appeler de plus en plus, à la bien loger, à la traiter doucement, à lui procurer de vastes <seg ana="#vegetaux">espaces fleuris</seg>, où elle puisse largement <seg ana="#scienceNat">cueillir</seg> à son gré, exercer sa prodigieuse faculté de travail à notre avantage ? Ayons <seg ana="#scienceNat">une apiculture</seg> savante et généreuse. Loin, loin, l'avarice comme l'ignorance ! </p>
                  <!--Is any of the above dialogue?-->
                  <p> Il cita <placeName ana="#la_canada">le Canada</placeName>*<gloss>Canada. Région de l'Amérique du N.</gloss>, où, avec de la science et de la méthode, <seg ana="#basse-cour">une ruche</seg> donne de trente à cinquante <seg ana="#matieresObjets">kilos de miel</seg>. </p>
                  <sp><speaker>Louis</speaker><ab> — Combien produit-elle chez nous ? </ab></sp> <stage> demanda <persName ana="#louis">Louis</persName>. </stage>
                  <p> <persName ana="#l_apiculteur">Le vieux monsieur</persName> mit un doigt devant sa bouche, et baissant la voix : </p>
                  <sp><speaker>L'apiculteur</speaker><ab> — Je n'ose vous dire en quel pays d'<placeName ana="#l_europe">Europe</placeName> <seg ana="#scienceNat">l'apiculture</seg> est le plus négligée, le plus arriérée, le plus routinière, le moins rémunératrice... ni en quel autre elle est le plus pratiquée, savante et lucrative... non, en vérité, je n'ose pas vous le dire ! </ab></sp> <stage> — Son visage exprimait un sentiment douloureux : </stage> <sp><speaker>L'apiculteur</speaker><ab> — Sachez seulement que dans le premier <seg ana="#basse-cour">une ruche</seg> donne à grand'peine de trois à quatre kilos. </ab></sp>
                  <p> On se taisait ; on avait compris. </p>
                  <sp><speaker>L'apiculteur</speaker><ab> — Et voilà pourquoi, </ab></sp> <stage> reprit-il, </stage> <sp><speaker>L'apiculteur</speaker><ab> j'ai parlé un peu brusquement à <persName ana="#suzette">cette jeune <seg ana="#scienceNat">fermière</seg></persName>. </ab></sp>
                  <p> Il regardait <persName ana="#suzette">Suzette</persName>. </p>
                  <sp><speaker>Suzette</speaker><ab> — Vous avez bien fait, <persName ana="#l_apiculteur">Monsieur</persName>, </ab></sp> <stage> répondit-elle tout émue ; </stage> <sp><speaker>Suzette</speaker><ab> il y aura bientôt <seg ana="#basse-cour">un rucher</seg> à <placeName ana="#fragicourt">Fragicourt</placeName> ! </ab></sp>
                  <p> <persName ana="#l_apiculteur"><seg ana="#scienceNat">L'apiculteur</seg></persName> lui tendit la main ; la leçon était finie. On se dispersa ; et <persName>nos cinq amis</persName> quittèrent <seg ana="#scienceNat">le Jardin d'acclimatation</seg> en gens enchantés de n'y avoir pas perdu leur après-midi. </p>
                  <p> C'était la dernière fête parisienne. Le lendemain, <persName ana="#suzette">Suzette</persName> retournait au <placeName ana="#fragicourt">village</placeName>. </p> 
         
                  <pb type="page" n="395"/>   
                  <fw type="header"> UN STIMULANT. 395 </fw>
         
                  <div type="questionnaire">
                     <ab>
                        <hi rend="bold"> Questionnaire. </hi> — Comment l'homme d'autrefois se procurait-il le miel ? — Comment font les nègres aujourd'hui ? — A quel moment l'homme appelle-t-il les abeilles auprès de lui ? — A quoi doit-on songer, à cet égard, dans
                        <cb/>
                        nos campagnes instruites et amies du progrès ? — Quel est le produit d'une ruche au Canada et en France ? — Comment se termina l'entretien ? — Dans quels sentiments la famille Richard et Suzette quittèrent-elles le Jardin d'acclimatation ?
                     </ab>
                  </div>
               </div>
               
               <div type="teacher">
                  <div type="exercice">
                     <head type="exercice"> DÉVELOPPEMENT DES SUJETS PROPOSÉS POUR EXERCICES. </head>
                     
                     <div type="morale">
                        <head type="sujets"> Morale. </head> 
                        
                        <!--<seg corresp="#biensExterieurs"> — L'AVARICE. </seg>-->
                        <ab type="question"> — Comment doit-on régler sa dépense ? — Comment appelle-t-on celui qui conserve son argent sans jamais l'employer ? — Cette façon d'agir ne cause-t-elle pas un préjudice à tout le monde ? — Que sont les avares à l'égard des gens qui sont dans le besoin ? — Que sont-ils pour eux-mêmes ? — Que pensez-vous des avares ? </ab>
                        
                        <ab type="answer"> Chacun doit régler sa dépense selon ses revenus ; de même que le pauvre ne saurait agir raisonnablement en voulant se nourrir, se loger et s'habiller comme les gens aisés ou riches, de même ces derniers ne peuvent, sans être blâmables, adopter le train de vie des gens peu favorisés de la fortune. <lb/>
                        L'avare est celui qui ne dépense pas ce qu'il doit ; c'est encore l'homme qui amasse l'argent et le conserve improductif pour le seul plaisir de le regarder, et de pouvoir se dire à chaque instant : « Je suis riche. » <lb/>
                        L'argent étant l'élément nécessaire du commerce, on conçoit que plus il est abondant, plus les échanges sont faciles et, alors, que plus aussi s'accroît le bien-être général : l'avare cause donc un préjudice, réel à ses concitoyens. <lb/>
                        Il n'est pas de gens moins sensibles que les avares aux misères des pauvres ; rien ne les touche, rien ne les émeut, ni le dénûment des orphelins, ni la détresse de la veuve, ni les besoins des vieillards ; ils passent le cœur sec à côté de ces douleurs ; pour eux, il n'existe qu'une satisfaction : contempler leur or, manier leur or, compter leur or. Plaignons-les plutôt que de les haïr ; ils ignorent les plus douces et les plus pures jouissances de la vie. Ils vivent de privations et meurent littéralement de faim au sein des richesses ; cette détestable passion étouffe en eux tous les sentiments ; ils ne sont ni pères, ni époux, ni citoyens, mais seulement les gardiens inquiets d'un trésor. </ab>
                     </div>
                        
                     <div type="francais">
                        <head type="sujets"> Français. </head> 
                        
                        <ab type="question"> — Donnez la définition de : un exposé, un insecte friand, un fureteur, une apiculture savante, une apiculture arriérée, une culture lucrative. </ab>
                        
                        <ab type="answer"> On entend par <seg corresp="#francais">exposé</seg> le récit d'un ou de plusieurs faits et des circonstances qui les ont accompagnés. <lb/>
                        Un <seg corresp="#francais">insecte friand</seg> est un insecte qui aime à manger des choses fines et délicates et qui s'y connaît. <lb/>
                        Un <seg corresp="#francais">fureteur</seg> est celui qui s'enquiert de tout, qui cherche à tout savoir, soit par curiosité, soit pour son profit. <lb/>
                        Une <seg corresp="#francais">apiculture arriérée</seg> est celle qui se pratique selon les procédés défectueux de la vieille routine, taudis qu'une <seg corresp="#francais">apiculture savante</seg> s'inspire de toutes les améliorations dont on est redevable à la science et à l'expérience. <lb/>
                        Une <seg corresp="#francais">culture lucrative</seg> est une culture qui apporte du gain à celui qui la met en œuvre. </ab>
                     </div>
                     
                     <div type="calcul">
                        <head type="sujets"> Calcul. </head> 
                        
                        <ab type="question"> — On estime qu'il y a quatre millions de familles agricoles en France ; si, dans trois millions d'entre elles, on entretenait 
                  <pb type="page" n="396"/>   
                  <fw type="header"> 396 SUZETTE. </fw>
          
seulement une ruche et que cette ruche donnât 8 kilogrammes de miel à 2 fr. 25 et 1 kilog. 750 de cire à 3 fr. 60, quel serait le produit total ? </ab>
                        
                        <ab type="answer"> 
                           Le miel serait vendu ..........  2 fr. 25 X    8      = 18 fr. »
                           La cire........................  3 fr. 60 X 1,750     =  6 fr. 30
                           Le produit total de la ruche...  		               = 24 fr. 30
                           Celui des 3.000.000 de ruches = 24 fr. 30 X 3.000.000 = 72.900.000 fr.
                        </ab>
                     </div>
                        
                     <div type="letter">
                        
                        <head> QUITTANCE DE LOYER. </head>
                        
                        <p> Je, soussignée, propriétaire d'une maison située à Montauban, rue de Bordeaux, numéro 7, reconnais avoir reçu de M. MAUDUIT, locataire, la somme de deux cent vingt-cinq francs pour six mois de loyer, échus au 5 août dernier, de ladite maison qu'il tient de moi, en vertu d'un bail sous seing privé, en date du 2 février 1888 ; dont quittance pour solde dudit loyer jusqu'à ce jour, et sans préjudice du terme courant. </p>
                        
                        <closer>
                           <salute> A Montauban, le 8 août 1888. </salute>
                           <signed> JEANNE FAYEMENDIT. </signed>
                        </closer>
                        
                     </div>
                  </div>
               </div>
            </div>
         </div>
      </body>
  </text>
</TEI>
