<?xml version="1.0" encoding="UTF-8"?>
<?xml-model href="http://www.tei-c.org/release/xml/tei/custom/schema/relaxng/tei_all.rng" type="application/xml" schematypens="http://relaxng.org/ns/structure/1.0"?>
<?xml-model href="http://www.tei-c.org/release/xml/tei/custom/schema/relaxng/tei_all.rng" type="application/xml"
	schematypens="http://purl.oclc.org/dsdl/schematron"?>
<TEI xmlns="http://www.tei-c.org/ns/1.0">
   <teiHeader>
      <fileDesc>
         <titleStmt>
            <title type="main">Suzette: a Digital Edition - Chapter 21</title>
            <respStmt>
               <persName>John Westbrook</persName>
               <orgName>Bucknell University</orgName>
               <resp>Editor</resp>
            </respStmt>
            <respStmt>
               <persName>Annie Girton</persName>
               <orgName>Bucknell University</orgName>
               <resp>Research Assistant and Encoder</resp>
            </respStmt>
            <respStmt>
               <persName xml:id="JAKA1">Diane Jakacki</persName>
               <orgName>Bucknell University</orgName>
               <resp>Project Manager</resp>               
            </respStmt>
         </titleStmt>
         <publicationStmt>
            <distributor>Bucknell University</distributor>
            <pubPlace>
               <address>
                  <addrLine>One Dent Drive</addrLine>
                  <addrLine>Lewisburg, PA 17837</addrLine>
               </address>
            </pubPlace>
            <availability>
               <licence>Attribution-NonCommercial-ShareAlike 4.0 International</licence>
            </availability>
         </publicationStmt>
         <sourceDesc>
            <biblStruct>
               <monogr>
                  <title>Suzette: Livre de Lecture Courante à l’Usage des Jeunes Filles. Morale—Leçon de choses, Economie Domestique – Ménage – Cuisine – Couture</title>
                  <author>Robert Halt</author>
                  <textLang>French</textLang>
                  <imprint>
                     <date>1889</date>
                     <distributor>Libraire Classique Paul Delaplane</distributor>
                     <pubPlace>Paris, France</pubPlace>
                  </imprint>
               </monogr>
            </biblStruct>
         </sourceDesc>
      </fileDesc>
            <profileDesc>
         <langUsage>
            <language ident="fra">French</language>
            <language ident="eng">English</language>
         </langUsage>
      </profileDesc>
      <encodingDesc>
         <charDecl>
            <char>
               <charName xml:id="suzette">Suzette</charName>
            </char>
            <char>
               <charName xml:id="papa">Papa</charName>
            </char>
            <char>
               <charName xml:id="la_maman">La maman</charName>
            </char>
            <char>
               <charName xml:id="jacques">Jacques</charName>            
            </char>
            <char>
               <charName xml:id="francois">François</charName>
            </char>
            <char>
               <charName xml:id="charlot">Charlot</charName>
            </char>
            <char>
               <charName xml:id="mme_valon">Mme Valon</charName>
            </char>
            <char>
               <charName xml:id="m_valon">M. Valon</charName>
            </char>
            <char>
               <charName xml:id="mme_richard">Mme Richard</charName>
            </char>
            <char>
               <charName xml:id="louis">Louis</charName>
            </char>
            <char>
               <charName xml:id="pascal">Pascal</charName>
            </char>
            <char>
               <charName xml:id="marthe">Marthe</charName>
            </char>
            <char>
               <charName xml:id="sylvain">Sylvain</charName>
            </char> 
            <char>
               <charName xml:id="ludivine">Ludivine</charName>
            </char> 
            <char>
               <charName xml:id="m_lejoly">M. Lejoly</charName>
            </char>
            <char>
               <charName xml:id="l_apiculteur">L'apiculteur</charName>
            </char>
            <char>
               <charName xml:id="la_bohemienne">La bohémienne</charName>
            </char>
            <char>
               <charName  xml:id="m_cartier">M. Cartier</charName>
            </char>
            <char>
               <charName xml:id="les_dumay">La Famille Dumay</charName>
            </char>
         </charDecl>
         <classDecl>
            <taxonomy xml:id="classification">
               <category xml:id="morale">
                  <catDesc>Morale</catDesc>
                  <category xml:id="enfantFamille">
                     <catDesc>L'enfant dans la famille</catDesc>
                  </category>
                  <category xml:id="devoirsFreresSoeurs">
                     <catDesc>Devoirs des frères et sœurs</catDesc>
                  </category>
                  <category xml:id="devoirsServiteurs">
                     <catDesc>Devoirs envers les serviteurs</catDesc>
                  </category>
                  <category xml:id="enfantEcole">
                     <catDesc>L'enfant dans l'école</catDesc>
                  </category>
                  <category xml:id="patrie">
                     <catDesc>La patrie</catDesc>
                  </category>
                  <category xml:id="devoirsSoiMeme">
                     <catDesc>Devoirs envers soi-même</catDesc>
                  </category>
                  <category xml:id="biensExterieurs">
                     <catDesc>Les biens extérieurs</catDesc>
                  </category>
                  <category xml:id="ame">
                     <catDesc>L'âme</catDesc>
                  </category>
                  <category xml:id="devoirsSemblables">
                     <catDesc>Devoirs envers nos semblables</catDesc>
                  </category>
                  <category xml:id="devoirsDieu">
                     <catDesc>Devoirs envers Dieu</catDesc>
                  </category>
               </category>
               <category xml:id="instructionCivique">
                  <catDesc>Instruction civique</catDesc>
               </category>
               <category xml:id="civilite">
                  <catDesc>Civilité</catDesc>
               </category>
               <category xml:id="francais">
                  <catDesc>Français</catDesc>
               </category>
               <category xml:id="composition">
                  <catDesc>Composition</catDesc>
                  <!--In the book Composition is followed by an (1); should that be included?-->
                  <category xml:id="recits">
                     <catDesc>Récits</catDesc>
                  </category>
                  <category xml:id="recitsHistoriques">
                     <catDesc>Récits historiques</catDesc>
                  </category>
                  <category xml:id="descriptions">
                     <catDesc>Descriptions</catDesc>
                  </category>
                  <category xml:id="sujetsMoraux">
                     <catDesc>Sujets moraux ou d'imagination</catDesc>
                  </category>
                  <category xml:id="lettres">
                     <catDesc>Lettres</catDesc>
                  </category>
               </category>
               <category xml:id="histoire">
                  <catDesc>Histoire</catDesc>
                  <!--<category xml:id="histoireNaturelle">
                     <catDesc>Histoire naturelle</catDesc>
                  </category>
                  <category xml:id="histoireTravail">
                     <catDesc>Histoire du travail</catDesc>
                  </category>-->
               </category>
               <category xml:id="geographie">
                  <catDesc>Géographie</catDesc>
                  <category xml:id="europe">
                     <catDesc>Europe</catDesc>
                  </category>
                  <category xml:id="asie">
                     <catDesc>Asie</catDesc>
                  </category>
                  <category xml:id="afrique">
                     <catDesc>Afrique</catDesc>
                  </category>
                  <category xml:id="amerique">
                     <catDesc>Amérique</catDesc>
                  </category>
                  <category xml:id="oceanie">
                     <catDesc>Océanie</catDesc>
                  </category>
                  <category xml:id="france">
                     <catDesc>France</catDesc>
                  </category>
                <!--  <category xml:id="topographie">
                     <catDesc>Topographie</catDesc>
                  </category>-->
               </category>
               <category xml:id="scienceNat">
                  <catDesc>Science Naturelles</catDesc>
                  <!--<category xml:id="geologie">
                     <catDesc>Géologie</catDesc>
                  </category>-->
                     <category xml:id="mineraux">
                        <catDesc>Minéraux</catDesc>
                     </category>
                     <!--In the book Minéraux is followed by ",etc."; should that be included?-->
                  <!--<category xml:id="botanique">
                     <catDesc>Botanique</catDesc>-->
                     <category xml:id="vegetaux">
                        <catDesc>Végétaux</catDesc>
                        <!--All of the sub-categories following this are numbered; should that be included?-->
                        <category xml:id="arbreNoncultives">
                           <catDesc>Arbres non cultivés</catDesc>
                        </category>
                        <category xml:id="herbesPlantes">
                           <catDesc>Herbes ou plantes sauvages</catDesc>
                        </category>
                        <category xml:id="arbreCultives">
                           <catDesc>Arbres cultivés</catDesc>
                        </category>
                        <category xml:id="arbustes">
                           <catDesc>Arbustes cultivés</catDesc>
                        </category>
                        <category xml:id="cereales">
                           <catDesc>Céréales</catDesc>
                        </category>
                        <category xml:id="legumesRacines">
                           <catDesc>Légumes, racines, etc.</catDesc>
                        </category>
                        <category xml:id="divers1"><!-- Avoid tagging with Divers - if necessary, create another sub-category -->
                           <catDesc>Divers</catDesc>
                        </category> 
                     </category>
                     <!--<category xml:id="physiologieVegetale">
                        <catDesc>Physiologie végétale</catDesc>
                     </category>-->
                  <!--</category>-->
                 <!-- <category xml:id="zoologie">
                     <catDesc>Zoologie</catDesc>-->
                     <category xml:id="animaux">
                        <catDesc>Animaux</catDesc>
                        <!--All of the sub-categories following this are numbered; should that be included?-->
                        <category xml:id="homme">
                           <catDesc>l'Homme</catDesc>
                        </category> <!--Homme wouldn't go under zoologie.. could we seperate it or rename this category?-->
                        <category xml:id="animauxDomestiques">
                           <catDesc>Animaux domestiques</catDesc>
                        </category>
                        <category xml:id="animauxSauvages">
                           <catDesc>Animaux sauvages</catDesc>
                        </category>
                     </category>
                     <!--<category xml:id="physiologieAnimal">
                        <catDesc>Physiologie animaux</catDesc>
                     </category>-->
                  <!--</category>-->
                  <!--<category xml:id="agriculture">
                     <catDesc>Agriculture</catDesc>
                     <category xml:id="techniquesAgricoles">
                        <catDesc>Techniques agricoles</catDesc>
                     </category>
                     <category xml:id="produits">
                        <catDesc>Produits</catDesc>
                     </category>
                     <category xml:id="outilsMachines">
                        <catDesc>Outils et machines</catDesc>
                     </category>
                     <category xml:id="recolte">
                        <catDesc>Récolte</catDesc>
                     </category>
                     <category xml:id="elevageBetail">
                        <catDesc>Élevage de bétail</catDesc>
                     </category>
                     <category xml:id="terrainAgricole">
                        <catDesc>Terrain agricole</catDesc>
                     </category>
                     <category xml:id="apiculture">
                        <catDesc>Apiculture</catDesc>
                     </category>
                  </category>-->
               </category>
               <category xml:id="sciencesPhys">
                  <catDesc>Notions relatives aux sciences physiques</catDesc>
                  <!--<category xml:id="elements">
                     <catDesc>Éléments</catDesc>-\->
                     <category xml:id="feu">
                        <catDesc>Feu</catDesc>
                     </category>
                     <!-\-Could add categories for earth/wind/air-\->
                  </category>
                  <category xml:id="meterologie">
                     <catDesc>Métérologie</catDesc>-\->
                  </category>-->
                  <!--Category for night/day cycles, seasons?-->
               </category>
               <category xml:id="industrie">
                  <catDesc>Industrie</catDesc>
                  <category xml:id="matieresObjets">
                     <catDesc>Matières et objets fabriqués</catDesc>
                  </category>
                  <category xml:id="constructions">
                     <catDesc>Constructions</catDesc>
                  </category>
                  <category xml:id="machinesAppareils">
                     <catDesc>Machines, appareils, ustensiles, vases</catDesc>
                  </category>
                  <!--Can outils go under machinesAppareils-->
                  <category xml:id="outils">
                     <catDesc>Outils</catDesc>
                  </category>
                  <category xml:id="etoffesHabillement">
                     <catDesc>Étoffes, habillement</catDesc>
                  </category>
                  <category xml:id="divers2">
                     <catDesc>Divers</catDesc>
                  </category>
               </category>
               <category xml:id="economieDomestique">
                  <catDesc>Économie Domestique</catDesc>
                  <!--<category xml:id="tachesMenageres">
                     <catDesc>Tâches ménagères</catDesc>
                  </category>-->
                  <category xml:id="alimentsCuisine">
                     <catDesc>Aliments et cuisine</catDesc>
                  </category>
                  <category xml:id="vetements1">
                     <catDesc>Vêtements</catDesc>
                  </category>
                  <category xml:id="basse-cour">
                     <catDesc>Basse-cour</catDesc>
                  </category>
                  <!--Could basse-cour be combined with scienceNat/agriculture under elevageBetail?--> 
               </category>
               <category xml:id="hygiene">
                  <catDesc>Hygiène</catDesc>
                  <category xml:id="corpsHabitations">
                     <catDesc>Corps et habitations</catDesc>
                  </category>
                  <category xml:id="vetements2">
                     <catDesc>Vêtements</catDesc>
                  </category>
                  <category xml:id="aliments">
                     <catDesc>Aliments</catDesc>
                  </category>
                  <category xml:id="maladiesRemedes">
                     <catDesc>Maladies, etc. ; remèdes</catDesc>
                  </category>
               </category>
            </taxonomy>
         </classDecl>
      </encodingDesc>
      <profileDesc>
         <settingDesc>
            <listPlace>
               <place>
                  <placeName xml:id="l_amerique">l'Amérique</placeName>
               </place>
               <place>
                  <placeName xml:id="l_oceanien">l'Oceanian</placeName>
               </place>
               <place>
                  <placeName xml:id="l_europe">l'Europe</placeName>
               </place>
               <place>
                  <placeName xml:id="l_afrique">l'Afrique</placeName>
               </place>
               <place>
                  <placeName xml:id="l_australie">l'Australie</placeName>
               </place>
               <place>
                  <placeName xml:id="la_france">la France</placeName>
               </place>
               <place>
                  <placeName xml:id="la_chine">la Chine</placeName>
               </place>
               <place>
                  <placeName xml:id="etats_unis">les États-Unis</placeName>
               </place>
               <place>
                  <placeName xml:id="l_arabe">l'Arabe</placeName>
               </place>
               <place>
                  <placeName xml:id="la_canada">la Canada</placeName>
               </place>
               <place>
                  <placeName xml:id="fragicourt">Fragicourt</placeName>
               </place>
               <place>
                  <placeName xml:id="paris">Paris</placeName>
               </place>
               <place>
                  <placeName xml:id="bruxelles">Bruxelles</placeName>
               </place>
               <place>
                  <placeName xml:id="boston">Boston
                  </placeName>
               </place>
               <place> 
                  <placeName xml:id="l_avre">l'Avre
                     <geogFeat>River</geogFeat>
                  </placeName> 
               </place>
               <place>
                  <placeName xml:id="la_moye">la Moye
                     <geogFeat>River</geogFeat>
                  </placeName>
               </place>
            </listPlace>
         </settingDesc>
      </profileDesc>
   </teiHeader>
   <text>
      <body>
         <!-- n is for maitresse edition, corresp is for student edition -->
         
         <div type="chapter" n="21">
            <div xml:lang="fr">
               <div type="student">
                  
                  <pb type="page" n="75"/>
                  <head> 21. — Une lettre de Jacques. (Élève, p. 52.) </head>
         
               <div type="letter">
            
                  <head> (LA FERME-ÉCOLE) </head> <!--Unsure how to tag this - seems to be a letter header-->
         
                  <opener>
                     <salute> « Cher <persName ana="#papa">père,</persName> </salute>
                  </opener>
                  <p> « Sans le regret du <placeName ana="#fragicourt">village</placeName> qui me tient toujours, je serais ici comme un poisson dans l'eau. </p>
         
                  <pb type="page" n="76"/>   
                  <fw type="header"> 76 SUZETTE. </fw> 
               
                  <p> « Le Paraclet est charmant*<gloss>Charmant. Très agréable.</gloss>. L'école, bâtie sur le flanc d'une colline, domine une belle vallée où coulent <placeName ana="#l_avre">l'Avre</placeName> et <placeName ana="#la_moye">la Moye</placeName>. Un petit village de maisonnettes rouges et blanches, avec son clocher qui ressemble à celui de <placeName ana="#fragicourt">Fragicourt</placeName>, c'est notre horizon. </p>
                  <p> « Cent vingt hectares, voilà mon domaine maintenant. </p>
                  <p> « Quel grand propriétaire je fais, n'est-ce pas ? Il est vrai que je partage avec de nombreux camarades. </p>
                  <p> « Et <seg ana="#scienceNat">le travail des champs</seg> marche ici avec celui de l'esprit ; l'histoire, <seg ana="#sciencesPhys">la chimie</seg>*<gloss>Chimie. Science qui étudie ce qui peut changer l'état des corps et les applications utiles qui en résultent.</gloss>, <seg ana="#sciencesPhys">la physique</seg>*<gloss>Physique. Science qui étudie les propriétés des corps matériels sans les décomposer, comme on le fait en chimie.</gloss>, <seg ana="#scienceNat">l'horticulture</seg>, <seg ana="#scienceNat">l'arboriculture</seg>, nous occupent une partie du jour. </p>
                  <p> « Des professeurs et <seg ana="#machinesAppareils">un laboratoire</seg>*<gloss>Laboratoire. Local disposé pour faire les expériences de physique et de chimie.</gloss> ! rien ne nous, manque. Aux vacances, vous verrez comme on <seg ana="#scienceNat">taillera</seg>, <seg ana="#scienceNat">greffera</seg>*<gloss>Greffer. Fixer, dans la fente d'une tige d'arbre, une petite branche que l'on coupe sur un arbre de meilleure espèce.</gloss> ! Et quels beaux <seg ana="#vegetaux">fruits</seg> mangeront ceux qui les aiment, par exemple, <persName ana="#suzette">une jeune <seg ana="#scienceNat">fermière</seg></persName> de ma connaissance qu'on appelle <persName ana="#suzette">Suzette</persName> ! </p>
                  <p> « <seg ana="#sciencesPhys">La chimie agricole</seg> surtout me passionne. Quelle ressource pour <seg ana="#scienceNat">l'agronome</seg>*<gloss>Agronome. Celui qui s'occupe de perfectionner l'agriculture.</gloss> ! <seg ana="#sciencesPhys">La chimie</seg> vous analyse*<!--Analyse has an asterisk but no definitin in the lexique--> <seg ana="#vegetaux">une plante</seg>, en montre un à un <seg ana="#sciencesPhys">les éléments</seg>*<gloss>Éléments. Les parties, les substances dont un corps est composé.</gloss> : tant d'<seg ana="#sciencesPhys">azote</seg>*<gloss>Azote. L'un des deux gaz qui forment l'air; il ne peut entretenir la combustion.</gloss>, tant de <seg ana="#mineraux">carbone</seg>*<gloss>Carbone. Corps qui, à l'état de pureté, est le diamant, et qui constitue la base du bois et du charbon.</gloss>, tant de <seg ana="#mineraux">soufre</seg>, <seg ana="#sciencesPhys">d'oxygène</seg>*<gloss>Oxygène. Celui des deux gaz de l'air qui peut entretenir la combustion.</gloss>, d'<seg ana="#sciencesPhys">hydrogène</seg>*<gloss>Hydrogène. Gaz 14 fois et demie plus léger que l'air.</gloss>, etc. ; et <seg ana="#scienceNat">le cultivateur</seg> ayant appris tout cela, sait encore que <seg ana="#vegetaux">les plantes</seg> <seg ana="#scienceNat">puisent</seg> ces <seg ana="#sciencesPhys">éléments</seg> pour la plus grande partie dans <seg ana="#mineraux">le sol</seg> par leurs <seg ana="#vegetaux">racines</seg> et \<seg ana="#vegetaux">radicelles</seg>*<gloss>Radicelles. Petites ramifications d'une racine.</gloss>. Il lui devient alors aisé de donner, par <seg ana="#scienceNat">des engrais</seg> appropriés, à chacune <seg ana="#alimentsCuisine">la nourriture</seg> qui lui convient, et de la rendre ainsi belle et vigoureuse. </p>
                  <p> « A étudier et à <seg ana="#scienceNat">bêcher</seg> tour à tour, je me porte comme un charme*<gloss>Charme. Parfaitement bien.</gloss>. Un professeur nous disait hier que les hommes devraient à peu près tous pouvoir partager ainsi leur journée entre <seg ana="#scienceNat">le travail des mains</seg> et celui de l'esprit. Ils s'en porteraient mieux intellectuellement, et peut-être en viendront-ils là dans l'avenir. </p>
                  <p> « J'ai fait ici la connaissance d'un homme que vous aimeriez beaucoup, <persName ana="#papa">cher père</persName> : c'est <!--<persName>--><seg ana="#scienceNat">Olivier de Serres</seg><!--</persName>-->*<gloss>Olivier de Serres. Grand agronome contemporain de Henri IV.</gloss>. Sa pensée vit, encore, quoiqu'il soit mort depuis à peu près trois cents ans. On l'appelle <!--<persName>le père de --><seg ana="#scienceNat">l'agriculture</seg><!--</persName>-->. Il créa <seg ana="#scienceNat">l'agronomie</seg>, il aima <seg ana="#sciencesNat">les champs</seg>, et, par grand désir d'être utile aux hommes, écrivit des livres
         
                  <pb type="page" n="77"/>   
                  <fw type="header"> UNE LETTRE DE JACQUES. 77 </fw> 
         
qui, après trois siècles, continuent de nous éclairer. </p>
                  <p> « Le directeur du Paraclet est un brave. En 1870, sergent de mobiles*<gloss>Mobiles. Les mobiles étaient de jeunes soldats qui n'avaient pas été formés au service militaire.</gloss>, en pleine bataille, il retourna sur ses pas et se rejeta dans la mitraille pour aller reprendre le drapeau de la compagnie aux mains de celui qui le portait et qu'une balle venait de frapper. Il sauva le drapeau. C'est beau, cela, n'est-ce pas ? </p>
                  <p> « On appelle pour <seg ana="#scienceNat">une promenade agricole</seg>. Nous allons visiter <seg ana="#scienceNat">une ferme</seg> importante des environs. </p>
                  <closer>
                     <salute> « Je vous quitte : je vous embrasse de tout mon cœur, <persName ana="#papa">cher papa</persName>, et toi, <persName ana="#suzette">Suzette</persName>, et vous, <persName ana="#francois">François</persName> et <persName ana="#charlot">Charlot</persName>. </salute>
                     <signed> « <persName ana="#jacques">JACQUES DUMAY</persName>. » </signed>
                  </closer>
               </div>
                  
                  <div type="questionnaire">
                     <ab>
                        <hi rend="bold"> Questionnaire. </hi> — Qu'adresseriez-vous à vos parents si vous étiez en pension depuis quelques jours ? — Donnez un aperçu de ce que contiendrait votre lettre ? — Comment la commenceriez-vous et l'achèveriez-vous ? — Que disait Jacques de la ferme-école du Paraclet ? — Quelle était l’étendue du domaine ? —
                        <cb/>
                        Quel était l'objet du travail de chaque jour ? — Quel résultat Jacques prévoyait-il pour la ferme de son père ? — Que disait un professeur de son école sur l'utilité du travail manuel ? — Qu'est-ce qu'Olivier de Serres ? — Quels détails Jacques donnait-il sur le directeur de l'école d'agriculture ?
                     </ab>
                  </div>
               </div>
               
               <div type="teacher">
                  <div type="exercice">
                     <head type="exercice"> DÉVELOPPEMENT DES SUJETS PROPOSÉS POUR EXERCICES. </head>
                     
                     <div type="francais">
                        <head type="sujets"> Français. </head> 
                        
                        <ab type="question"> — Écrire en marge d'une feuille de papier, et les uns au-dessous des autres, tous les verbes de l'alinéa commençant par Aux vacances… et ceux des deux suivants. — Indiquer à côté de chacun de ces verbes le mode et le temps auxquels ils sont employés. </ab>
                        
                        <ab type="answer">  MODÈLE. <!--Should this be futher tagged as some sort of category--> — <seg corresp="#francais">Verrez</seg>, mode indic., temps futur. <lb/>
                        <seg corresp="#francais">Taillera</seg>, mode indic., temps futur.
                        <!--Should this whole section be a model instead of answer?--> </ab>
                     </div>
                           
                     <div type="sciencesNat">
                        <head type="sujets"> Sciences naturelles. </head> 
                        
                        <ab type="question"> — Rappelez ce que nous enseignent : 1° la physique, — 2° la chimie, et donnez une idée de l'utilité de ces sciences. — Qu'est-ce qu'un gaz ? — Quels gaz composent l'air ; — l'eau ? — Quel corps solide forme la matière de, tous les végétaux ? — Dans quels combustibles naturels se trouve encore le carbone ? </ab>
                        
                        <ab type="answer"> <seg corresp="#sciencesPhys">La physique</seg> étudie les-propriétés des corps, telles que l'élasticité, la pesanteur, la divisibilité, ainsi que les phénomènes (1)<note type="foot">(1) On appelle phénomène toute chose qui vient à apparaître dans les corps, comme, par exemple, la formation de la vapeur, la dilatation de l'eau chauffée, l'apparition de l'arc-en-ciel, l'ascension d'un liquide dans un morceau de sucre dont la base seule est en contact avec ce liquide, l'écho, le grossissement des objets à travers les lunettes.</note> qui ne changent pas leur nature. <lb/>
                        <seg corresp="#sciencesPhys">La chimie</seg> étudie les combinaisons des corps, comme celle de l'huile et de la soude qui donne le savon, et les phénomènes qui modifient leur nature, par exemple celui de la fermentation du vin nouveau dans les fûts. <lb/>
                           <!--<seg ana="#sciencesPhys">-->Un gaz<!--</seg>--> est un corps semblable à l'air que nous respirons. Les gaz
         
                  <pb type="page" n="78"/>   
                  <fw type="header"> 78 SUZETTE. </fw>
         
                        sont élastiques, souvent invisibles, et les moins pesants de tous les, corps ; la plupart dégagent une odeur caractéristique. On connaît celle de l'acide sulfureux, gaz produit lorsque le soufre brûle et celle des gaz qui se dégagent des chairs en putréfaction. <lb/>
                        <seg ana="#sciencesPhys">L'air</seg> est composé de deux gaz ; l'oxygène et l'azote, tous deux inodores et invisibles. <lb/>
                           <seg ana="#mineraux">Le carbone</seg> ou <seg ana="#mineraux">charbon</seg> est le corps solide qui forme les végétaux ; si on les soumet, en effet, à une forte chaleur dans un lieu clos, l'eau qu'ils contiennent s'évapore et il ne reste plus qu'une substance noirâtre : le charbon. </ab>
                     </div>                        
                     
                     <div type="industrie">
                        <head type="sujets"> Industrie. </head> 
                        
                        <ab type="question"> — Quels vases, quels appareils, quels instruments voit-on dans un laboratoire ? </ab>
          
                        <ab type="answer"> On remarque dans un laboratoire des fourneaux, des creusets, des fioles et des tubes de verre, des chalumeaux, des lampes à esprit-de-vin, des cornues, des appareils qui produisent de l'électricité. <lb/>
                        Les <term>cornues</term> ressemblent à des poires creuses de verre et se prolongent en un tube allongé. </ab>
                     </div>
                     
                     <div type="agriculture">
                        <head type="sujets"> Agriculture. </head> 
                        
                        <ab type="question"> — Que nous apprennent l'horticulture et l'arboriculture ? </ab>
                        
                        <ab type="answer"> <term>L'horticulture</term>, branche de la science de l'agriculture, nous apprend quels soins il faut donner à un jardin (<term>hortus</term>, en latin) pour en obtenir de bons produits en abondance. <term>L'arboriculture</term> traite des arbres fruitiers et des moyens de les améliorer. </ab>
                     </div>
                  </div>
               </div>
            </div>
         </div>
      </body>
  </text>
</TEI>
