<?xml version="1.0" encoding="UTF-8"?>
<?xml-model href="http://www.tei-c.org/release/xml/tei/custom/schema/relaxng/tei_all.rng" type="application/xml" schematypens="http://relaxng.org/ns/structure/1.0"?>
<?xml-model href="http://www.tei-c.org/release/xml/tei/custom/schema/relaxng/tei_all.rng" type="application/xml"
	schematypens="http://purl.oclc.org/dsdl/schematron"?>
<TEI xmlns="http://www.tei-c.org/ns/1.0">
   <teiHeader>
      <fileDesc>
         <titleStmt>
            <title type="main">Suzette: a Digital Edition - Chapter 83</title>
            <respStmt>
               <persName>John Westbrook</persName>
               <orgName>Bucknell University</orgName>
               <resp>Editor</resp>
            </respStmt>
            <respStmt>
               <persName>Annie Girton</persName>
               <orgName>Bucknell University</orgName>
               <resp>Research Assistant and Encoder</resp>
            </respStmt>
            <respStmt>
               <persName xml:id="JAKA1">Diane Jakacki</persName>
               <orgName>Bucknell University</orgName>
               <resp>Project Manager</resp>               
            </respStmt>
         </titleStmt>
         <publicationStmt>
            <distributor>Bucknell University</distributor>
            <pubPlace>
               <address>
                  <addrLine>One Dent Drive</addrLine>
                  <addrLine>Lewisburg, PA 17837</addrLine>
               </address>
            </pubPlace>
            <availability>
               <licence>Attribution-NonCommercial-ShareAlike 4.0 International</licence>
            </availability>
         </publicationStmt>
         <sourceDesc>
            <biblStruct>
               <monogr>
                  <title>Suzette: Livre de Lecture Courante à l’Usage des Jeunes Filles. Morale—Leçon de choses, Economie Domestique – Ménage – Cuisine – Couture</title>
                  <author>Robert Halt</author>
                  <textLang>French</textLang>
                  <imprint>
                     <date>1889</date>
                     <distributor>Libraire Classique Paul Delaplane</distributor>
                     <pubPlace>Paris, France</pubPlace>
                  </imprint>
               </monogr>
            </biblStruct>
         </sourceDesc>
      </fileDesc>
           <profileDesc>
         <langUsage>
            <language ident="fra">French</language>
            <language ident="eng">English</language>
         </langUsage>
      </profileDesc>
      <encodingDesc>
         <charDecl>
            <char>
               <charName xml:id="suzette">Suzette</charName>
            </char>
            <char>
               <charName xml:id="papa">Papa</charName>
            </char>
            <char>
               <charName xml:id="la_maman">La maman</charName>
            </char>
            <char>
               <charName xml:id="jacques">Jacques</charName>            
            </char>
            <char>
               <charName xml:id="francois">François</charName>
            </char>
            <char>
               <charName xml:id="charlot">Charlot</charName>
            </char>
            <char>
               <charName xml:id="mme_valon">Mme Valon</charName>
            </char>
            <char>
               <charName xml:id="m_valon">M. Valon</charName>
            </char>
            <char>
               <charName xml:id="mme_richard">Mme Richard</charName>
            </char>
            <char>
               <charName xml:id="louis">Louis</charName>
            </char>
            <char>
               <charName xml:id="pascal">Pascal</charName>
            </char>
            <char>
               <charName xml:id="marthe">Marthe</charName>
            </char>
            <char>
               <charName xml:id="sylvain">Sylvain</charName>
            </char> 
            <char>
               <charName xml:id="ludivine">Ludivine</charName>
            </char> 
            <char>
               <charName xml:id="m_lejoly">M. Lejoly</charName>
            </char>
            <char>
               <charName xml:id="l_apiculteur">L'apiculteur</charName>
            </char>
            <char>
               <charName xml:id="la_bohemienne">La bohémienne</charName>
            </char>
            <char>
               <charName  xml:id="m_cartier">M. Cartier</charName>
            </char>
            <char>
               <charName xml:id="les_dumay">La Famille Dumay</charName>
            </char>
         </charDecl>
         <classDecl>
            <taxonomy xml:id="classification">
               <category xml:id="morale">
                  <catDesc>Morale</catDesc>
                  <category xml:id="enfantFamille">
                     <catDesc>L'enfant dans la famille</catDesc>
                  </category>
                  <category xml:id="devoirsFreresSoeurs">
                     <catDesc>Devoirs des frères et sœurs</catDesc>
                  </category>
                  <category xml:id="devoirsServiteurs">
                     <catDesc>Devoirs envers les serviteurs</catDesc>
                  </category>
                  <category xml:id="enfantEcole">
                     <catDesc>L'enfant dans l'école</catDesc>
                  </category>
                  <category xml:id="patrie">
                     <catDesc>La patrie</catDesc>
                  </category>
                  <category xml:id="devoirsSoiMeme">
                     <catDesc>Devoirs envers soi-même</catDesc>
                  </category>
                  <category xml:id="biensExterieurs">
                     <catDesc>Les biens extérieurs</catDesc>
                  </category>
                  <category xml:id="ame">
                     <catDesc>L'âme</catDesc>
                  </category>
                  <category xml:id="devoirsSemblables">
                     <catDesc>Devoirs envers nos semblables</catDesc>
                  </category>
                  <category xml:id="devoirsDieu">
                     <catDesc>Devoirs envers Dieu</catDesc>
                  </category>
               </category>
               <category xml:id="instructionCivique">
                  <catDesc>Instruction civique</catDesc>
               </category>
               <category xml:id="civilite">
                  <catDesc>Civilité</catDesc>
               </category>
               <category xml:id="francais">
                  <catDesc>Français</catDesc>
               </category>
               <category xml:id="composition">
                  <catDesc>Composition</catDesc>
                  <!--In the book Composition is followed by an (1); should that be included?-->
                  <category xml:id="recits">
                     <catDesc>Récits</catDesc>
                  </category>
                  <category xml:id="recitsHistoriques">
                     <catDesc>Récits historiques</catDesc>
                  </category>
                  <category xml:id="descriptions">
                     <catDesc>Descriptions</catDesc>
                  </category>
                  <category xml:id="sujetsMoraux">
                     <catDesc>Sujets moraux ou d'imagination</catDesc>
                  </category>
                  <category xml:id="lettres">
                     <catDesc>Lettres</catDesc>
                  </category>
               </category>
               <category xml:id="histoire">
                  <catDesc>Histoire</catDesc>
                  <!--<category xml:id="histoireNaturelle">
                     <catDesc>Histoire naturelle</catDesc>
                  </category>
                  <category xml:id="histoireTravail">
                     <catDesc>Histoire du travail</catDesc>
                  </category>-->
               </category>
               <category xml:id="geographie">
                  <catDesc>Géographie</catDesc>
                  <category xml:id="europe">
                     <catDesc>Europe</catDesc>
                  </category>
                  <category xml:id="asie">
                     <catDesc>Asie</catDesc>
                  </category>
                  <category xml:id="afrique">
                     <catDesc>Afrique</catDesc>
                  </category>
                  <category xml:id="amerique">
                     <catDesc>Amérique</catDesc>
                  </category>
                  <category xml:id="oceanie">
                     <catDesc>Océanie</catDesc>
                  </category>
                  <category xml:id="france">
                     <catDesc>France</catDesc>
                  </category>
                <!--  <category xml:id="topographie">
                     <catDesc>Topographie</catDesc>
                  </category>-->
               </category>
               <category xml:id="scienceNat">
                  <catDesc>Science Naturelles</catDesc>
                  <!--<category xml:id="geologie">
                     <catDesc>Géologie</catDesc>
                  </category>-->
                     <category xml:id="mineraux">
                        <catDesc>Minéraux</catDesc>
                     </category>
                     <!--In the book Minéraux is followed by ",etc."; should that be included?-->
                  <!--<category xml:id="botanique">
                     <catDesc>Botanique</catDesc>-->
                     <category xml:id="vegetaux">
                        <catDesc>Végétaux</catDesc>
                        <!--All of the sub-categories following this are numbered; should that be included?-->
                        <category xml:id="arbreNoncultives">
                           <catDesc>Arbres non cultivés</catDesc>
                        </category>
                        <category xml:id="herbesPlantes">
                           <catDesc>Herbes ou plantes sauvages</catDesc>
                        </category>
                        <category xml:id="arbreCultives">
                           <catDesc>Arbres cultivés</catDesc>
                        </category>
                        <category xml:id="arbustes">
                           <catDesc>Arbustes cultivés</catDesc>
                        </category>
                        <category xml:id="cereales">
                           <catDesc>Céréales</catDesc>
                        </category>
                        <category xml:id="legumesRacines">
                           <catDesc>Légumes, racines, etc.</catDesc>
                        </category>
                        <category xml:id="divers1"><!-- Avoid tagging with Divers - if necessary, create another sub-category -->
                           <catDesc>Divers</catDesc>
                        </category> 
                     </category>
                     <!--<category xml:id="physiologieVegetale">
                        <catDesc>Physiologie végétale</catDesc>
                     </category>-->
                  <!--</category>-->
                 <!-- <category xml:id="zoologie">
                     <catDesc>Zoologie</catDesc>-->
                     <category xml:id="animaux">
                        <catDesc>Animaux</catDesc>
                        <!--All of the sub-categories following this are numbered; should that be included?-->
                        <category xml:id="homme">
                           <catDesc>l'Homme</catDesc>
                        </category> <!--Homme wouldn't go under zoologie.. could we seperate it or rename this category?-->
                        <category xml:id="animauxDomestiques">
                           <catDesc>Animaux domestiques</catDesc>
                        </category>
                        <category xml:id="animauxSauvages">
                           <catDesc>Animaux sauvages</catDesc>
                        </category>
                     </category>
                     <!--<category xml:id="physiologieAnimal">
                        <catDesc>Physiologie animaux</catDesc>
                     </category>-->
                  <!--</category>-->
                  <!--<category xml:id="agriculture">
                     <catDesc>Agriculture</catDesc>
                     <category xml:id="techniquesAgricoles">
                        <catDesc>Techniques agricoles</catDesc>
                     </category>
                     <category xml:id="produits">
                        <catDesc>Produits</catDesc>
                     </category>
                     <category xml:id="outilsMachines">
                        <catDesc>Outils et machines</catDesc>
                     </category>
                     <category xml:id="recolte">
                        <catDesc>Récolte</catDesc>
                     </category>
                     <category xml:id="elevageBetail">
                        <catDesc>Élevage de bétail</catDesc>
                     </category>
                     <category xml:id="terrainAgricole">
                        <catDesc>Terrain agricole</catDesc>
                     </category>
                     <category xml:id="apiculture">
                        <catDesc>Apiculture</catDesc>
                     </category>
                  </category>-->
               </category>
               <category xml:id="sciencesPhys">
                  <catDesc>Notions relatives aux sciences physiques</catDesc>
                  <!--<category xml:id="elements">
                     <catDesc>Éléments</catDesc>-\->
                     <category xml:id="feu">
                        <catDesc>Feu</catDesc>
                     </category>
                     <!-\-Could add categories for earth/wind/air-\->
                  </category>
                  <category xml:id="meterologie">
                     <catDesc>Métérologie</catDesc>-\->
                  </category>-->
                  <!--Category for night/day cycles, seasons?-->
               </category>
               <category xml:id="industrie">
                  <catDesc>Industrie</catDesc>
                  <category xml:id="matieresObjets">
                     <catDesc>Matières et objets fabriqués</catDesc>
                  </category>
                  <category xml:id="constructions">
                     <catDesc>Constructions</catDesc>
                  </category>
                  <category xml:id="machinesAppareils">
                     <catDesc>Machines, appareils, ustensiles, vases</catDesc>
                  </category>
                  <!--Can outils go under machinesAppareils-->
                  <category xml:id="outils">
                     <catDesc>Outils</catDesc>
                  </category>
                  <category xml:id="etoffesHabillement">
                     <catDesc>Étoffes, habillement</catDesc>
                  </category>
                  <category xml:id="divers2">
                     <catDesc>Divers</catDesc>
                  </category>
               </category>
               <category xml:id="economieDomestique">
                  <catDesc>Économie Domestique</catDesc>
                  <!--<category xml:id="tachesMenageres">
                     <catDesc>Tâches ménagères</catDesc>
                  </category>-->
                  <category xml:id="alimentsCuisine">
                     <catDesc>Aliments et cuisine</catDesc>
                  </category>
                  <category xml:id="vetements1">
                     <catDesc>Vêtements</catDesc>
                  </category>
                  <category xml:id="basse-cour">
                     <catDesc>Basse-cour</catDesc>
                  </category>
                  <!--Could basse-cour be combined with scienceNat/agriculture under elevageBetail?--> 
               </category>
               <category xml:id="hygiene">
                  <catDesc>Hygiène</catDesc>
                  <category xml:id="corpsHabitations">
                     <catDesc>Corps et habitations</catDesc>
                  </category>
                  <category xml:id="vetements2">
                     <catDesc>Vêtements</catDesc>
                  </category>
                  <category xml:id="aliments">
                     <catDesc>Aliments</catDesc>
                  </category>
                  <category xml:id="maladiesRemedes">
                     <catDesc>Maladies, etc. ; remèdes</catDesc>
                  </category>
               </category>
            </taxonomy>
         </classDecl>
      </encodingDesc>
      <profileDesc>
         <settingDesc>
            <listPlace>
               <place>
                  <placeName xml:id="l_amerique">l'Amérique</placeName>
               </place>
               <place>
                  <placeName xml:id="l_oceanien">l'Oceanian</placeName>
               </place>
               <place>
                  <placeName xml:id="l_europe">l'Europe</placeName>
               </place>
               <place>
                  <placeName xml:id="l_afrique">l'Afrique</placeName>
               </place>
               <place>
                  <placeName xml:id="l_australie">l'Australie</placeName>
               </place>
               <place>
                  <placeName xml:id="la_france">la France</placeName>
               </place>
               <place>
                  <placeName xml:id="la_chine">la Chine</placeName>
               </place>
               <place>
                  <placeName xml:id="etats_unis">les États-Unis</placeName>
               </place>
               <place>
                  <placeName xml:id="l_arabe">l'Arabe</placeName>
               </place>
               <place>
                  <placeName xml:id="la_canada">la Canada</placeName>
               </place>
               <place>
                  <placeName xml:id="fragicourt">Fragicourt</placeName>
               </place>
               <place>
                  <placeName xml:id="paris">Paris</placeName>
               </place>
               <place>
                  <placeName xml:id="bruxelles">Bruxelles</placeName>
               </place>
               <place>
                  <placeName xml:id="boston">Boston
                  </placeName>
               </place>
               <place> 
                  <placeName xml:id="l_avre">l'Avre
                     <geogFeat>River</geogFeat>
                  </placeName> 
               </place>
               <place>
                  <placeName xml:id="la_moye">la Moye
                     <geogFeat>River</geogFeat>
                  </placeName>
               </place>
            </listPlace>
         </settingDesc>
      </profileDesc>
   </teiHeader>
   <text>
      <body>
         <!-- n is for maitresse edition, corresp is for student edition -->
         
         <div type="chapter" n="83">
            <div xml:lang="fr">
               <div type="student">
                  
                  <pb type="page" n="286"/>
                  <head> 83. — Triomphe du travail. (Élève, p. 174.) </head>
         
         
                  <p> Là, un peuple de merveilleuses <seg ana="#machinesAppareils">machines</seg> en tenue brillante, et qu'on eût dites heureuses de leur existence en ce monde ! </p>
                  <p> C'étaient <seg ana="#machinesAppareils">les couteaux</seg>, <seg ana="#machinesAppareils">les marteaux</seg>, <seg ana="#machinesAppareils">les scies</seg>, <seg ana="#machinesAppareils">les pilons</seg> <time>de nos jours</time> ; voilà ce qu'était devenu <seg ana="#machinesAppareils">le pauvre outillage</seg> <seg ana="#industrie"><time>des âges de <seg ana="#mineraux">pierre</seg>, de <seg ana="#mineraux">bronze</seg> et de <seg ana="#mineraux">fer</seg></time></seg> ! Salut au génie et au <!--<seg ana="#industrie">labeur humains</seg>--> ! à l'effort des générations*<gloss>Génération. L'ensemble de tous les hommes du même âge.</gloss> qui, continué à travers tant <time>de siècles</time> de misère, de sang, de forte et douloureuse patience, avait enfin <seg ana="#industrie">produit</seg> ces <seg ana="#machinesAppareils">outils magnifiques de puissance et de précision</seg> ! </p>
    
                  <figure> 
                     <caption> Les <hi rend="italic">La grande industrie.</hi>
                        <lb/>
                        1. Les marteaux-pilons dont on se sert dans la métallurgie sont mus par la vapeur. Le pilon ou mouton pèse un poids considérable ; celui de l'usine du Creuset (Saône-et-Loire) dépasse 80,000 kilogr. — 2. Ouvrier peignant la laine.
                     </caption>
                  </figure>
    
                  <sp><speaker>Louis</speaker><ab> — Voyez-vous ceux-ci aux larges <seg ana="#machinesAppareils">mâchoires</seg> pourvues de <seg ana="#machinesAppareils">dents d'<seg ana="#matieresObjets">acier</seg></seg> ? ce sont <seg ana="#machinesAppareils">des peignes</seg> à <seg ana="#machinesAppareils">peigner</seg> <seg ana="#etoffesHabillement">la laine</seg>, qui sort de là en <seg ana="#etoffesHabillement">filaments</seg> finement divisés. Et savez-vous que
         
                     <pb type="page" n="287"/>   
                     <fw type="header"> TRIOMPHE DU TRAVAIL. 287 </fw>
         
         des <seg ana="#homme">mâchoires humaines</seg> faisaient <time>jadis</time> ce travail, que <seg ana="#industrie">des ouvriers</seg> s'employaient à passer <seg ana="#etoffesHabillement">la laine</seg> entre leurs <seg ana="#homme">dents</seg> pour <seg ana="#etoffesHabillement">ôter les nœuds</seg>, ci <seg ana="#maladiesRemedes">s'empoisonnaient</seg> ainsi de <seg ana="#maladiesRemedes">poussière morbide</seg>*<gloss>Morbide. Qui cause des maladies.</gloss> ? </ab></sp>
                  <p> Cette <seg ana="#machinesAppareils">machine</seg>, à côté, est destinée à <seg ana="#constructions">un moulin</seg> ; <seg ana="#machinesAppareils">le montage</seg> <seg ana="#scienceNat">des sacs de <seg ana="#cereales">blé</seg></seg>, <seg ana="#machinesAppareils">la mouture</seg>, <seg ana="#machinesAppareils">le blutage</seg>*<gloss>Blutage. Opération ayant pour objet de séparer la farine du son.</gloss>, <seg ana="#machinesAppareils">l'ensachement</seg>, tout s'y fera <seg ana="#industrie">mécaniquement</seg>. Et qui,<!-- <!-\-<time>jadis</time>, <time>avant cette <seg ana="#machinesAppareils">invention</seg></time>-->, et celle <seg ana="constructions">des moulins à <seg ana="#minereaux">eau</seg> et à <seg ana="sciencesPhys">vent</seg></seg>, était chargé de toute cette besogne ? — les femmes, avec leurs pauvres bras. On peut les voir encore à ce travail sous les tentes de <placeName ana="#l_arabe">l'Arabe</placeName>. </p> <!--Is this paragraph actually still Louis speaking?-->
                  <sp><speaker>Pascal</speaker><ab> — Parbleu ! </ab></sp> <stage> s'écria <persName ana="pascal">Pascal</persName> en regardant <persName ana="#suzette">Suzette</persName>, </stage> <sp><speaker>Pascal</speaker><ab> je vous l'avais bien dit. </ab></sp>
                  
                  <figure> 
                     <caption> Les <hi rend="italic">Le moulin à vent.</hi>
                        <lb/>
                        Quand le vent souffle, les ailes du moulin, sur lesquelles on a étendu de fortes toiles, tournent avec lenteur, impriment le mouvement aux engrenages et, par suite, aux meules et aux autres parties du mécanisme.
                     </caption>
                  </figure>
                  
                  <sp><speaker>Suzette</speaker><ab> — Oh ! je m'en souviens ! </ab></sp> <stage> répondit <persName ana="#suzette">Suzette</persName>. </stage>
                  <p> On était maintenant devant <seg ana="#machinesAppareils">une machine à <seg ana="#sciencesPhys">vapeur</seg></seg>, gros <seg ana="#machinesAppareils">corps</seg> aux <seg ana="#machinesAppareils">membres</seg> d'<seg ana="#matieresObjets">acier</seg> poli et de <seg ana="#mineraux">cuivre</seg> brillant comme de <seg ana="mineraux">l’or</seg>. <!--Is the last sentence Louis speaking?--> <persName ana="louis">Louis</persName> s'arrêta. Il la connaissait ; il en avait mené l'exécution : </p>
                  
                  <figure> 
                     <caption> Les <hi rend="italic">Femme arabe blutant le blé.</hi>
                        <lb/>
                        L'opération du blutage consiste à séparer, au moyen d'un tamis, la farine du son.
                     </caption>
                  </figure>
                  
                  <sp><speaker>Louis</speaker><ab> — C'est une belle et bonne chose, </ab></sp> <stage> dit-il avec la caresse des yeux: et le sourire heureux du <seg ana="#industrie">travailleur</seg> devant <seg ana="#industrie">son œuvre</seg> ; </stage> <!--Is this where his dialogue picks back up?--> <sp><speaker>Louis</speaker><ab> <seg ana="#machinesAppareils">un navire</seg> l'attend. Elle le conduira à travers les mers jusqu'aux continents lointains, pour y porter nos
          
                     <pb type="page" n="288"/>   
                     <fw type="header"> 288 SUZETTE. </fw>
         
                     <seg ana="#industrie">produits</seg>. Elle nous rapportera <seg ana="#arbreCultives">le coton de <placeName ana="#l_amerique">l'Amérique</placeName></seg>, <seg ana="#cereales">le blé</seg>, <seg ana="#etoffesHabillement">les laines de <placeName ana="l_australie">l'Australie</placeName></seg>, <seg ana="#etoffesHabillement">la soie</seg>, <seg ana="arbustes">le thé de <placeName ana="#la_chine">la Chine</placeName></seg>, <seg ana="#vegetaux">le café</seg>, <seg ana="#fruits">les fruits</seg>, <seg ana="#vegetaux">les épices <placeName ana="#l_oceanien">des îles océaniennes</placeName></seg>, tout ce que notre <placeName ana="#l_europe">sol européen</placeName> ne produit pas ou ne nous donne qu'avec parcimonie*<gloss>Parcimonie. Epargne excessive.</gloss>. </ab></sp>
                  
                  <div type="questionnaire">
                     <ab>
                        <hi rend="bold"> Questionnaire. </hi> — Qu'est-ce qui remplissait la galerie des machines ?— Nommez quelques-uns de ces appareils. — A qui sont dus ces outils magnifiques ? — En quoi consistent les poignes pour la laine ? — Qu'ont-ils remplacé ? — Que se fait-il dans le moulin perfectionné ?
                        <cb/>
                        — Qui s'acquittait auparavant de cette besogne, et comment ? — Citez la remarque de Pascal. — Quelle nouvelle machine fut soumise à leur examen ? — Qui avait contribué à sa construction ? — Qu'en dit Louis ? — On conduira-t-elle les voyageurs, que rapportera-t-elle ? 
                     </ab>
                  </div>
               </div>
               
               <div type="teacher">
                  <div type="exercice">
                     <head type="exercice"> DÉVELOPPEMENT DES SUJETS PROPOSÉS POUR EXERCICES. </head>
                     
                     <div type="sciencesNat">
                        <head type="sujets"> Sciences naturelles. </head> 
                        
                        <!--<term> — LE FER. </term>-->
                        <ab type="question"> — Ce qu'il est, ses propriétés, ses usages. — Origine du fer. — Le minerai ; le haut fourneau ; la coulée de la fonte ; le meulage. — Comment la fonte devient du fer. — Prix de la tonne de fer. </ab>
                        
                        <ab type="answer"> Le <seg corresp="#mineraux">fer</seg> est un métal d'un gris bleuâtre pesant 7 fois 78 plus que l'eau et doué d'un certain éclat. Susceptible de s'étirer en fils ténus et dei s'étendre en lames très minces, il est tenace et sonore. Peu de métaux sont aussi difficiles à fondre ; il se ramollit toutefois à une température bien inférieure à celle du point où il entre en fusion ; alors on peut le pétrir sous le marteau et le souder sur lui-même. A l'air libre, il se couvre d'un oxyde rouge connu sous le nom de <term type="fer">rouille</term> ; à la chaleur rouge, il se forme à sa surface des écailles d'oxyde noir. <lb/>
                        Le fer sert à la fabrication de la plupart des outils, des instruments, des armes. Il se substitue actuellement au bois et à la pierre dans la construction des maisons, des ponts, des navires, etc. <lb/>
                        Le fer se trouve à la surface et au sein de la terre en minerais contenant du métal pur ou mélangé à diverses substances, telles que le carbone, la silice, le phosphore. A l'état natif, il en existe des mines considérables. Le minerai de fer forme, à l'ile d'Elbe, en Suède, aux États-Unis, de véritables Collines. <lb/>
                        <!--<term type="fer"> PRÉPARATION DE LA FONTE ET DU FER. </term>--> — Après avoir trié, concassé et lavé le minerai, on le traite dans de grandes et solides constructions, nommées <term type="fer">hauts fourneaux</>, qui consistent en deux cônes tronqués réunis par leurs grandes bases. On y verse d'abord du charbon de terre qu'on enflamme, puis alternativement une couche de minerai et une couche de charbon ; dès que la houille, introduite en premier lieu, a développé une haute température, le metal fond, et comme il est la plus pesante des substances introduites dans le haut fourneau, il se tombe au fond de cet appareil, tandis que les impuretés ou scories surnagent à la surface. <lb/>
                        En cet etat, le fer prend le nom de <term type="fer">fonte</term>. <lb/>
                        Non loin du haut fourneau, on a établi des <term type="fer">moules</term> destinés à la fabrication de divers objets : plaques, tuyaux, poêles ; on ouvre avec une barre de fer un trou, ferme avec de l'argile, pratiqué à la base de l'énorme construction ; par cette ouverture, le métal coule, liquide comme de l'eau, et se rend dans les moules. <lb/>
                        Pour <term type="fer">fabriquer le fer</term>, on soumet la fonte à une haute température au contact de l'air, ce qui détruit les matières terreuses et le charbon
         
                     <pb type="page" n="289"/>   
                     <fw type="header"> TRIOMPHE DU TRAVAIL. 289 </fw>
         
restant dans le métal. On fait ensuite passer les masses de foute rougie sous un énorme marteau qui, les frappant avec violence, leur donne plus de consistance tout en chassant, sous la forme d'étincelles, les impuretés qu'elles renferment encore. <lb/>
                        La <term type="fer">tonne de fer</term>, ou les 1,000 kilogrammes, vaut de 140 à 200 francs. </ab>
                     </div>
                     
                     <div type="industrie">
                        <head type="sujets"> Industrie. </head> 
                        
                        <ab type="question"> — Qu'est-ce, qu'un marteau-pilon ? — Donner une idée de la construction, de la forme de cet appareil. — Ce qui le met en mouvement. — Services qu'on en lire. </ab>
                        
                        <ab type="answer"> Le <seg corresp="#machinesAppareils">marteau-pilon</seg> est une lourde masse de métal pesant de 6,000 à 8,000 kilogrammes ; soulevé par la vapeur, il retombe de tout son poids sur la pièce de fer à travailler. <lb/>
                        Un énorme et massif bâti de fonte, solidement appuyé sur de larges et épaisses fondations, supporte des montants entre lesquels glisse et remonte le gigantesque marteau. Au-dessous est un bloc d'acier qui remplit le rôle d'enclume. En ouvrant ou en fermant les orifices de la vapeur dans le cylindre qui surmonte le massif juste au-dessus du marteau, en soulevé ce dernier dans la mesure désirable, lentement ou rapidement, pour le laisser ensuite retomber sur la masse métallique que l'on se propose de travailler. <note type="reference"> (Voir la Partie du maître du COURS DE COMPOSITION FRANÇAISE (Degré supérieur), par E. LAPORTE, pages 217 et 218.) </note> </ab>
                        
                        <!--<seg corresp="#etoffesHabillement"> LA LAINE. </term>-->
                        <ab type="question"> — Dans quel état elle arrive aux peignes. — Ce que font les peignes. — Les décrire. — Emploi de la laine peignée. — Que fait-on de la laine filée ? </ab>
                        
                        <ab type="answer"> La laine des moutons, lavée et blanchie à la vapeur du soufre, arrive en masses informes aux peignes, qui ont pour objet d'étirer les fils et de les réunir dans le sens de la longueur. Ce sont des tambours d'un à deux mètres de diamètre, munis sur leur surface extérieure d'une multitude de petites aiguilles d'acier ; ils sont mis en mouvement et tournent en sens inverse. On jette des poignées de laine sur ces tambours, qui les entraînent dans leur mouvement de rotation, et donnent ainsi aux fils la disposition demandée. Ces fils se réunissent à la base du dernier tambour en boudins de laine qu'on porte à la filature. Dans cette usine, ils sont attachés chacun aux fils d'une broche, et la machine, avançant, reculant, faisant tourner des bobines, donne à la laine la forme de fils minces qui s'enroulent autour de fuseaux égaux. Cette laine filée sert à la fabrication de tissus variés : drap, flanelle, mérinos, objets de bonneterie, etc. </ab>
                        
                        <ab type="question"> Quelles opérations transforment le grain de blé en farine? — Donnez des détails particuliers sur le blutage. </ab>

                        <ab type="answer"> Le blé, versé dans une caisse sans fond appelée la trémie, tombe sur une meule de pierre immobile, au-dessus de laquelle roule, en la touchant presque, une seconde meule formée de la même matière. Là, le grain est écrasé et débarrassé de son enveloppe : il tombe dans le blutoir où a lieu l'opération qui donne la farine et le son ; ce blutoir est un cylindre de toile fine dans lequel les produits de la mouture se séparent : la farine tombe au-dessous dans de grands tiroirs ; quant au son, il glisse sur les parois du blutoir et arrive dans un sac qu'on change aussitôt qu'il est rempli. </ab>
                     </div>
                           
                     <div type="geographie">
                        <head type="sujets"> Géographie. </head> 
                        
                        <ab type="question"> — Qu'entend-on par Océanie ? — Qu'est-ce que l'Australie ? — Détails sur ses habitants, ses animaux, ses végétaux, ses productions minérales. — Nommer la grande île que possède la France en Océanie. </ab>

                        <ab type="answer"> <note type="reference">(Voir un bon cours de géographie ou un atlas moderne donnant les cartes et le texte correspondant.) </note> </ab>
                     </div>
                     
                     <fw type="sig"> SUZETTE (Maîtresse). 17 </fw> 
         
                     <pb type="page" n="290"/>   
                        <fw type="header"> 290 SUZETTE. </fw>

                  </div>
               </div>
            </div>
         </div>
      </body>
  </text>
</TEI>
