<?xml version="1.0" encoding="UTF-8"?>
<?xml-model href="http://www.tei-c.org/release/xml/tei/custom/schema/relaxng/tei_all.rng" type="application/xml" schematypens="http://relaxng.org/ns/structure/1.0"?>
<?xml-model href="http://www.tei-c.org/release/xml/tei/custom/schema/relaxng/tei_all.rng" type="application/xml"
	schematypens="http://purl.oclc.org/dsdl/schematron"?>
<TEI xmlns="http://www.tei-c.org/ns/1.0">
   <teiHeader>
      <fileDesc>
         <titleStmt>
            <title type="main">Suzette: a Digital Edition - Chapter 6</title>
            <respStmt>
               <persName>John Westbrook</persName>
               <orgName>Bucknell University</orgName>
               <resp>Editor</resp>
            </respStmt>
            <respStmt>
               <persName>Annie Girton</persName>
               <orgName>Bucknell University</orgName>
               <resp>Research Assistant and Encoder</resp>
            </respStmt>
            <respStmt>
               <persName xml:id="JAKA1">Diane Jakacki</persName>
               <orgName>Bucknell University</orgName>
               <resp>Project Manager</resp>               
            </respStmt>
         </titleStmt>
         <publicationStmt>
            <distributor>Bucknell University</distributor>
            <pubPlace>
               <address>
                  <addrLine>One Dent Drive</addrLine>
                  <addrLine>Lewisburg, PA 17837</addrLine>
               </address>
            </pubPlace>
            <availability>
               <licence>Attribution-NonCommercial-ShareAlike 4.0 International</licence>
            </availability>
         </publicationStmt>
         <sourceDesc>
            <biblStruct>
               <monogr>
                  <title>Suzette: Livre de Lecture Courante à l’Usage des Jeunes Filles. Morale—Leçon de choses, Economie Domestique – Ménage – Cuisine – Couture</title>
                  <author>Robert Halt</author>
                  <textLang>French</textLang>
                  <imprint>
                     <date>1889</date>
                     <distributor>Libraire Classique Paul Delaplane</distributor>
                     <pubPlace>Paris, France</pubPlace>
                  </imprint>
               </monogr>
            </biblStruct>
         </sourceDesc>
      </fileDesc>
           <profileDesc>
         <langUsage>
            <language ident="fra">French</language>
            <language ident="eng">English</language>
         </langUsage>
      </profileDesc>
      <encodingDesc>
         <charDecl>
            <char>
               <charName xml:id="suzette">Suzette</charName>
            </char>
            <char>
               <charName xml:id="papa">Papa</charName>
            </char>
            <char>
               <charName xml:id="la_maman">La maman</charName>
            </char>
            <char>
               <charName xml:id="jacques">Jacques</charName>            
            </char>
            <char>
               <charName xml:id="francois">François</charName>
            </char>
            <char>
               <charName xml:id="charlot">Charlot</charName>
            </char>
            <char>
               <charName xml:id="mme_valon">Mme Valon</charName>
            </char>
            <char>
               <charName xml:id="m_valon">M. Valon</charName>
            </char>
            <char>
               <charName xml:id="mme_richard">Mme Richard</charName>
            </char>
            <char>
               <charName xml:id="louis">Louis</charName>
            </char>
            <char>
               <charName xml:id="pascal">Pascal</charName>
            </char>
            <char>
               <charName xml:id="marthe">Marthe</charName>
            </char>
            <char>
               <charName xml:id="sylvain">Sylvain</charName>
            </char> 
            <char>
               <charName xml:id="ludivine">Ludivine</charName>
            </char> 
            <char>
               <charName xml:id="m_lejoly">M. Lejoly</charName>
            </char>
            <char>
               <charName xml:id="l_apiculteur">L'apiculteur</charName>
            </char>
            <char>
               <charName xml:id="la_bohemienne">La bohémienne</charName>
            </char>
            <char>
               <charName  xml:id="m_cartier">M. Cartier</charName>
            </char>
            <char>
               <charName xml:id="les_dumay">La Famille Dumay</charName>
            </char>
         </charDecl>
         <classDecl>
            <taxonomy xml:id="classification">
               <category xml:id="morale">
                  <catDesc>Morale</catDesc>
                  <category xml:id="enfantFamille">
                     <catDesc>L'enfant dans la famille</catDesc>
                  </category>
                  <category xml:id="devoirsFreresSoeurs">
                     <catDesc>Devoirs des frères et sœurs</catDesc>
                  </category>
                  <category xml:id="devoirsServiteurs">
                     <catDesc>Devoirs envers les serviteurs</catDesc>
                  </category>
                  <category xml:id="enfantEcole">
                     <catDesc>L'enfant dans l'école</catDesc>
                  </category>
                  <category xml:id="patrie">
                     <catDesc>La patrie</catDesc>
                  </category>
                  <category xml:id="devoirsSoiMeme">
                     <catDesc>Devoirs envers soi-même</catDesc>
                  </category>
                  <category xml:id="biensExterieurs">
                     <catDesc>Les biens extérieurs</catDesc>
                  </category>
                  <category xml:id="ame">
                     <catDesc>L'âme</catDesc>
                  </category>
                  <category xml:id="devoirsSemblables">
                     <catDesc>Devoirs envers nos semblables</catDesc>
                  </category>
                  <category xml:id="devoirsDieu">
                     <catDesc>Devoirs envers Dieu</catDesc>
                  </category>
               </category>
               <category xml:id="instructionCivique">
                  <catDesc>Instruction civique</catDesc>
               </category>
               <category xml:id="civilite">
                  <catDesc>Civilité</catDesc>
               </category>
               <category xml:id="francais">
                  <catDesc>Français</catDesc>
               </category>
               <category xml:id="composition">
                  <catDesc>Composition</catDesc>
                  <!--In the book Composition is followed by an (1); should that be included?-->
                  <category xml:id="recits">
                     <catDesc>Récits</catDesc>
                  </category>
                  <category xml:id="recitsHistoriques">
                     <catDesc>Récits historiques</catDesc>
                  </category>
                  <category xml:id="descriptions">
                     <catDesc>Descriptions</catDesc>
                  </category>
                  <category xml:id="sujetsMoraux">
                     <catDesc>Sujets moraux ou d'imagination</catDesc>
                  </category>
                  <category xml:id="lettres">
                     <catDesc>Lettres</catDesc>
                  </category>
               </category>
               <category xml:id="histoire">
                  <catDesc>Histoire</catDesc>
                  <!--<category xml:id="histoireNaturelle">
                     <catDesc>Histoire naturelle</catDesc>
                  </category>
                  <category xml:id="histoireTravail">
                     <catDesc>Histoire du travail</catDesc>
                  </category>-->
               </category>
               <category xml:id="geographie">
                  <catDesc>Géographie</catDesc>
                  <category xml:id="europe">
                     <catDesc>Europe</catDesc>
                  </category>
                  <category xml:id="asie">
                     <catDesc>Asie</catDesc>
                  </category>
                  <category xml:id="afrique">
                     <catDesc>Afrique</catDesc>
                  </category>
                  <category xml:id="amerique">
                     <catDesc>Amérique</catDesc>
                  </category>
                  <category xml:id="oceanie">
                     <catDesc>Océanie</catDesc>
                  </category>
                  <category xml:id="france">
                     <catDesc>France</catDesc>
                  </category>
                <!--  <category xml:id="topographie">
                     <catDesc>Topographie</catDesc>
                  </category>-->
               </category>
               <category xml:id="scienceNat">
                  <catDesc>Science Naturelles</catDesc>
                  <!--<category xml:id="geologie">
                     <catDesc>Géologie</catDesc>
                  </category>-->
                     <category xml:id="mineraux">
                        <catDesc>Minéraux</catDesc>
                     </category>
                     <!--In the book Minéraux is followed by ",etc."; should that be included?-->
                  <!--<category xml:id="botanique">
                     <catDesc>Botanique</catDesc>-->
                     <category xml:id="vegetaux">
                        <catDesc>Végétaux</catDesc>
                        <!--All of the sub-categories following this are numbered; should that be included?-->
                        <category xml:id="arbreNoncultives">
                           <catDesc>Arbres non cultivés</catDesc>
                        </category>
                        <category xml:id="herbesPlantes">
                           <catDesc>Herbes ou plantes sauvages</catDesc>
                        </category>
                        <category xml:id="arbreCultives">
                           <catDesc>Arbres cultivés</catDesc>
                        </category>
                        <category xml:id="arbustes">
                           <catDesc>Arbustes cultivés</catDesc>
                        </category>
                        <category xml:id="cereales">
                           <catDesc>Céréales</catDesc>
                        </category>
                        <category xml:id="legumesRacines">
                           <catDesc>Légumes, racines, etc.</catDesc>
                        </category>
                        <category xml:id="divers1"><!-- Avoid tagging with Divers - if necessary, create another sub-category -->
                           <catDesc>Divers</catDesc>
                        </category> 
                     </category>
                     <!--<category xml:id="physiologieVegetale">
                        <catDesc>Physiologie végétale</catDesc>
                     </category>-->
                  <!--</category>-->
                 <!-- <category xml:id="zoologie">
                     <catDesc>Zoologie</catDesc>-->
                     <category xml:id="animaux">
                        <catDesc>Animaux</catDesc>
                        <!--All of the sub-categories following this are numbered; should that be included?-->
                        <category xml:id="homme">
                           <catDesc>l'Homme</catDesc>
                        </category> <!--Homme wouldn't go under zoologie.. could we seperate it or rename this category?-->
                        <category xml:id="animauxDomestiques">
                           <catDesc>Animaux domestiques</catDesc>
                        </category>
                        <category xml:id="animauxSauvages">
                           <catDesc>Animaux sauvages</catDesc>
                        </category>
                     </category>
                     <!--<category xml:id="physiologieAnimal">
                        <catDesc>Physiologie animaux</catDesc>
                     </category>-->
                  <!--</category>-->
                  <!--<category xml:id="agriculture">
                     <catDesc>Agriculture</catDesc>
                     <category xml:id="techniquesAgricoles">
                        <catDesc>Techniques agricoles</catDesc>
                     </category>
                     <category xml:id="produits">
                        <catDesc>Produits</catDesc>
                     </category>
                     <category xml:id="outilsMachines">
                        <catDesc>Outils et machines</catDesc>
                     </category>
                     <category xml:id="recolte">
                        <catDesc>Récolte</catDesc>
                     </category>
                     <category xml:id="elevageBetail">
                        <catDesc>Élevage de bétail</catDesc>
                     </category>
                     <category xml:id="terrainAgricole">
                        <catDesc>Terrain agricole</catDesc>
                     </category>
                     <category xml:id="apiculture">
                        <catDesc>Apiculture</catDesc>
                     </category>
                  </category>-->
               </category>
               <category xml:id="sciencesPhys">
                  <catDesc>Notions relatives aux sciences physiques</catDesc>
                  <!--<category xml:id="elements">
                     <catDesc>Éléments</catDesc>-\->
                     <category xml:id="feu">
                        <catDesc>Feu</catDesc>
                     </category>
                     <!-\-Could add categories for earth/wind/air-\->
                  </category>
                  <category xml:id="meterologie">
                     <catDesc>Métérologie</catDesc>-\->
                  </category>-->
                  <!--Category for night/day cycles, seasons?-->
               </category>
               <category xml:id="industrie">
                  <catDesc>Industrie</catDesc>
                  <category xml:id="matieresObjets">
                     <catDesc>Matières et objets fabriqués</catDesc>
                  </category>
                  <category xml:id="constructions">
                     <catDesc>Constructions</catDesc>
                  </category>
                  <category xml:id="machinesAppareils">
                     <catDesc>Machines, appareils, ustensiles, vases</catDesc>
                  </category>
                  <!--Can outils go under machinesAppareils-->
                  <category xml:id="outils">
                     <catDesc>Outils</catDesc>
                  </category>
                  <category xml:id="etoffesHabillement">
                     <catDesc>Étoffes, habillement</catDesc>
                  </category>
                  <category xml:id="divers2">
                     <catDesc>Divers</catDesc>
                  </category>
               </category>
               <category xml:id="economieDomestique">
                  <catDesc>Économie Domestique</catDesc>
                  <!--<category xml:id="tachesMenageres">
                     <catDesc>Tâches ménagères</catDesc>
                  </category>-->
                  <category xml:id="alimentsCuisine">
                     <catDesc>Aliments et cuisine</catDesc>
                  </category>
                  <category xml:id="vetements1">
                     <catDesc>Vêtements</catDesc>
                  </category>
                  <category xml:id="basse-cour">
                     <catDesc>Basse-cour</catDesc>
                  </category>
                  <!--Could basse-cour be combined with scienceNat/agriculture under elevageBetail?--> 
               </category>
               <category xml:id="hygiene">
                  <catDesc>Hygiène</catDesc>
                  <category xml:id="corpsHabitations">
                     <catDesc>Corps et habitations</catDesc>
                  </category>
                  <category xml:id="vetements2">
                     <catDesc>Vêtements</catDesc>
                  </category>
                  <category xml:id="aliments">
                     <catDesc>Aliments</catDesc>
                  </category>
                  <category xml:id="maladiesRemedes">
                     <catDesc>Maladies, etc. ; remèdes</catDesc>
                  </category>
               </category>
            </taxonomy>
         </classDecl>
      </encodingDesc>
      <profileDesc>
         <settingDesc>
            <listPlace>
               <place>
                  <placeName xml:id="l_amerique">l'Amérique</placeName>
               </place>
               <place>
                  <placeName xml:id="l_oceanien">l'Oceanian</placeName>
               </place>
               <place>
                  <placeName xml:id="l_europe">l'Europe</placeName>
               </place>
               <place>
                  <placeName xml:id="l_afrique">l'Afrique</placeName>
               </place>
               <place>
                  <placeName xml:id="l_australie">l'Australie</placeName>
               </place>
               <place>
                  <placeName xml:id="la_france">la France</placeName>
               </place>
               <place>
                  <placeName xml:id="la_chine">la Chine</placeName>
               </place>
               <place>
                  <placeName xml:id="etats_unis">les États-Unis</placeName>
               </place>
               <place>
                  <placeName xml:id="l_arabe">l'Arabe</placeName>
               </place>
               <place>
                  <placeName xml:id="la_canada">la Canada</placeName>
               </place>
               <place>
                  <placeName xml:id="fragicourt">Fragicourt</placeName>
               </place>
               <place>
                  <placeName xml:id="paris">Paris</placeName>
               </place>
               <place>
                  <placeName xml:id="bruxelles">Bruxelles</placeName>
               </place>
               <place>
                  <placeName xml:id="boston">Boston
                  </placeName>
               </place>
               <place> 
                  <placeName xml:id="l_avre">l'Avre
                     <geogFeat>River</geogFeat>
                  </placeName> 
               </place>
               <place>
                  <placeName xml:id="la_moye">la Moye
                     <geogFeat>River</geogFeat>
                  </placeName>
               </place>
            </listPlace>
         </settingDesc>
      </profileDesc>
   </teiHeader>
   <text>
      <body>
         <!-- n is for maitresse edition, corresp is for student edition -->
         
         <div type="chapter" n="6">
            <div xml:lang="fr">
               <div type="student">
                  
                  <pb type="page" n="19"/>
                  <head> 6. — Monsieur François est un homme ! (Él., p. 15.) </head>
                  
                  <p> Le lendemain, jeudi, fut un jeudi fameux en balayage et en rangement. </p>
                  <sp><speaker>Suzette</speaker><ab> — Vous, les bottes, par ici ! toi, la soupière, par là ! 
                     
                     <figure>
                        <caption> Vous, les bottes, par ici ! toi, la soupière, par là ! </caption>
                     </figure>
                     
                     toi, le chaudron, de ce côté ! chacun à votre place, s'il vous plaît ! et qu'on n'en bouge plus que pour le service ! Tout le reste de l'encombrement*<gloss> Encombrement. Amas d'objets qui occupent une place qui n'est pas la leur. </gloss>, à la porte ! En avant le balai ! Et de l'eau à pleins seaux ! </ab></sp>
                  <p> Tout animée, les joues rouges, Suzette allait, allait ! </p>
                  <p> Elle s'était mise au ménage à six heures, après le départ du père pour les champs, et sans le prévenir.
                     
                     <pb type="page" n="20"/>
                     <fw type="header"> 20 SUZETTE. </fw>
                     
                     Vers dix heures, toute haletante, n'en pouvant plus, elle appela François, qui, revenant d’on ne sait où, passait en sifflant comme un merle. </p>
                  <sp><speaker>Suzette</speaker><ab> — François, où sont Jacques et Charlot ? </ab></sp>
                  <sp><speaker>François</speaker><ab> — Ils se promènent. </ab></sp>
                  <sp><speaker>Suzette</speaker><ab> — Ne pourrais-tu m'aider un peu ? </ab></sp>
                  <sp><speaker>François</speaker><ab> — A quoi ? </ab></sp>
                  <sp><speaker>Suzette</speaker><ab> — Au ménage. </ab></sp>
                  <sp><speaker>François</speaker><ab> — Tu dis ? </ab></sp>
                  <sp><speaker>Suzette</speaker><ab> — Au ménage. </ab></sp>
                  <p> François releva la tête en arrière ; son nez, déjà si bien retroussé, se retroussa encore plus, sa bouche se fendit jusqu'aux oreilles : il en sortit un grand éclat de rire. </p>
                  <sp><speaker>François</speaker><ab> — Le ménage, </ab></sp> <stage> dit-il, </stage> <sp><speaker>François</speaker><ab> c'est donc l'affaire des hommes ? Ah ! ah ! ah ! </ab></sp>
                  <p> Après quoi, s'avançant, il commença par imprimer sur le carreau frais lavé une demi-douzaine d'empreintes de ses vilaines pattes chaussées de galoches ; puis, pour tirer de l'armoire un mouchoir, en bouleversa tous les rayons et, ayant de cette manière montré son savoir-faire*<gloss> Savoir-faire. Qualité de celui qui réussit dans les travaux qu'il entreprend. </gloss>, il reprit sa sifflerie. </p>
                  <sp><speaker>Suzette</speaker><ab> — Oh ! le petit singe ! </ab></sp> <stage> s'écria Suzette. </stage>
                  <p> Il se retourna : </p>
                  <sp><speaker>François</speaker><ab> — Moi, un petit singe ? </ab></sp>
                  <sp><speaker>Suzette</speaker><ab> — Non, un grand ! et qui devrait au moins se taire, puisqu'il ne veut pas travailler. Tu sais bien ce que disent les nègres : que les singes ont la parole, mais que par malice ils feignent*<gloss> Feindre. Paraître vouloir faire une chose, avec l'intention de ne pas l'exécuter. </gloss> d'être muets, craignant que l'homme ne les mette à la besogne ! </ab></sp>
                  <p> François haussa les épaules et tourna les talons. </p>
                  <p> Cependant le grand nettoyage s'acheva. Le soir, le père, au retour des champs, s'arrêta sur le seuil de la porte, regarda autour de lui, aspira l'odeur d'une fricassée de pommes de terre, une bonne odeur depuis longtemps oubliée ; son visage s'éclaira : voilà le sourire attendu ! </p>
                  <p> M. Dumay se tourna vers Suzette, et, les yeux mouillés : </p>
                  <sp><speaker>Papa</speaker><ab> — Est-ce que ta pauvre maman serait revenue ? </ab></sp>
                  
                  <pb type="page" n="21"/>
                  <fw type="header"> MONSIEUR FRANÇOIS EST UN HOMME ! 21 </fw>
                  
                  <sp><speaker>Suzette</speaker><ab> — Hélas ! non, papa, dit-elle, en se jetant dans ses bras ; mais si je pouvais lui ressembler ! </ab></sp>
                  
                  <div type="questionnaire">
                     <ab>
                        <hi rend="bold"> Questionnaire. </hi> — Que disait Suzette animée de zèle pour le nettoyage de la maison ? — Racontez comment elle s'acquitta de ce travail. — Que pensez-vous de cette jeune enfant ? — Reproduisez de votre mieux le dialogue qui s'engagea entre elle et François. — Quelles vilaines choses fit-il au moment
                        <cb/>
                        de quitter la maison ? — Que pensez-vous de la manière de répondre et d'agir de François ? — Qu'aurait fait, à sa place, un bon petit frère ? — Que lui dit Suzette indignée ? — Quel effet produisit sur le père la vue de la cuisine nettoyée et rangée ?
                     </ab>
                  </div>
               </div>
               
               <div type="teacher">
                  <div type="exercice">
                     <head type="exercice"> DÉVELOPPEMENT DES SUJETS PROPOSÉS POUR EXERCICES. </head>
                     
                     <div type="morale">
                        <head type="sujets"> Morale. </head> 
                        
                        <ab type="question"> — Qu'est-ce qu'une maison bien tenue ? — Effet qu'elle produit sur le mari. </ab>
                        
                        <ab type="answer"> Une maison bien tenue n'est pas toujours une élégante habitation richement meublée, ornée de peintures, ayant de larges et commodes escaliers et de belles dépendances ; mais elle est celle où une main intelligente et courageuse fait régner l'ordre et la propreté. <lb/>
                           Toute maison, tout appartement, peuvent être bien tenus : ferme ou chaumière, atelier de l'ouvrier ou chambre de famille. Il suffit pour cela d'un peu de cœur et de volonté. Le temps ne fait jamais défaut qu'aux paresseux et aux paresseuses qui ne peuvent se résoudre à quitter le lit dès le matin, ainsi qu'à ces commères dont le meilleur de la journée se consume en bavardages où la futilité s'allie plus d'une fois à la méchanceté. <lb/>
                           Un mari qui, à la fin d'une rude journée de labeur, revient des champs ou de l'atelier, sourit et oublie ses fatigues à la vue d'un intérieur brillant de propreté, du poêle luisant où le feu ronfle gaiement, et du repas disposé avec goût sur une nappe blanche. Si les mets sont préparés avec soin et économie, si les verres étincellent sous les rayons d'une lampe à la flamme claire, si près de lui s'asseyent une femme et des enfants à la mise simple mais d'une irréprochable netteté, il se dira que nulle part ailleurs il ne sera mieux et on ne l'aimera mieux. Ne craignez plus alors que le cabaret l'attire ; il sait où il trouvera les plus douces jouissances. </ab>
                     </div>
                     
                     <div type="EconDom">
                        <head type="sujets"> Économie domestique. </head> 
                        
                        <ab type="question"> — Comment s'y prend-on pour nettoyer le carrelage ou le parquet d'une salle ; — pour laver les vitres ; — pour laver et ranger la vaisselle ; — pour rendre les meubles nets et brillants ? </ab>
                        
                        <ab type="answer"> Pour nettoyer le carrelage ou le parquet d'une salle, on fait dissoudre du savon noir ou des cristaux de soude dans un seau d'eau tiède, et avec une brosse de chiendent qu'on trempe dans le liquide, on frotte ce carrelage et ce parquet. Lorsqu'on a ainsi opéré sur un demi-mètre carré environ, on rince à l'eau claire et l'on éponge à l'aide d'une toile d'emballage qu'on lave fréquemment. Le travail se poursuit ainsi jusqu'à ce qu'il soit achevé. On emploie les cristaux de soude de préférence au savon noir lorsqu'il y a des taches graisseuses à faire disparaître. <lb/>
                           On procède de deux manières au nettoyage des vitres : <lb/>
                           1° Au moyen d'un chiffon préalablement trempé dans une bouillie de craie ou de blanc d'Espagne ; on barbouille les vitres sur chaque face, et on laisse sécher. Lorsqu'elles sont sèches, on les frotte avec soin en n'oubliant pas de débarrasser tous les angles des matières qui s'y accumulent. <lb/>
                           
                           <pb type="page" n="22"/>
                           <fw type="header"> 22 SUZETTE. </fw>
                           
                           2° On lave les vitres avec de l'eau contenant un vingtième d'eau-de-vie, et on les frotte ensuite avec un linge propre jusqu'à ce qu'elles soient bien claires. <lb/>
                           Le <seg corresp="#economieDomestique">lavage de la vaisselle</seg> suppose qu'à l'avance on a fait chauffer de l'eau à une température voisine de l'ébullition et que, si les pièces à nettoyer sont très grasses, on a jeté dans le liquide quelques cristaux. Alors on plonge les assiettes et les plats dans ce liquide, et on les y frotte séparément avec un chiffon de vieux linge fixé à l'extrémité d'un petit bâton. Il ne reste plus qu'à les retirer, à les faire égoutter et à les essuyer avec un torchon bien propre. <lb/>
                           Pour rendre les <seg corresp="#economieDomestique">meubles nets et luisants</seg>, s'ils sont recouverts d'un placage et vernis, on les frotte avec des chiffons de vieux linge de coton. Les meubles de bois ciré sont brossés d'abord, puis frottés comme il vient d’être dit, avec une peau souple. </ab>
                     </div>
                     
                     <div type="civilite">
                        <head type="sujets"> Civilité. </head> 
                        
                        <ab type="question"> — Comment, à votre avis, les plus jeunes enfants doivent-ils parler à leurs aînés et les écouter ? — Pourquoi ? — Comment seront, à leur tour, les ainés pour leurs frères et sœurs ? </ab>
                        
                        <ab type="answer"> Dans une famille bien unie, les plus jeunes enfants parleront à leurs aînés avec une certaine déférence, et ils se conformeront à leurs ordres si le père ou la mère leur ont confié la surveillance de la maison, eux se trouvant empêchés. De leur côté, les aînés se feront un plaisir d'aider et de protéger leurs frères et sœurs plus jeunes, et de leur donner en toute occasion de bons exemples. <lb/>
                           Comme l'a dit un moraliste : « Que l'amour que vous devez à vos semblables commence à se manifester en vous, dans toute sa perfection, à l'égard de ceux à qui vous êtes lié par la plus étroite des fraternités : celle qui naît de la communauté du sang. » </ab>
                     </div>
                     
                     <div type="sciencesNat">
                        <head type="sujets"> Sciences naturelles. </head>
                        
                        <ab type="question"> — Ce qu’est la pomme de terre. — Ses usages comme plante alimentaire, pour l'homme et pour les animaux. </ab>
                        
                        <ab type="answer"> La pomme de terre est un tubercule rempli de fécule qui est produit par le renflement de la tige souterraine. Elle provient des plateaux du Chili et du Pérou. Les feuilles de cette plante sont cotonneuses au-dessous et d'un vert pâle au-dessus ; elle porte des fleurs blanches, violettes et roses qui peuvent passer pour jolies ; quant aux fruits, ce sont des baies sphériques et verdâtres grosses comme des marrons. <lb/>
                           La pomme de terre entre pour une part importante dans l'alimentation de l'homme en Europe et en Amérique ; on l'a introduite dans le régime des animaux de la basse-cour, du porc, par exemple, auquel elle procure un engraissement rapide. </ab>
                        
                     </div>
                  </div>
               </div>
            </div>
         </div>
      </body>
   </text>
</TEI>
