<?xml version="1.0" encoding="UTF-8"?>
<?xml-model href="http://www.tei-c.org/release/xml/tei/custom/schema/relaxng/tei_all.rng" type="application/xml" schematypens="http://relaxng.org/ns/structure/1.0"?>
<?xml-model href="http://www.tei-c.org/release/xml/tei/custom/schema/relaxng/tei_all.rng" type="application/xml"
	schematypens="http://purl.oclc.org/dsdl/schematron"?>
<TEI xmlns="http://www.tei-c.org/ns/1.0">
   <teiHeader>
      <fileDesc>
         <titleStmt>
            <title type="main">Suzette: a Digital Edition - Chapter 1</title>
            <respStmt>
               <persName>John Westbrook</persName>
               <orgName>Bucknell University</orgName>
               <resp>Editor</resp>
            </respStmt>
            <respStmt>
               <persName>Annie Girton</persName>
               <orgName>Bucknell University</orgName>
               <resp>Research Assistant and Encoder</resp>
            </respStmt>
            <respStmt>
               <persName xml:id="JAKA1">Diane Jakacki</persName>
               <orgName>Bucknell University</orgName>
               <resp>Project Manager</resp>               
            </respStmt>
         </titleStmt>
         <publicationStmt>
            <distributor>Bucknell University</distributor>
            <pubPlace>
               <address>
                  <addrLine>One Dent Drive</addrLine>
                  <addrLine>Lewisburg, PA 17837</addrLine>
               </address>
            </pubPlace>
            <availability>
               <licence>Attribution-NonCommercial-ShareAlike 4.0 International</licence>
            </availability>
         </publicationStmt>
         <sourceDesc>
            <biblStruct>
               <monogr>
                  <title>Suzette: Livre de Lecture Courante à l’Usage des Jeunes Filles. Morale—Leçon de choses, Economie Domestique – Ménage – Cuisine – Couture</title>
                  <author>Robert Halt</author>
                  <textLang>French</textLang>
                  <imprint>
                     <date>1889</date>
                     <distributor>Libraire Classique Paul Delaplane</distributor>
                     <pubPlace>Paris, France</pubPlace>
                  </imprint>
               </monogr>
            </biblStruct>
         </sourceDesc>
      </fileDesc>
            <profileDesc>
         <langUsage>
            <language ident="fra">French</language>
            <language ident="eng">English</language>
         </langUsage>
      </profileDesc>
      <encodingDesc>
         <charDecl>
            <char>
               <charName xml:id="suzette">Suzette</charName>
            </char>
            <char>
               <charName xml:id="papa">Papa</charName>
            </char>
            <char>
               <charName xml:id="la_maman">La maman</charName>
            </char>
            <char>
               <charName xml:id="jacques">Jacques</charName>            
            </char>
            <char>
               <charName xml:id="francois">François</charName>
            </char>
            <char>
               <charName xml:id="charlot">Charlot</charName>
            </char>
            <char>
               <charName xml:id="mme_valon">Mme Valon</charName>
            </char>
            <char>
               <charName xml:id="m_valon">M. Valon</charName>
            </char>
            <char>
               <charName xml:id="mme_richard">Mme Richard</charName>
            </char>
            <char>
               <charName xml:id="louis">Louis</charName>
            </char>
            <char>
               <charName xml:id="pascal">Pascal</charName>
            </char>
            <char>
               <charName xml:id="marthe">Marthe</charName>
            </char>
            <char>
               <charName xml:id="sylvain">Sylvain</charName>
            </char> 
            <char>
               <charName xml:id="ludivine">Ludivine</charName>
            </char> 
            <char>
               <charName xml:id="m_lejoly">M. Lejoly</charName>
            </char>
            <char>
               <charName xml:id="l_apiculteur">L'apiculteur</charName>
            </char>
            <char>
               <charName xml:id="la_bohemienne">La bohémienne</charName>
            </char>
            <char>
               <charName  xml:id="m_cartier">M. Cartier</charName>
            </char>
            <char>
               <charName xml:id="les_dumay">La Famille Dumay</charName>
            </char>
         </charDecl>
         <classDecl>
            <taxonomy xml:id="classification">
               <category xml:id="morale">
                  <catDesc>Morale</catDesc>
                  <category xml:id="enfantFamille">
                     <catDesc>L'enfant dans la famille</catDesc>
                  </category>
                  <category xml:id="devoirsFreresSoeurs">
                     <catDesc>Devoirs des frères et sœurs</catDesc>
                  </category>
                  <category xml:id="devoirsServiteurs">
                     <catDesc>Devoirs envers les serviteurs</catDesc>
                  </category>
                  <category xml:id="enfantEcole">
                     <catDesc>L'enfant dans l'école</catDesc>
                  </category>
                  <category xml:id="patrie">
                     <catDesc>La patrie</catDesc>
                  </category>
                  <category xml:id="devoirsSoiMeme">
                     <catDesc>Devoirs envers soi-même</catDesc>
                  </category>
                  <category xml:id="biensExterieurs">
                     <catDesc>Les biens extérieurs</catDesc>
                  </category>
                  <category xml:id="ame">
                     <catDesc>L'âme</catDesc>
                  </category>
                  <category xml:id="devoirsSemblables">
                     <catDesc>Devoirs envers nos semblables</catDesc>
                  </category>
                  <category xml:id="devoirsDieu">
                     <catDesc>Devoirs envers Dieu</catDesc>
                  </category>
               </category>
               <category xml:id="instructionCivique">
                  <catDesc>Instruction civique</catDesc>
               </category>
               <category xml:id="civilite">
                  <catDesc>Civilité</catDesc>
               </category>
               <category xml:id="francais">
                  <catDesc>Français</catDesc>
               </category>
               <category xml:id="composition">
                  <catDesc>Composition</catDesc>
                  <!--In the book Composition is followed by an (1); should that be included?-->
                  <category xml:id="recits">
                     <catDesc>Récits</catDesc>
                  </category>
                  <category xml:id="recitsHistoriques">
                     <catDesc>Récits historiques</catDesc>
                  </category>
                  <category xml:id="descriptions">
                     <catDesc>Descriptions</catDesc>
                  </category>
                  <category xml:id="sujetsMoraux">
                     <catDesc>Sujets moraux ou d'imagination</catDesc>
                  </category>
                  <category xml:id="lettres">
                     <catDesc>Lettres</catDesc>
                  </category>
               </category>
               <category xml:id="histoire">
                  <catDesc>Histoire</catDesc>
                  <!--<category xml:id="histoireNaturelle">
                     <catDesc>Histoire naturelle</catDesc>
                  </category>
                  <category xml:id="histoireTravail">
                     <catDesc>Histoire du travail</catDesc>
                  </category>-->
               </category>
               <category xml:id="geographie">
                  <catDesc>Géographie</catDesc>
                  <category xml:id="europe">
                     <catDesc>Europe</catDesc>
                  </category>
                  <category xml:id="asie">
                     <catDesc>Asie</catDesc>
                  </category>
                  <category xml:id="afrique">
                     <catDesc>Afrique</catDesc>
                  </category>
                  <category xml:id="amerique">
                     <catDesc>Amérique</catDesc>
                  </category>
                  <category xml:id="oceanie">
                     <catDesc>Océanie</catDesc>
                  </category>
                  <category xml:id="france">
                     <catDesc>France</catDesc>
                  </category>
                <!--  <category xml:id="topographie">
                     <catDesc>Topographie</catDesc>
                  </category>-->
               </category>
               <category xml:id="scienceNat">
                  <catDesc>Science Naturelles</catDesc>
                  <!--<category xml:id="geologie">
                     <catDesc>Géologie</catDesc>
                  </category>-->
                     <category xml:id="mineraux">
                        <catDesc>Minéraux</catDesc>
                     </category>
                     <!--In the book Minéraux is followed by ",etc."; should that be included?-->
                  <!--<category xml:id="botanique">
                     <catDesc>Botanique</catDesc>-->
                     <category xml:id="vegetaux">
                        <catDesc>Végétaux</catDesc>
                        <!--All of the sub-categories following this are numbered; should that be included?-->
                        <category xml:id="arbreNoncultives">
                           <catDesc>Arbres non cultivés</catDesc>
                        </category>
                        <category xml:id="herbesPlantes">
                           <catDesc>Herbes ou plantes sauvages</catDesc>
                        </category>
                        <category xml:id="arbreCultives">
                           <catDesc>Arbres cultivés</catDesc>
                        </category>
                        <category xml:id="arbustes">
                           <catDesc>Arbustes cultivés</catDesc>
                        </category>
                        <category xml:id="cereales">
                           <catDesc>Céréales</catDesc>
                        </category>
                        <category xml:id="legumesRacines">
                           <catDesc>Légumes, racines, etc.</catDesc>
                        </category>
                        <category xml:id="divers1"><!-- Avoid tagging with Divers - if necessary, create another sub-category -->
                           <catDesc>Divers</catDesc>
                        </category> 
                     </category>
                     <!--<category xml:id="physiologieVegetale">
                        <catDesc>Physiologie végétale</catDesc>
                     </category>-->
                  <!--</category>-->
                 <!-- <category xml:id="zoologie">
                     <catDesc>Zoologie</catDesc>-->
                     <category xml:id="animaux">
                        <catDesc>Animaux</catDesc>
                        <!--All of the sub-categories following this are numbered; should that be included?-->
                        <category xml:id="homme">
                           <catDesc>l'Homme</catDesc>
                        </category> <!--Homme wouldn't go under zoologie.. could we seperate it or rename this category?-->
                        <category xml:id="animauxDomestiques">
                           <catDesc>Animaux domestiques</catDesc>
                        </category>
                        <category xml:id="animauxSauvages">
                           <catDesc>Animaux sauvages</catDesc>
                        </category>
                     </category>
                     <!--<category xml:id="physiologieAnimal">
                        <catDesc>Physiologie animaux</catDesc>
                     </category>-->
                  <!--</category>-->
                  <!--<category xml:id="agriculture">
                     <catDesc>Agriculture</catDesc>
                     <category xml:id="techniquesAgricoles">
                        <catDesc>Techniques agricoles</catDesc>
                     </category>
                     <category xml:id="produits">
                        <catDesc>Produits</catDesc>
                     </category>
                     <category xml:id="outilsMachines">
                        <catDesc>Outils et machines</catDesc>
                     </category>
                     <category xml:id="recolte">
                        <catDesc>Récolte</catDesc>
                     </category>
                     <category xml:id="elevageBetail">
                        <catDesc>Élevage de bétail</catDesc>
                     </category>
                     <category xml:id="terrainAgricole">
                        <catDesc>Terrain agricole</catDesc>
                     </category>
                     <category xml:id="apiculture">
                        <catDesc>Apiculture</catDesc>
                     </category>
                  </category>-->
               </category>
               <category xml:id="sciencesPhys">
                  <catDesc>Notions relatives aux sciences physiques</catDesc>
                  <!--<category xml:id="elements">
                     <catDesc>Éléments</catDesc>-\->
                     <category xml:id="feu">
                        <catDesc>Feu</catDesc>
                     </category>
                     <!-\-Could add categories for earth/wind/air-\->
                  </category>
                  <category xml:id="meterologie">
                     <catDesc>Métérologie</catDesc>-\->
                  </category>-->
                  <!--Category for night/day cycles, seasons?-->
               </category>
               <category xml:id="industrie">
                  <catDesc>Industrie</catDesc>
                  <category xml:id="matieresObjets">
                     <catDesc>Matières et objets fabriqués</catDesc>
                  </category>
                  <category xml:id="constructions">
                     <catDesc>Constructions</catDesc>
                  </category>
                  <category xml:id="machinesAppareils">
                     <catDesc>Machines, appareils, ustensiles, vases</catDesc>
                  </category>
                  <!--Can outils go under machinesAppareils-->
                  <category xml:id="outils">
                     <catDesc>Outils</catDesc>
                  </category>
                  <category xml:id="etoffesHabillement">
                     <catDesc>Étoffes, habillement</catDesc>
                  </category>
                  <category xml:id="divers2">
                     <catDesc>Divers</catDesc>
                  </category>
               </category>
               <category xml:id="economieDomestique">
                  <catDesc>Économie Domestique</catDesc>
                  <!--<category xml:id="tachesMenageres">
                     <catDesc>Tâches ménagères</catDesc>
                  </category>-->
                  <category xml:id="alimentsCuisine">
                     <catDesc>Aliments et cuisine</catDesc>
                  </category>
                  <category xml:id="vetements1">
                     <catDesc>Vêtements</catDesc>
                  </category>
                  <category xml:id="basse-cour">
                     <catDesc>Basse-cour</catDesc>
                  </category>
                  <!--Could basse-cour be combined with scienceNat/agriculture under elevageBetail?--> 
               </category>
               <category xml:id="hygiene">
                  <catDesc>Hygiène</catDesc>
                  <category xml:id="corpsHabitations">
                     <catDesc>Corps et habitations</catDesc>
                  </category>
                  <category xml:id="vetements2">
                     <catDesc>Vêtements</catDesc>
                  </category>
                  <category xml:id="aliments">
                     <catDesc>Aliments</catDesc>
                  </category>
                  <category xml:id="maladiesRemedes">
                     <catDesc>Maladies, etc. ; remèdes</catDesc>
                  </category>
               </category>
            </taxonomy>
         </classDecl>
      </encodingDesc>
      <profileDesc>
         <settingDesc>
            <listPlace>
               <place>
                  <placeName xml:id="l_amerique">l'Amérique</placeName>
               </place>
               <place>
                  <placeName xml:id="l_oceanien">l'Oceanian</placeName>
               </place>
               <place>
                  <placeName xml:id="l_europe">l'Europe</placeName>
               </place>
               <place>
                  <placeName xml:id="l_afrique">l'Afrique</placeName>
               </place>
               <place>
                  <placeName xml:id="l_australie">l'Australie</placeName>
               </place>
               <place>
                  <placeName xml:id="la_france">la France</placeName>
               </place>
               <place>
                  <placeName xml:id="la_chine">la Chine</placeName>
               </place>
               <place>
                  <placeName xml:id="etats_unis">les États-Unis</placeName>
               </place>
               <place>
                  <placeName xml:id="l_arabe">l'Arabe</placeName>
               </place>
               <place>
                  <placeName xml:id="la_canada">la Canada</placeName>
               </place>
               <place>
                  <placeName xml:id="fragicourt">Fragicourt</placeName>
               </place>
               <place>
                  <placeName xml:id="paris">Paris</placeName>
               </place>
               <place>
                  <placeName xml:id="bruxelles">Bruxelles</placeName>
               </place>
               <place>
                  <placeName xml:id="boston">Boston
                  </placeName>
               </place>
               <place> 
                  <placeName xml:id="l_avre">l'Avre
                     <geogFeat>River</geogFeat>
                  </placeName> 
               </place>
               <place>
                  <placeName xml:id="la_moye">la Moye
                     <geogFeat>River</geogFeat>
                  </placeName>
               </place>
            </listPlace>
         </settingDesc>
      </profileDesc>
   </teiHeader>
   <text>
      <body>
         <!-- n is for maitresse edition, corresp is for student edition -->
         
         <div type="chapter" n="1">
            <div xml:lang="fr">
               <div type="student">
                  
                  <pb type="page" n="1"/>
                  <head>1. — A l'abandon. (Élève, p. 3.) </head>
                  
                  <p> Par terre, devant l'âtre*<gloss>Âtre. L'endroit de la cheminée où l'on fait le feu.</gloss>, une grosse soupière blanche à ramages*<gloss>Ramages. Représentation de rameaux, de feuillages, de fleurs sur vases ou étoffes.</gloss> rouges et verts s'étalait entre un grand chaudron noir et une paire de bottes dont les semelles avaient apporté avec elles un assez lourd morceau du chemin boueux. Tout autour, une jonchée de fétus de paille, de pampes*<gloss> Pampe. Feuille des céréales. </gloss> de navets et d'autres épluchures. </p>
                  
                  <note> NOTA. — 1° Les mots suivis d'un astérisque sont expliqués à la fin du volume, et, pour faciliter les recherches, ont été classés lecture par lecture et non suivant l'ordre alphabétique. <lb/>
                     2° Nous avons fait suivre chacun des récits de questionnaires sur divers sujets se rapportant au texte qui précède, et qui peuvent donner lieu à de nouveaux exercices soit oraux, soit écrits. </note>
                  
                  <fw type="sig"> SUZETTE  (Maîtresse). 1 </fw>     
                  
                  <pb type="page" n="2"/>   
                  <fw type="header"> 2 SUZETTE. </fw>
                  
                  <p> Sous la crémaillère brûlait un restant de bûche ; à côté, un gros chat et un chien roux, tous deux couchés, clignaient paresseusement des yeux vers une grande table ronde, au milieu de la pièce. Des gens y mangeaient d'un plat qui, sans doute, n'était pas à la convenance des deux bêtes, car elles ne bougeaient pas. </p>
                  
                  <figure>
                     <caption> Le chien de garde. </caption>
                  </figure>
                  
                  <p> Il y avait là cinq convives, quatre assis, un debout. Celui-là, gamin de cinq à six ans, rose et joufflu, mangeait lentement. Ses grands yeux bleus vaguement étonnés regardaient devant lui comme cherchant quelque chose qu'ils ne trouvaient pas. </p>
                  
                  <p> Personne, cela se voyait, ne lui avait appris à manier sa cuiller, ou bien il avait eu le temps d'oublier l'enseignement. Il la tenait à pleine main, et, d'un mouvement pataud, la plongeait dans la casserole de terre qui lui servait d'assiette. De l'autre main il y pêchait les haricots égarés parmi le pain trempé et les avalait un à un en les comptant.</p>
                  
                  <figure>
                     <caption> Le chat de la maison. </caption>
                  </figure>
                  
                  <p> Auprès de lui, deux garçons plus grands ; l'un à figure éveillée, au nez en trompette, et dont la veste bâillait largement aux coudes. </p>
                  <p> L'autre avait bien douze ans ; son visage, un peu gâté par quelques taches de rousseur, n'en était pas moins un franc et honnête visage. Ces deux garçons-là semblaient savoir comment on tient sa cuiller. Une fillette, qui leur faisait face, la maniait encore plus joliment qu'eux. Elle avait une dizaine d'années, une physionomie*<gloss>Physionomie. Les traits du visage.</gloss> vive, des yeux frais, très ouverts, pleins d'affa-      
                     
                     <pb type="page" n="3"/>          
                     <fw type="header"> A L'ABANDON. 3 </fw>
                     
                     bilité*<gloss>Affabilité. Qualité de celui qui reçoit ou écoute avec bonté ceux qui s'adressent à lui.</gloss>. Ce n'était pas une beauté, mais bien une de ces bonnes et aimables têtes qu'on aime à voir sur les épaules d'une petite fille. </p>
                  <p> Non, il n'y avait pas à cette table une seule figure de méchant enfant. Et tant mieux ! tant mieux pour le père qui présidait le repas, et qui, à la façon pensive et lasse dont il courbait la tête, semblait avoir assez d'autres soucis en ce monde pour se passer de celui d'une mauvaise lignée*<gloss>Lignée. Les descendants d'un ancêtre ou les enfants d'un père ou d'une mère.</gloss>. </p>
                  <p> On mangeait en silence ; le couvert à peine mis n'était pas plus engageant que l'odeur fade des légumes bouillis à la <hi rend="italic">va-te-promener</hi> qui emplissait la pièce.</p>
                  
                  <div type="questionnaire">
                     <ab><hi rend="bold"> Questionnaire. </hi> — Que voyait-on devant l’âtre ? — Quels animaux se trouvaient auprès de la cheminée ? — Quels étaient les convives réunis autour de la table ? — Que vous souvient-il du plus jeune des enfants du fermier ? — Comment 
                        <cb/>
                        mangeait-il ? — Donnez quelques détails sur les deux aînés ; — sur la fillette. — Pourquoi le père courbait-il la tête durant le repas ? — Pourquoi chacun mangeait-il silencieusement ? </ab>
                  </div>
               </div>
               
               <div type="teacher">
                  
                  <note> N. B. — Quoique les questions relatives au sujet de chaque leçon n'aient pas été multipliées outre mesure, il est bon d'accoutumer les enfants à faire des réponses et, plus tard, de petits exposés comprenant plusieurs propositions. Ce sera d'ailleurs une manière efficace de les préparer aux exercices de composition. </note>
                  
                  <div type="exercice">
                     <head type="exercice"> DÉVELOPPEMENT DES SUJETS PROPOSÉS POUR EXERCICES. </head>
                     
                     <div type="morale">
                        <head type="sujets"> Morale. </head> 
                        
                        <ab type="question"> — Que prouvait l'aspect de la chambre où la famille était réunie ? — Qu'est-ce qu'avoir de la propreté, de l'ordre et du soin ? — Quel est l'enfant du fermier qui est le plus à plaindre, et pourquoi ? </ab>
                        
                        <ab type="answer"> L'aspect de la chambre où la famille était réunie, prouvait que personne n'avait eu jusqu'alors la pensée de la nettoyer. En effet, le sol était couvert de débris que les enfants auraient pu enlever s'ils eussent été plus soigneux, comme le font d'ailleurs la plupart de ceux dont les parents sont retenus longtemps au dehors par leurs travaux quotidiens. <lb/>
                           <seg corresp="#devoirsSoiMeme">Avoir de la propreté</seg>, c'est ne laisser aucune tache, aucune souillure sur son corps, sur ses vêtements et dans la maison que l'on habite : nulle qualité ne dispose mieux les autres en notre faveur. — <seg corresp="#devoirsSoiMeme">Avoir de l'ordre</seg>, c'est réserver une place à chaque chose et placer toujours cette chose à sa place. Dans une chambre, par exemple, les chaises seront rangées le long des murs ; la vaisselle s’alignera sur les rayons du dressoir ; les vêtements seront suspendus, l'un à côté de l'autre, dans la garde-robe ; enfin, le linge reposera sur les tablettes de l'armoire. — <!--<term>-->Avoir du soin<!--</term>-->, c'est apporter beaucoup d'attention et d'application à ce qu'on fait. Une jeune fille soigneuse n'oubliera pas de recoudre un bouton, de nouer un lacet, de surveiller le lait qu'elle met bouillir, de ponctuer ses devoirs, etc. <lb/>
                           
                           <pb type="page" n="4"/>
                           <fw type="header"> 4 SUZETTE. </fw>
                           
                           L'enfant du fermier qui me semble le plus à plaindre, est le bébé. A son âge, on a tant besoin de la maman ! et la sienne n’est plus auprès de lui et elle ne reviendra jamais dans la maison de famille. </ab>
                     </div>
                     
                     <div type="sciencesNat">
                        <head type="sujets"> Sciences naturelles. </head>
                        
                        <ab type="question"> — Comment appelle-t-on les animaux qui vivent à la maison ? — Quels services rend le chien ? — Quels services rend le chat ? — Quelles sont les principales qualités du chien ? — Quels sont les défauts du chat ? — Nommez les principales espèces de chiens et leurs aptitudes. </ab>
                        
                        <ab type="answer"> Les animaux qui vivent à la maison et nous rendent des services, sont appelés <seg corresp="#animauxDomestique">animaux domestiques</seg> : tels sont le chien, le chat, l'âne, le cheval, le bœuf et la vache, la brebis, la chèvre. <lb/>
                           <seg corresp="#animauxDomestique">Le chien</seg> met au service de l'homme son courage, sa force, ses talents. Il garde les troupeaux et veille à la sûreté du logis ; il seconde son maître dans la poursuite du gibier et des bêtes dangereuses ou féroces ; enfin, il n'hésite pas à exposer sa vie pour sauver celle des personnes qu'il aime. <lb/>
                           <seg corresp="#animauxDomestique">Le chat</seg> débarrasse la maison des souris et des rats, animaux malfaisants qui mangent les grains et les provisions mises en réserve, rongent le linge, les papiers et dévastent nos jardins. <lb/>
                           Le chien est affectueux pour son maître et les personnes de la maison ; il est tout zèle, tout ardeur, tout obéissance, plus sensible au souvenir des bienfaits qu'à celui des outrages. Il ne se rebute pas par les mauvais traitements ; il les subit, les oublie ; il n'oppose que la plainte à la main qui le frappe et la désarme par sa patience. <lb/>
                           Le chat ne paraît jamais complètement apprivoisé ; il est rusé, vindicatif ; il aime à vivre de rapine, et, en général, s'attache moins aux personnes qu'aux lieux où il fut élevé. <lb/>
                           Les principales espèces de chiens sont : le chien de berger, qui dirige et surveille les troupeaux ; le chien de garde, qui veille à la sûreté des habitations ; les épagneuls, les bassets, les lévriers, dressés pour la chasse ; les caniches, remarquables par leur intelligence ; les terreneuve et les chiens du Saint-Bernard, qui se dévouent pour l'homme ; enfin, les chiens d'agrément. </ab>
                     </div> 
                     
                     <div type="civilite"> 
                        <head type="sujets"> Civilité. </head>
                        
                        <ab type="question"> — Comment doit-on se tenir à table ? </ab>
                        
                        <ab type="answer"> Les enfants doivent être silencieux et réservés pendant les repas ; ils n'y prennent la parole que pour répondre ou demander poliment quelque chose. La civilité leur prescrit d'attendre, pour être servis, que les grandes personnes l'aient été d'abord. Ils mangeront posément, sans bruit ; ils se garderont d'appuyer les coudes sur la nappe et d'éloigner leur siège de la table. Leur vin sera toujours trempé d’eau, et ils boiront modérément. Il n'est pas de bon usage de couper son pain ; on le rompt. La viande doit être découpée seulement à mesure qu'on mange. Pour les autres détails, les enfants observeront comment agissent les personnes dont les manières indiquent une bonne éducation. </ab>
                     </div>
                     
                     <note> N. B. — Les gravures qui accompagnent les divers chapitres de l'ouvrage, fourniront le sujet de nombre de remarques et de questions intéressantes : peu d'exercices sont aussi profitables aux élèves pour les accoutumer à observer, à regarder et enfin à s'exprimer correctement.  <lb/>
                        Le COURS DE COMPOSITION FRANÇAISE, de M. LAPORTE, degré élémentaire et moyen (IV° série), donne, sur les exercices de composition d'après une image, des conseils très précieux. Nous renvoyons à ce traité spécial. </note>
                     
                  </div>
               </div>
            </div>
         </div>
      </body>
  </text>
</TEI>
