<?xml version="1.0" encoding="UTF-8"?>
<?xml-model href="http://www.tei-c.org/release/xml/tei/custom/schema/relaxng/tei_all.rng" type="application/xml" schematypens="http://relaxng.org/ns/structure/1.0"?>
<?xml-model href="http://www.tei-c.org/release/xml/tei/custom/schema/relaxng/tei_all.rng" type="application/xml"
	schematypens="http://purl.oclc.org/dsdl/schematron"?>
<TEI xmlns="http://www.tei-c.org/ns/1.0">
   <teiHeader>
      <fileDesc>
         <titleStmt>
            <title type="main">Suzette: a Digital Edition - Chapter 33</title>
            <respStmt>
               <persName>John Westbrook</persName>
               <orgName>Bucknell University</orgName>
               <resp>Editor</resp>
            </respStmt>
            <respStmt>
               <persName>Annie Girton</persName>
               <orgName>Bucknell University</orgName>
               <resp>Research Assistant and Encoder</resp>
            </respStmt>
            <respStmt>
               <persName xml:id="JAKA1">Diane Jakacki</persName>
               <orgName>Bucknell University</orgName>
               <resp>Project Manager</resp>               
            </respStmt>
         </titleStmt>
         <publicationStmt>
            <distributor>Bucknell University</distributor>
            <pubPlace>
               <address>
                  <addrLine>One Dent Drive</addrLine>
                  <addrLine>Lewisburg, PA 17837</addrLine>
               </address>
            </pubPlace>
            <availability>
               <licence>Attribution-NonCommercial-ShareAlike 4.0 International</licence>
            </availability>
         </publicationStmt>
         <sourceDesc>
            <biblStruct>
               <monogr>
                  <title>Suzette: Livre de Lecture Courante à l’Usage des Jeunes Filles. Morale—Leçon de choses, Economie Domestique – Ménage – Cuisine – Couture</title>
                  <author>Robert Halt</author>
                  <textLang>French</textLang>
                  <imprint>
                     <date>1889</date>
                     <distributor>Libraire Classique Paul Delaplane</distributor>
                     <pubPlace>Paris, France</pubPlace>
                  </imprint>
               </monogr>
            </biblStruct>
         </sourceDesc>
      </fileDesc>
            <profileDesc>
         <langUsage>
            <language ident="fra">French</language>
            <language ident="eng">English</language>
         </langUsage>
      </profileDesc>
      <encodingDesc>
         <charDecl>
            <char>
               <charName xml:id="suzette">Suzette</charName>
            </char>
            <char>
               <charName xml:id="papa">Papa</charName>
            </char>
            <char>
               <charName xml:id="la_maman">La maman</charName>
            </char>
            <char>
               <charName xml:id="jacques">Jacques</charName>            
            </char>
            <char>
               <charName xml:id="francois">François</charName>
            </char>
            <char>
               <charName xml:id="charlot">Charlot</charName>
            </char>
            <char>
               <charName xml:id="mme_valon">Mme Valon</charName>
            </char>
            <char>
               <charName xml:id="m_valon">M. Valon</charName>
            </char>
            <char>
               <charName xml:id="mme_richard">Mme Richard</charName>
            </char>
            <char>
               <charName xml:id="louis">Louis</charName>
            </char>
            <char>
               <charName xml:id="pascal">Pascal</charName>
            </char>
            <char>
               <charName xml:id="marthe">Marthe</charName>
            </char>
            <char>
               <charName xml:id="sylvain">Sylvain</charName>
            </char> 
            <char>
               <charName xml:id="ludivine">Ludivine</charName>
            </char> 
            <char>
               <charName xml:id="m_lejoly">M. Lejoly</charName>
            </char>
            <char>
               <charName xml:id="l_apiculteur">L'apiculteur</charName>
            </char>
            <char>
               <charName xml:id="la_bohemienne">La bohémienne</charName>
            </char>
            <char>
               <charName  xml:id="m_cartier">M. Cartier</charName>
            </char>
            <char>
               <charName xml:id="les_dumay">La Famille Dumay</charName>
            </char>
         </charDecl>
         <classDecl>
            <taxonomy xml:id="classification">
               <category xml:id="morale">
                  <catDesc>Morale</catDesc>
                  <category xml:id="enfantFamille">
                     <catDesc>L'enfant dans la famille</catDesc>
                  </category>
                  <category xml:id="devoirsFreresSoeurs">
                     <catDesc>Devoirs des frères et sœurs</catDesc>
                  </category>
                  <category xml:id="devoirsServiteurs">
                     <catDesc>Devoirs envers les serviteurs</catDesc>
                  </category>
                  <category xml:id="enfantEcole">
                     <catDesc>L'enfant dans l'école</catDesc>
                  </category>
                  <category xml:id="patrie">
                     <catDesc>La patrie</catDesc>
                  </category>
                  <category xml:id="devoirsSoiMeme">
                     <catDesc>Devoirs envers soi-même</catDesc>
                  </category>
                  <category xml:id="biensExterieurs">
                     <catDesc>Les biens extérieurs</catDesc>
                  </category>
                  <category xml:id="ame">
                     <catDesc>L'âme</catDesc>
                  </category>
                  <category xml:id="devoirsSemblables">
                     <catDesc>Devoirs envers nos semblables</catDesc>
                  </category>
                  <category xml:id="devoirsDieu">
                     <catDesc>Devoirs envers Dieu</catDesc>
                  </category>
               </category>
               <category xml:id="instructionCivique">
                  <catDesc>Instruction civique</catDesc>
               </category>
               <category xml:id="civilite">
                  <catDesc>Civilité</catDesc>
               </category>
               <category xml:id="francais">
                  <catDesc>Français</catDesc>
               </category>
               <category xml:id="composition">
                  <catDesc>Composition</catDesc>
                  <!--In the book Composition is followed by an (1); should that be included?-->
                  <category xml:id="recits">
                     <catDesc>Récits</catDesc>
                  </category>
                  <category xml:id="recitsHistoriques">
                     <catDesc>Récits historiques</catDesc>
                  </category>
                  <category xml:id="descriptions">
                     <catDesc>Descriptions</catDesc>
                  </category>
                  <category xml:id="sujetsMoraux">
                     <catDesc>Sujets moraux ou d'imagination</catDesc>
                  </category>
                  <category xml:id="lettres">
                     <catDesc>Lettres</catDesc>
                  </category>
               </category>
               <category xml:id="histoire">
                  <catDesc>Histoire</catDesc>
                  <!--<category xml:id="histoireNaturelle">
                     <catDesc>Histoire naturelle</catDesc>
                  </category>
                  <category xml:id="histoireTravail">
                     <catDesc>Histoire du travail</catDesc>
                  </category>-->
               </category>
               <category xml:id="geographie">
                  <catDesc>Géographie</catDesc>
                  <category xml:id="europe">
                     <catDesc>Europe</catDesc>
                  </category>
                  <category xml:id="asie">
                     <catDesc>Asie</catDesc>
                  </category>
                  <category xml:id="afrique">
                     <catDesc>Afrique</catDesc>
                  </category>
                  <category xml:id="amerique">
                     <catDesc>Amérique</catDesc>
                  </category>
                  <category xml:id="oceanie">
                     <catDesc>Océanie</catDesc>
                  </category>
                  <category xml:id="france">
                     <catDesc>France</catDesc>
                  </category>
                <!--  <category xml:id="topographie">
                     <catDesc>Topographie</catDesc>
                  </category>-->
               </category>
               <category xml:id="scienceNat">
                  <catDesc>Science Naturelles</catDesc>
                  <!--<category xml:id="geologie">
                     <catDesc>Géologie</catDesc>
                  </category>-->
                     <category xml:id="mineraux">
                        <catDesc>Minéraux</catDesc>
                     </category>
                     <!--In the book Minéraux is followed by ",etc."; should that be included?-->
                  <!--<category xml:id="botanique">
                     <catDesc>Botanique</catDesc>-->
                     <category xml:id="vegetaux">
                        <catDesc>Végétaux</catDesc>
                        <!--All of the sub-categories following this are numbered; should that be included?-->
                        <category xml:id="arbreNoncultives">
                           <catDesc>Arbres non cultivés</catDesc>
                        </category>
                        <category xml:id="herbesPlantes">
                           <catDesc>Herbes ou plantes sauvages</catDesc>
                        </category>
                        <category xml:id="arbreCultives">
                           <catDesc>Arbres cultivés</catDesc>
                        </category>
                        <category xml:id="arbustes">
                           <catDesc>Arbustes cultivés</catDesc>
                        </category>
                        <category xml:id="cereales">
                           <catDesc>Céréales</catDesc>
                        </category>
                        <category xml:id="legumesRacines">
                           <catDesc>Légumes, racines, etc.</catDesc>
                        </category>
                        <category xml:id="divers1"><!-- Avoid tagging with Divers - if necessary, create another sub-category -->
                           <catDesc>Divers</catDesc>
                        </category> 
                     </category>
                     <!--<category xml:id="physiologieVegetale">
                        <catDesc>Physiologie végétale</catDesc>
                     </category>-->
                  <!--</category>-->
                 <!-- <category xml:id="zoologie">
                     <catDesc>Zoologie</catDesc>-->
                     <category xml:id="animaux">
                        <catDesc>Animaux</catDesc>
                        <!--All of the sub-categories following this are numbered; should that be included?-->
                        <category xml:id="homme">
                           <catDesc>l'Homme</catDesc>
                        </category> <!--Homme wouldn't go under zoologie.. could we seperate it or rename this category?-->
                        <category xml:id="animauxDomestiques">
                           <catDesc>Animaux domestiques</catDesc>
                        </category>
                        <category xml:id="animauxSauvages">
                           <catDesc>Animaux sauvages</catDesc>
                        </category>
                     </category>
                     <!--<category xml:id="physiologieAnimal">
                        <catDesc>Physiologie animaux</catDesc>
                     </category>-->
                  <!--</category>-->
                  <!--<category xml:id="agriculture">
                     <catDesc>Agriculture</catDesc>
                     <category xml:id="techniquesAgricoles">
                        <catDesc>Techniques agricoles</catDesc>
                     </category>
                     <category xml:id="produits">
                        <catDesc>Produits</catDesc>
                     </category>
                     <category xml:id="outilsMachines">
                        <catDesc>Outils et machines</catDesc>
                     </category>
                     <category xml:id="recolte">
                        <catDesc>Récolte</catDesc>
                     </category>
                     <category xml:id="elevageBetail">
                        <catDesc>Élevage de bétail</catDesc>
                     </category>
                     <category xml:id="terrainAgricole">
                        <catDesc>Terrain agricole</catDesc>
                     </category>
                     <category xml:id="apiculture">
                        <catDesc>Apiculture</catDesc>
                     </category>
                  </category>-->
               </category>
               <category xml:id="sciencesPhys">
                  <catDesc>Notions relatives aux sciences physiques</catDesc>
                  <!--<category xml:id="elements">
                     <catDesc>Éléments</catDesc>-\->
                     <category xml:id="feu">
                        <catDesc>Feu</catDesc>
                     </category>
                     <!-\-Could add categories for earth/wind/air-\->
                  </category>
                  <category xml:id="meterologie">
                     <catDesc>Métérologie</catDesc>-\->
                  </category>-->
                  <!--Category for night/day cycles, seasons?-->
               </category>
               <category xml:id="industrie">
                  <catDesc>Industrie</catDesc>
                  <category xml:id="matieresObjets">
                     <catDesc>Matières et objets fabriqués</catDesc>
                  </category>
                  <category xml:id="constructions">
                     <catDesc>Constructions</catDesc>
                  </category>
                  <category xml:id="machinesAppareils">
                     <catDesc>Machines, appareils, ustensiles, vases</catDesc>
                  </category>
                  <!--Can outils go under machinesAppareils-->
                  <category xml:id="outils">
                     <catDesc>Outils</catDesc>
                  </category>
                  <category xml:id="etoffesHabillement">
                     <catDesc>Étoffes, habillement</catDesc>
                  </category>
                  <category xml:id="divers2">
                     <catDesc>Divers</catDesc>
                  </category>
               </category>
               <category xml:id="economieDomestique">
                  <catDesc>Économie Domestique</catDesc>
                  <!--<category xml:id="tachesMenageres">
                     <catDesc>Tâches ménagères</catDesc>
                  </category>-->
                  <category xml:id="alimentsCuisine">
                     <catDesc>Aliments et cuisine</catDesc>
                  </category>
                  <category xml:id="vetements1">
                     <catDesc>Vêtements</catDesc>
                  </category>
                  <category xml:id="basse-cour">
                     <catDesc>Basse-cour</catDesc>
                  </category>
                  <!--Could basse-cour be combined with scienceNat/agriculture under elevageBetail?--> 
               </category>
               <category xml:id="hygiene">
                  <catDesc>Hygiène</catDesc>
                  <category xml:id="corpsHabitations">
                     <catDesc>Corps et habitations</catDesc>
                  </category>
                  <category xml:id="vetements2">
                     <catDesc>Vêtements</catDesc>
                  </category>
                  <category xml:id="aliments">
                     <catDesc>Aliments</catDesc>
                  </category>
                  <category xml:id="maladiesRemedes">
                     <catDesc>Maladies, etc. ; remèdes</catDesc>
                  </category>
               </category>
            </taxonomy>
         </classDecl>
      </encodingDesc>
      <profileDesc>
         <settingDesc>
            <listPlace>
               <place>
                  <placeName xml:id="l_amerique">l'Amérique</placeName>
               </place>
               <place>
                  <placeName xml:id="l_oceanien">l'Oceanian</placeName>
               </place>
               <place>
                  <placeName xml:id="l_europe">l'Europe</placeName>
               </place>
               <place>
                  <placeName xml:id="l_afrique">l'Afrique</placeName>
               </place>
               <place>
                  <placeName xml:id="l_australie">l'Australie</placeName>
               </place>
               <place>
                  <placeName xml:id="la_france">la France</placeName>
               </place>
               <place>
                  <placeName xml:id="la_chine">la Chine</placeName>
               </place>
               <place>
                  <placeName xml:id="etats_unis">les États-Unis</placeName>
               </place>
               <place>
                  <placeName xml:id="l_arabe">l'Arabe</placeName>
               </place>
               <place>
                  <placeName xml:id="la_canada">la Canada</placeName>
               </place>
               <place>
                  <placeName xml:id="fragicourt">Fragicourt</placeName>
               </place>
               <place>
                  <placeName xml:id="paris">Paris</placeName>
               </place>
               <place>
                  <placeName xml:id="bruxelles">Bruxelles</placeName>
               </place>
               <place>
                  <placeName xml:id="boston">Boston
                  </placeName>
               </place>
               <place> 
                  <placeName xml:id="l_avre">l'Avre
                     <geogFeat>River</geogFeat>
                  </placeName> 
               </place>
               <place>
                  <placeName xml:id="la_moye">la Moye
                     <geogFeat>River</geogFeat>
                  </placeName>
               </place>
            </listPlace>
         </settingDesc>
      </profileDesc>
   </teiHeader>
   <text>
      <body>
         <!-- n is for maitresse edition, corresp is for student edition -->
         
         <div type="chapter" n="33">
            <div xml:lang="fr">
               <div type="student">
                  
                  <pb type="page" n="116"/>
                  <head>33. — Au feu ! (Élève, p. 76.)</head>
         
                  <p> Mais <seg ana="#corpsHabitations">le sommeil</seg> ne le continua pas. Il apporta à <persName ana="#suzette">Suzette</persName> un autre songe, affreux, épouvantable. Elle escaladait <!--<seg ana="#geographie">une montagne à pic</seg>-->*<gloss>A pic. Avec pointe escarpée.</gloss>, au-dessus d'<!--<seg ana="#geographie">un abîme</seg>--> ; la peur, <seg ana="#maladiesRemedes">le vertige</seg>*<gloss>Vertige. Indisposition dans laquelle il semble que les choses tournent autour de vous.</gloss> lui <seg ana="#maladiesRemedes">coupaient la respiration</seg>, elle <seg ana="#maladesRemedes">suffoquait</seg>*<gloss>Suffocation. État de celui qui ne peut plus respirer à cause d'une vapeur nuisible.</gloss>. Tout à coup <seg ana="#mineraux">une pierre</seg> énorme roulant d'en haut la renversa et la réveilla. </p>
                  
                  <figure>
                     <caption> Hélas ! pourquoi M. Dumay n'avait-il pas assuré sa maison ? </caption>
                  </figure>
                  
                  <p> Égarée, elle s'accouda sur son lit. Elle <seg ana="#maladiesRemedes">étouffait</seg> réellement, non pas sous <seg ana="#mineraux">une pierre</seg>, mais sous <seg ana="#industrie">une âcre*<gloss>Acre. Qui cause dans la bouche ou la gorge une sensation piquante et brûlante.</gloss> fumée</seg> qui emplissait la chambre. <seg ana="#industrie">Une flamme</seg> lourde, rampante, léchait par en bas la porte de communication de la chambre et du fournil ; puis brusquement, s'élevant en <seg ana="#industrie">fusée de feu d'artifice</seg>, elle lança <seg ana="#industrie">une gerbe d'étincelles crépitantes</seg>*<gloss>Crépiter. Bruit causé par un corps qui brûle en pétillant.</gloss>. </p>
                  <p> Aussitôt à <seg ana="#scienceNat">terre</seg>, <persName ana="#suzette">Suzette</persName> avait déjà passé un jupon, jeté sur son dos une petite couverture, tout en essayant
         
                     <pb type="page" n="117"/>   
                     <fw type="header"> AU FEU ! 117 </fw>
         
         de crier ; mais l'épouvante, <seg ana="#maladiesRemedes">la suffocation</seg> retenaient <seg ana="#homme">sa voix</seg> qui n'était qu'un murmure : </p>
                  <sp><speaker>Suzette</speaker><ab> — <!--<seg ana="#maladiesRemedes">Au feu</seg> ! <seg ana="#maladiesRemedes">au feu</seg>--> ! </ab></sp>
                  <p> Enfin, se traînant hors de cette <seg ana="#maladiesRemedes">atmosphère asphyxiante</seg>*<gloss>Asphyxie. Suspension de la vie causée par la respiration de certaines vapeurs ou par l'impossibilité de respirer.</gloss>, dans le corridor seulement elle put donner l'alarme. <persName>La famille</persName> se leva et cria comme elle : </p>
                  <sp><speaker>La famille</speaker><ab> — <!--<seg ana="#maladiesRemedes">Au feu</seg> ! <seg ana="#maladiesRemedes">au secours</seg>--> ! </ab></sp>
                  <p> Il fallut fuir aussitôt ; <seg ana="#industrie">la flamme</seg> gagnait avec une furieuse rapidité ! </p>
                  <sp><speaker>Papa</speaker><ab> — <persName ana="francois">Malheureux enfant</persName> ! </ab></sp> <stage> s'écria <persName ana="#papa">le père</persName> en poussant <persName ana="#francois">François</persName> devant lui ; </stage> <sp><speaker>Papa</speaker><ab> <seg ana="#industrie">le feu</seg> a pris par le fournil ; c'est certainement toi <persName ana="#francois"><seg ana="#industrie">l’incendiaire</seg></persName> ! </ab></sp>
                  <p> Le village s'éveilla, accourut ; la cloche tinta pour appeler les villages voisins. <!--<seg ana="#maladiesRemedes">Des pompes</seg>--> ? on parlait, et même depuis longtemps, d'en avoir à <placeName ana="#fragicourt">Fragicourt</placeName>. On en parla encore en ce moment. Mais ce ne sont pas les paroles qui <seg ana="#industrie">éteignent les incendies</seg>. </p>
                  <p> <seg ana="#industrie">Les flammes</seg> se moquèrent à l'aise des quelques <!--<seg ana="#maladiesRemedes">potées d'eau</seg>--> qu'on leur jetait de ci, de là. Elles éclatèrent de partout, éclairant les visages consternés. </p>
                  <p> Enfin <!--<seg ana="#maladiesRemedes">la pompe</seg>--> du chef-lieu de canton arriva et engagea la bataille. Plus d'une fois on la crut gagnée ; mais soudain <seg ana="#industrie">la flamme</seg> abaissée se redressait victorieuse au bruit d'épouvantables effondrements : </p>
                  <sp><speaker>Papa</speaker><ab> — Voilà la maîtresse*<gloss>Maîtresse poutre. La poutre qui supporte le plancher.</gloss> poutre qui <seg ana="#industrie">flambe</seg> !... voilà le plafond qui s'écroule... Tout est perdu ! Sauvez la grange ! </ab></sp> <stage> criait <persName ana="#papa">M. Dumay</persName>, vacillant comme un homme ivre. </stage>
                  <p> <!--<seg ana="#maladiesRemedes">La pompe</seg>-->, bien manœuvrée, <!--<seg ana="#maladiesRemedes">inonda</seg>-->, les murs de la grange, de l'écurie et parvint enfin à les préserver. </p>
                  <p> De l'habitation, il restait les quatre murs ; du mobilier si tendrement soigné, quelques <seg ana="#industrie">débris fumant</seg> sur <!--<seg ana="#maladiesRemedes">le sol inondé</seg>-->. </p>
                  <p> Là, fut le vieux buffet de <persName>famille</persName> ; là, furent les lits qui avaient vu partir <seg ana="#homme">les morts</seg> et <seg ana="#homme">naître</seg> <seg ana="#homme">les vivants</seg> ! Adieu à toutes ces reliques ! adieu à tous ces amis ! Le buffet venait de l'aïeul, la table à manger du <!--<persName>grand-père</persName>--> ; <persName ana="#la_maman">la pauvre maman</persName> avait choisi les chaises ! </p>
                  <p> Des lamentations*<gloss>Lamentation. Plainte accompagnée de gémissements, de marques de douleur.</gloss> accompagnaient ces souvenirs. C'était fini ! <lb/>
                     
                     <fw type="sig"> 7. </fw>
         
                     <pb type="page" n="118"/>   
                     <fw type="header"> 118 SUZETTE. </fw>
         
         Les villageois se dispersèrent. <persName ana="#m_valon">M. et <persName ana="#mme_valon">Mme Valon</persName></persName>, et tout aussitôt <persName ana="ludivine">la voisine Ludivine</persName>, offrirent un gite. <persName ana="#papa">M. Dumay</persName> remercia : </p>
                  <sp><speaker>Papa</speaker><ab> — Oui, à tout à l'heure ! </ab></sp>
                  
                  <div type="questionnaire">
                     <ab>
                        <hi rend="bold"> Questionnaire. </hi> — Quel songe affreux agitait Suzette ? — Qu'est-ce qui produisait ce cauchemar, cet étouffement ? — Comment l'incendie lui apparut-il ? — Que fit la jeune fille pour donner l'alarme ? — Comment abandonnèrent-ils tous la maison ? — Qui empè-
                        <cb/>
                        cha qu'on donnât immédiatement des secours efficaces ? — Comment l'incendie fut-il combattu par la pompe du chef-lieu de canton ? — Que restait-il de la maison ? — Quels regrets navrants inspirait le désastre ? — Qui donna asile à la pauvre famille ?
                     </ab>
                  </div>
               </div>
               
               <div type="teacher">
                  <div type="exercice">
                     <head type="exercice"> DÉVELOPPEMENT DES SUJETS PROPOSÉS POUR EXERCICES. </head>
                     
                     <div type="composition">
                        <head type="sujets"> Composition. </head> 
                        
                        <ab type="question"> — Décrivez la dernière maison incendiée que vous avez vue (rappelez vos souvenirs du lendemain du désastre). — Donnez quelques détails sur l'incendie. — Qui combat les ravages du feu ? — Que pensez-vous des pompiers ? </ab>
                        
                        <ab type="answer"> <note type="reference"> (Voir COURS DE COMPOSITION FRANÇAISE, Degré élémentaire et moyen, par L. LAPORTE, Partie du maître, page 247.) </note> </ab>
                     </div>
                     
                     <div type="sciencesNat">
                        <head type="sujets"> Sciences naturelles. </head>
                        
                        <ab type="question"> — Qu'est-ce que respirer ? — Par quoi respire-t-on ? — Quelles sont les différentes parties de l'appareil respiratoire ? — Quelle action l'air a-t-il sur le sang amené aux poumons par les veines ? — Quels conduits distribuent le sang régénéré dans tous les organes du corps ? — Fonctions du cœur. </ab>
                        
                        <ab type="answer"> Respirer, c'est introduire de l'air dans la cavité de la poitrine par la bouche ou le nez et la trachée-artère ; ainsi l'on rend au sang les propriétés qu'il avait perdues en circulant dans le corps. <lb/>
                        Outre les organes que nous venons de citer, l'appareil respiratoire comprend les <term type="respiration">bronches</term>, formant deux canaux qui naissent à la base de la trachée-artère, et les <term type="respiration">poumons</>, grosses masses charnues disposées à droite et à gauche de la poitrine, dans lesquelles les bronches se ramifient en une multitude de petits conduits dont la fonction est d'introduire l'air dans toutes les parties des poumons. <lb/>
                        L'air, en pénétrant dans ce dernier organe, y purifie le sang veineux chargé de carbone (1)<note type="foot"> (1) Le carbone ou charbon est l'élément dont le bois et la chair sont formés en presque totalité, ce qui explique comment, en circulant dans le corps, le sang est chargé de cette matière. </note> ; il se produit une sorte de combustion lente à laquelle il faut attribuer la cause de la chaleur naturelle de notre corps. Le sang, ainsi régénéré et chargé d'oxygène, se rend au cœur, qui le refoule violemment dans les <term type="respiration">artères</term>, d'où il est dirigé dans les membres et les diverses parties du corps. Les veines, qui prennent naissance aux extrémités, des ramifications des artères, le ramènent au point de départ en passant par les poumons. </ab>
                     </div>
                        
                        <div type="industrie">
                           <head type="sujets"> Industrie. </head>
                           
                           <!--<term> — LE FEU. </term> -->
                           <ab type="question"> — Ce qui le produit. — Ce qui l'entretient. — Quels combustibles servent à cet objet ? — Services que rend le feu pour les divers besoins de l'homme. </ab>
                           
                           <ab type="answer"> <seg corresp="#industrie">Le feu</seg> est le résultat de la combinaison rapide d'un gaz appelé oxygène avec un corps, tel que le carbone, le soufre. Il se produit alors de la flamme, des vapeurs, avec un dégagement considérable de chaleur. <lb/>
         
                              <pb type="page" n="119"/>   
                              <fw type="header"> AU FEU ! 119 </fw>
         
                           On entretient le feu avec des substances appelées <term type="feu">combustibles</term>, et dans cette catégorie nous citerons le bois, la houille, la tourbe, les résines, les huiles, les graisses, les essences, l'alcool, le gaz hydrogène, etc. <lb/>
                           Le feu rend d'immenses services. Il donne aux aliments la saveur et les qualités digestives qui les rendent plus agréables au goût et plus nourrissants ; il nous permet de combattre les rigueurs de l'hiver ; il assouplit et amollit les métaux de manière qu'on les travaille avec facilité. Le feu transforme l'eau en vapeur et nous dote ainsi d'une force bien plus puissante que l'air et l’eau sous le même volume. La flamme qu’il développe éclaire nos appartements, nos ateliers, nos rues, pendant les longues nuits d'hiver ; il détruit enfin les substances dont la décomposition à l'air libre serait une cause d'infection. </ab>
                        </div>
                           
                     <div type="EconDom">
                        <head type="sujets"> Économie domestique. </head>
                        
                        <ab type="question"> — Dangers que présente le voisinage du feu pour les enfants. — Quelles précautions doivent prendre surtout les petites filles ? — Quels soins réclament les brûlures légères ? — Quels soins réclament les brûlures graves ? — Comment éteint-on ou diminue-t-on la violence d'un feu de cheminée ? — Comment éteint-on ou diminue-t-on la violence d'un feu de pétrole, d'essence ? — Comment doit-on secourir une personne dont les vêtements sont enflammés ? — Quand dit-on qu'une personne est asphyxiée ? — Quelles causes peuvent produire l’asphyxie ? — Quels sont les secours à donner aux asphyxiés ? </ab>
                        
                        <ab type="answer"> Si le feu présente de grands avantages, on n'en use point toujours sans danger, et si l'on ne prend pas toutes sortes de précautions pour éviter qu'il ne s'étende, il peut causer des accidents terribles et des dommages considérables. <lb/>
                        Les petites filles, dont les vêtements sont amples et flottants, se garderont d'approcher des poêles et des foyers allumés ; elles ne manieront pas sans attention les chandelles, les bougies, les lampes à pétrole ou essence, et les tiendront à distance des rideaux. Qu'elles ne jouent jamais avec les allumettes ! <lb/>
                        Les <term type="feu">brûlures légères</term> sont traitées par l'eau froide. Celles qui produisent des ampoules, n'ont de gravité que si elles s'étendent sur une surface considérable. Quand la peau est atteinte ou détruite, le mal est grave. <lb/>
                        Voici le traitement que l'on conseille pour les brûlures : <lb/>
                        Baigner la plaie dans de l'eau froide qu'on renouvellera fréquemment, ou laisser tomber dessus un filet d'eau sur la partie atteinte. On peut encore y appliquer des linges humides, qu'on remplacera par d'autres dès que le retour de la douleur annoncera qu'ils sont échauffés. <lb/>
                        Une fois la douleur passée, on panse la brûlure avec des compresses de ouate et des décoctions de racine de guimauve ou de fleurs de sureau. On pique les ampoules pour faire écouler le liquide qu'elles renferment, et l'on applique sur la partie malade des feuilles de papier brouillard ou du linge troué derrière lequel sera de la charpie. Papier et linge seront enduits, soit de cérat, soit de beurre frais. Si l'épiderme est profondément atteint, appelez sans retard le médecin, et, en attendant son arrivée, plongez le membre dans l'eau froide ou versez dessus un filet d'eau. <lb/>
                        On <term type="feu">éteint un feu de cheminée</term> ou l'on en diminue la violence en fermant l'ouverture du foyer, soit au moyen de paille humide, soit en plaçant en avant une couverture mouillée. Sur un feu de pétrole ou d'essence, on jette du sable ou de la terre. <lb/>
                        Lorsque les vêtements d'une personne sont enflammés, il faut la coucher sur le sol et l'y rouler en attendant qu'on ait apporté une
         
                           <pb type="page" n="120"/>   
                           <fw type="header"> 120 SUZETTE. </fw>
        
couverture, mouillée ou non, pour l'envelopper. On intercepte ainsi l'accès de l'air qui seul permet la combustion. <lb/>
                        Une personne est <seg corresp="#maladiesRemedes">asphyxiée</seg> lorsqu'elle a perdu connaissance par suite de la suspension de l'acte de la respiration. Les noyés meurent par asphyxie comme les personnes qui pénètrent dans une atmosphère formée d'acide carbonique. Ce dernier gaz se dégage des cuves et des tonneaux où fermente le vin ; il se trouve encore dans les puits abandonnés et les cavités souterraines où l'air pénètre difficilement. <lb/>
                        On <term>secourt les asphyxiés</term> en les transportant au grand air et en cherchant, par des frictions et le mouvement lent des bras, à ranimer la sensibilité ainsi que le jeu des organes respiratoires. </ab>
                     </div>
                  </div>
               </div>
            </div>
         </div>
      </body>
  </text>
</TEI>
