<?xml version="1.0" encoding="UTF-8"?>
<?xml-model href="http://www.tei-c.org/release/xml/tei/custom/schema/relaxng/tei_all.rng" type="application/xml" schematypens="http://relaxng.org/ns/structure/1.0"?>
<?xml-model href="http://www.tei-c.org/release/xml/tei/custom/schema/relaxng/tei_all.rng" type="application/xml"
	schematypens="http://purl.oclc.org/dsdl/schematron"?>
<TEI xmlns="http://www.tei-c.org/ns/1.0">
   <teiHeader>
      <fileDesc>
         <titleStmt>
            <title type="main">Suzette: a Digital Edition - Chapter 82</title>
            <respStmt>
               <persName>John Westbrook</persName>
               <orgName>Bucknell University</orgName>
               <resp>Editor</resp>
            </respStmt>
            <respStmt>
               <persName>Annie Girton</persName>
               <orgName>Bucknell University</orgName>
               <resp>Research Assistant and Encoder</resp>
            </respStmt>
            <respStmt>
               <persName xml:id="JAKA1">Diane Jakacki</persName>
               <orgName>Bucknell University</orgName>
               <resp>Project Manager</resp>               
            </respStmt>
         </titleStmt>
         <publicationStmt>
            <distributor>Bucknell University</distributor>
            <pubPlace>
               <address>
                  <addrLine>One Dent Drive</addrLine>
                  <addrLine>Lewisburg, PA 17837</addrLine>
               </address>
            </pubPlace>
            <availability>
               <licence>Attribution-NonCommercial-ShareAlike 4.0 International</licence>
            </availability>
         </publicationStmt>
         <sourceDesc>
            <biblStruct>
               <monogr>
                  <title>Suzette: Livre de Lecture Courante à l’Usage des Jeunes Filles. Morale—Leçon de choses, Economie Domestique – Ménage – Cuisine – Couture</title>
                  <author>Robert Halt</author>
                  <textLang>French</textLang>
                  <imprint>
                     <date>1889</date>
                     <distributor>Libraire Classique Paul Delaplane</distributor>
                     <pubPlace>Paris, France</pubPlace>
                  </imprint>
               </monogr>
            </biblStruct>
         </sourceDesc>
      </fileDesc>
         <profileDesc>
         <langUsage>
            <language ident="fra">French</language>
            <language ident="eng">English</language>
         </langUsage>
      </profileDesc>
      <encodingDesc>
         <charDecl>
            <char>
               <charName xml:id="suzette">Suzette</charName>
            </char>
            <char>
               <charName xml:id="papa">Papa</charName>
            </char>
            <char>
               <charName xml:id="la_maman">La maman</charName>
            </char>
            <char>
               <charName xml:id="jacques">Jacques</charName>            
            </char>
            <char>
               <charName xml:id="francois">François</charName>
            </char>
            <char>
               <charName xml:id="charlot">Charlot</charName>
            </char>
            <char>
               <charName xml:id="mme_valon">Mme Valon</charName>
            </char>
            <char>
               <charName xml:id="m_valon">M. Valon</charName>
            </char>
            <char>
               <charName xml:id="mme_richard">Mme Richard</charName>
            </char>
            <char>
               <charName xml:id="louis">Louis</charName>
            </char>
            <char>
               <charName xml:id="pascal">Pascal</charName>
            </char>
            <char>
               <charName xml:id="marthe">Marthe</charName>
            </char>
            <char>
               <charName xml:id="sylvain">Sylvain</charName>
            </char> 
            <char>
               <charName xml:id="ludivine">Ludivine</charName>
            </char> 
            <char>
               <charName xml:id="m_lejoly">M. Lejoly</charName>
            </char>
            <char>
               <charName xml:id="l_apiculteur">L'apiculteur</charName>
            </char>
            <char>
               <charName xml:id="la_bohemienne">La bohémienne</charName>
            </char>
            <char>
               <charName  xml:id="m_cartier">M. Cartier</charName>
            </char>
            <char>
               <charName xml:id="les_dumay">La Famille Dumay</charName>
            </char>
         </charDecl>
         <classDecl>
            <taxonomy xml:id="classification">
               <category xml:id="morale">
                  <catDesc>Morale</catDesc>
                  <category xml:id="enfantFamille">
                     <catDesc>L'enfant dans la famille</catDesc>
                  </category>
                  <category xml:id="devoirsFreresSoeurs">
                     <catDesc>Devoirs des frères et sœurs</catDesc>
                  </category>
                  <category xml:id="devoirsServiteurs">
                     <catDesc>Devoirs envers les serviteurs</catDesc>
                  </category>
                  <category xml:id="enfantEcole">
                     <catDesc>L'enfant dans l'école</catDesc>
                  </category>
                  <category xml:id="patrie">
                     <catDesc>La patrie</catDesc>
                  </category>
                  <category xml:id="devoirsSoiMeme">
                     <catDesc>Devoirs envers soi-même</catDesc>
                  </category>
                  <category xml:id="biensExterieurs">
                     <catDesc>Les biens extérieurs</catDesc>
                  </category>
                  <category xml:id="ame">
                     <catDesc>L'âme</catDesc>
                  </category>
                  <category xml:id="devoirsSemblables">
                     <catDesc>Devoirs envers nos semblables</catDesc>
                  </category>
                  <category xml:id="devoirsDieu">
                     <catDesc>Devoirs envers Dieu</catDesc>
                  </category>
               </category>
               <category xml:id="instructionCivique">
                  <catDesc>Instruction civique</catDesc>
               </category>
               <category xml:id="civilite">
                  <catDesc>Civilité</catDesc>
               </category>
               <category xml:id="francais">
                  <catDesc>Français</catDesc>
               </category>
               <category xml:id="composition">
                  <catDesc>Composition</catDesc>
                  <!--In the book Composition is followed by an (1); should that be included?-->
                  <category xml:id="recits">
                     <catDesc>Récits</catDesc>
                  </category>
                  <category xml:id="recitsHistoriques">
                     <catDesc>Récits historiques</catDesc>
                  </category>
                  <category xml:id="descriptions">
                     <catDesc>Descriptions</catDesc>
                  </category>
                  <category xml:id="sujetsMoraux">
                     <catDesc>Sujets moraux ou d'imagination</catDesc>
                  </category>
                  <category xml:id="lettres">
                     <catDesc>Lettres</catDesc>
                  </category>
               </category>
               <category xml:id="histoire">
                  <catDesc>Histoire</catDesc>
                  <!--<category xml:id="histoireNaturelle">
                     <catDesc>Histoire naturelle</catDesc>
                  </category>
                  <category xml:id="histoireTravail">
                     <catDesc>Histoire du travail</catDesc>
                  </category>-->
               </category>
               <category xml:id="geographie">
                  <catDesc>Géographie</catDesc>
                  <category xml:id="europe">
                     <catDesc>Europe</catDesc>
                  </category>
                  <category xml:id="asie">
                     <catDesc>Asie</catDesc>
                  </category>
                  <category xml:id="afrique">
                     <catDesc>Afrique</catDesc>
                  </category>
                  <category xml:id="amerique">
                     <catDesc>Amérique</catDesc>
                  </category>
                  <category xml:id="oceanie">
                     <catDesc>Océanie</catDesc>
                  </category>
                  <category xml:id="france">
                     <catDesc>France</catDesc>
                  </category>
                <!--  <category xml:id="topographie">
                     <catDesc>Topographie</catDesc>
                  </category>-->
               </category>
               <category xml:id="scienceNat">
                  <catDesc>Science Naturelles</catDesc>
                  <!--<category xml:id="geologie">
                     <catDesc>Géologie</catDesc>
                  </category>-->
                     <category xml:id="mineraux">
                        <catDesc>Minéraux</catDesc>
                     </category>
                     <!--In the book Minéraux is followed by ",etc."; should that be included?-->
                  <!--<category xml:id="botanique">
                     <catDesc>Botanique</catDesc>-->
                     <category xml:id="vegetaux">
                        <catDesc>Végétaux</catDesc>
                        <!--All of the sub-categories following this are numbered; should that be included?-->
                        <category xml:id="arbreNoncultives">
                           <catDesc>Arbres non cultivés</catDesc>
                        </category>
                        <category xml:id="herbesPlantes">
                           <catDesc>Herbes ou plantes sauvages</catDesc>
                        </category>
                        <category xml:id="arbreCultives">
                           <catDesc>Arbres cultivés</catDesc>
                        </category>
                        <category xml:id="arbustes">
                           <catDesc>Arbustes cultivés</catDesc>
                        </category>
                        <category xml:id="cereales">
                           <catDesc>Céréales</catDesc>
                        </category>
                        <category xml:id="legumesRacines">
                           <catDesc>Légumes, racines, etc.</catDesc>
                        </category>
                        <category xml:id="divers1"><!-- Avoid tagging with Divers - if necessary, create another sub-category -->
                           <catDesc>Divers</catDesc>
                        </category> 
                     </category>
                     <!--<category xml:id="physiologieVegetale">
                        <catDesc>Physiologie végétale</catDesc>
                     </category>-->
                  <!--</category>-->
                 <!-- <category xml:id="zoologie">
                     <catDesc>Zoologie</catDesc>-->
                     <category xml:id="animaux">
                        <catDesc>Animaux</catDesc>
                        <!--All of the sub-categories following this are numbered; should that be included?-->
                        <category xml:id="homme">
                           <catDesc>l'Homme</catDesc>
                        </category> <!--Homme wouldn't go under zoologie.. could we seperate it or rename this category?-->
                        <category xml:id="animauxDomestiques">
                           <catDesc>Animaux domestiques</catDesc>
                        </category>
                        <category xml:id="animauxSauvages">
                           <catDesc>Animaux sauvages</catDesc>
                        </category>
                     </category>
                     <!--<category xml:id="physiologieAnimal">
                        <catDesc>Physiologie animaux</catDesc>
                     </category>-->
                  <!--</category>-->
                  <!--<category xml:id="agriculture">
                     <catDesc>Agriculture</catDesc>
                     <category xml:id="techniquesAgricoles">
                        <catDesc>Techniques agricoles</catDesc>
                     </category>
                     <category xml:id="produits">
                        <catDesc>Produits</catDesc>
                     </category>
                     <category xml:id="outilsMachines">
                        <catDesc>Outils et machines</catDesc>
                     </category>
                     <category xml:id="recolte">
                        <catDesc>Récolte</catDesc>
                     </category>
                     <category xml:id="elevageBetail">
                        <catDesc>Élevage de bétail</catDesc>
                     </category>
                     <category xml:id="terrainAgricole">
                        <catDesc>Terrain agricole</catDesc>
                     </category>
                     <category xml:id="apiculture">
                        <catDesc>Apiculture</catDesc>
                     </category>
                  </category>-->
               </category>
               <category xml:id="sciencesPhys">
                  <catDesc>Notions relatives aux sciences physiques</catDesc>
                  <!--<category xml:id="elements">
                     <catDesc>Éléments</catDesc>-\->
                     <category xml:id="feu">
                        <catDesc>Feu</catDesc>
                     </category>
                     <!-\-Could add categories for earth/wind/air-\->
                  </category>
                  <category xml:id="meterologie">
                     <catDesc>Métérologie</catDesc>-\->
                  </category>-->
                  <!--Category for night/day cycles, seasons?-->
               </category>
               <category xml:id="industrie">
                  <catDesc>Industrie</catDesc>
                  <category xml:id="matieresObjets">
                     <catDesc>Matières et objets fabriqués</catDesc>
                  </category>
                  <category xml:id="constructions">
                     <catDesc>Constructions</catDesc>
                  </category>
                  <category xml:id="machinesAppareils">
                     <catDesc>Machines, appareils, ustensiles, vases</catDesc>
                  </category>
                  <!--Can outils go under machinesAppareils-->
                  <category xml:id="outils">
                     <catDesc>Outils</catDesc>
                  </category>
                  <category xml:id="etoffesHabillement">
                     <catDesc>Étoffes, habillement</catDesc>
                  </category>
                  <category xml:id="divers2">
                     <catDesc>Divers</catDesc>
                  </category>
               </category>
               <category xml:id="economieDomestique">
                  <catDesc>Économie Domestique</catDesc>
                  <!--<category xml:id="tachesMenageres">
                     <catDesc>Tâches ménagères</catDesc>
                  </category>-->
                  <category xml:id="alimentsCuisine">
                     <catDesc>Aliments et cuisine</catDesc>
                  </category>
                  <category xml:id="vetements1">
                     <catDesc>Vêtements</catDesc>
                  </category>
                  <category xml:id="basse-cour">
                     <catDesc>Basse-cour</catDesc>
                  </category>
                  <!--Could basse-cour be combined with scienceNat/agriculture under elevageBetail?--> 
               </category>
               <category xml:id="hygiene">
                  <catDesc>Hygiène</catDesc>
                  <category xml:id="corpsHabitations">
                     <catDesc>Corps et habitations</catDesc>
                  </category>
                  <category xml:id="vetements2">
                     <catDesc>Vêtements</catDesc>
                  </category>
                  <category xml:id="aliments">
                     <catDesc>Aliments</catDesc>
                  </category>
                  <category xml:id="maladiesRemedes">
                     <catDesc>Maladies, etc. ; remèdes</catDesc>
                  </category>
               </category>
            </taxonomy>
         </classDecl>
      </encodingDesc>
      <profileDesc>
         <settingDesc>
            <listPlace>
               <place>
                  <placeName xml:id="l_amerique">l'Amérique</placeName>
               </place>
               <place>
                  <placeName xml:id="l_oceanien">l'Oceanian</placeName>
               </place>
               <place>
                  <placeName xml:id="l_europe">l'Europe</placeName>
               </place>
               <place>
                  <placeName xml:id="l_afrique">l'Afrique</placeName>
               </place>
               <place>
                  <placeName xml:id="l_australie">l'Australie</placeName>
               </place>
               <place>
                  <placeName xml:id="la_france">la France</placeName>
               </place>
               <place>
                  <placeName xml:id="la_chine">la Chine</placeName>
               </place>
               <place>
                  <placeName xml:id="etats_unis">les États-Unis</placeName>
               </place>
               <place>
                  <placeName xml:id="l_arabe">l'Arabe</placeName>
               </place>
               <place>
                  <placeName xml:id="la_canada">la Canada</placeName>
               </place>
               <place>
                  <placeName xml:id="fragicourt">Fragicourt</placeName>
               </place>
               <place>
                  <placeName xml:id="paris">Paris</placeName>
               </place>
               <place>
                  <placeName xml:id="bruxelles">Bruxelles</placeName>
               </place>
               <place>
                  <placeName xml:id="boston">Boston
                  </placeName>
               </place>
               <place> 
                  <placeName xml:id="l_avre">l'Avre
                     <geogFeat>River</geogFeat>
                  </placeName> 
               </place>
               <place>
                  <placeName xml:id="la_moye">la Moye
                     <geogFeat>River</geogFeat>
                  </placeName>
               </place>
            </listPlace>
         </settingDesc>
      </profileDesc>
   </teiHeader>
   <text>
      <body>
         <!-- n is for maitresse edition, corresp is for student edition -->
         
         <div type="chapter" n="82">
            <div xml:lang="fr">
               <div type="student">
                  
                  <pb type="page" n="283"/>
                  <head>82. — Pierre, bronze, fer. (Élève, p. 172.)</head>
          
                  <p> Là, dans <seg ana="#matieresObjets">des vitrines</seg>, se voyaient <seg ana="#machinesAppareils">des couteaux</seg>, <seg ana="#machinesAppareils">des haches de <seg ana="#mineraux">silex</seg></seg>*<gloss>Silex. Pierre très dure, à demi transparente, qui donne du feu sous le briquet.</gloss> ; plus loin, <seg ana="#machinesAppareils">des hameçons</seg>, <seg ana="#machinesAppareils">des épingles</seg>, <seg ana="#machinesAppareils">des ornements en <seg ana="#matieresObjets">bronze</seg></seg>, et plus loin encore, les mêmes objets, mais en <seg ana="#mineraux">fer</seg>, <seg ana="#machinesAppareils">un outillage</seg> perfectionné de <seg ana="#machinesAppareils">couteaux</seg>, de <seg ana="#machinesAppareils">scies</seg>, de <seg ana="#machinesAppareils">marteaux</seg>, et surtout de <seg ana="#machinesAppareils">haches</seg>, <seg ana="#machinesAppareils">massues</seg>, <seg ana="#machinesAppareils">épées</seg>, <seg ana="#machinesAppareils">javelots</seg>. </p>
                  
                  <figure>
                     <caption> Outils et instruments de l’âge de pierre. </caption>
                  </figure>
                  
                  <figure>
                     <caption> Outils et instruments de l'âge de bronze. </caption>
                  </figure>
                  
                  <p> Ces grossiers <seg ana="#machinesAppareils">outils de <seg ana="#mineraux">silex</seg></seg> étaient les premières <seg ana="#machinesAppareils">inventions</seg> de <!--<seg ana="#homme">l’homme</seg>--> pour remplacer <!--<seg ana="#industrie">le travail de ses ongles et de ses dents</seg>-->, qu’il usait auparavant et cassait sur <seg ana="#matieresObjets">la matière dure à vaincre</seg>. </p>
                  <p> <time>Après des siècles</time>, il conquit <seg ana="#matieresObjets">le bronze</seg>, et puis <seg ana="#mineraux">le fer</seg>. Mais alors ce furent surtout <seg ana="#machinesAppareils">des armes</seg> qu'il fabriqua, et non seulement contre <!--<seg ana="animaux">la bête féroce</seg>-->, mais aussi contre son semblable. </p>
                  <p> Depuis, l’humanité a développé dans son cœur et son intelligence les grandes idées de bonté, de solidarité*<gloss>Solidarité. La responsabilité mutuelle qui s'établit entre plusieurs personnes.</gloss>. Et elle n'en continue pas moins de <seg ana="#industrie">fabriquer</seg> de ces <seg ana="#machinesAppareils">armes</seg> par lesquelles on se détruit. Les vieilles rancunes, les méfiances, les haines de race*<gloss>Haine de race. Haine qui se perpétue entre un peuple et un autre.</gloss>, les superstitions la tiennent encore, hélas ! et l’affolent. </p>
                  <sp><speaker>Louis</speaker><ab> — Il y a là-bas, </ab></sp> <stage> dit <persName ana="#louis">Louis</persName>, </stage> <sp><speaker>Louis</speaker><ab> <seg ana="#machinesAppareils">un canon</seg> prodigieux, le premier du monde en <seg ana="#machinesAppareils">force de destruction</seg>, et que bien des gens admirent. </ab></sp>
                  <p> Cependant, à côté <seg ana="#machinesAppareils">des historiques engins*<gloss>Engin. Machine dont on se sert à la guerre.</gloss> de mort</seg>,
          
                     <pb type="page" n="284"/>   
                     <fw type="header"> 284 SUZETTE. </fw>
        
        apparaissaient des recherches plus douces : <seg ana="#machinesAppareils">des agrafes</seg>, <seg ana="#machinesAppareils">des boucles</seg>, <seg ana="#machinesAppareils">des ornements</seg>. Un peu plus loin, les essais des premières <seg ana="#machinesAppareils">poteries d'<seg ana="#mineraux">argile</seg></seg>, assez mal tournées. Mais, peu à peu, venaient s'y ajouter <seg ana="#etoffesHabillement">des ébauches de décoration</seg>, un souci de la couleur et de la forme, enfin atteintes en <placeName ana="#la_france">France</placeName>, <time>au seizième siècle</time>, dans un glorieux <seg ana="#machinesAppareils">vase de faïence</seg> émaillée de <seg ana="#machinesAppareils"><!--<persName>Bernard Palissy</persName>--></seg>. </p>
                  
                  <figure> 
                     <caption> Les <hi rend="italic">L'art céramique.</hi>
                        <lb/>
                        La faïence est une poterie de terre vernissée et émaillée.
                     </caption>
                  </figure>
                  
                  <sp><speaker>Jacques</speaker><ab> A la sortie de cette galerie, on descendit ; on traversa <seg ana="#scienceNat">le jardin</seg> pour aller directement à celle <seg ana="#machinesAppareils">des machines</seg>, la suite, </ab></sp> <stage> dit <persName ana="#jacques">Jacques</persName>, </stage> <sp><speaker>Jacques</speaker><ab> de « <!--<seg ana="#industrie">l'histoire du travail</seg>--> ». </ab></sp> <!--Is this actually dialogue said by Jacques; no "-" to indicate dialogue and he also is not otherwise present in the chapters surrounding this?-->
                  
                  <div type="questionnaire">
                     <ab>
                        <hi rend="bold"> Questionnaire. </hi> — Que voyait-on d'abord' dans les premières vitrines de l'histoire du travail ; — dans celles qui suivaient ? — Qu'étaient les grossiers outils de silex ? — Quelle matière l'homme employa-t-il ensuite au lieu du
                        <cb/>
                        Silex ? — Qu'a fait depuis l'humanité ? — Quel engin fit remarquer Louis ? — Quels nouveaux produits furent examinés ? — A quelle époque la décoration des vases a-t-elle été perfectionnée le plus ? 
                     </ab>
                  </div>
               </div>
               
               <div type="teacher">
                  <div type="exercice">
                     <head type="exercice"> DÉVELOPPEMENT DES SUJETS PROPOSÉS POUR EXERCICES. </head>
                     
                     <div type="francais">
                        <head type="sujets"> Français. </head> 
                        
                        <ab type="question"> — Définir : vitrine, outillage, outillage perfectionné, outils grossier, rancune, méfiance, haine, canon prodigieux, agrafe, poteries mal tournées, une ébauche. </ab>
                        
                        <ab type="answer"> Une <!--<seg corresp="#francais">vitrine</seg>--> est un cadre de menuiserie fermé par des vitres, à la façon d'une fenêtre, derrière lequel on place des marchandises à vendre et des objets exposés. — L’<!--<seg corresp="#francais">outillage</seg>--> est l'ensemble des outils nécessaires à une fabrication, à une industrie. — Un <!--<seg corresp="#francais">outillage perfectionné</seg>--> est un outillage formé de pièces choisies et meilleures que celles dont on se sort ordinairement. — Des <!--<seg corresp="#francais">outils grossiers</seg>--> sont ceux qui ne sont ni proprement, ni délicatement faits. — La <!--<seg corresp="#francais">rancune</seg>--> est le souvenir qu'on garde des injures avec le désir de s'en venger. — La <!--<seg corresp="#francais">méfiance</seg>--> est une disposition à soupçonner le mal, ou la crainte habituelle d'être trompé. — La <!--<seg corresp="#francais">haine</seg>--> est un sentiment qui nous éloigne des autres ou des choses ; à l'égard des personnes, il s'y ajoute la pensée de leur faire du mal. — Un <!--<seg corresp="#francais">canon prodigieux</seg>--> est une pièce d'artillerie dont les dimensions dépassent ce qu'on a fait jusqu'alors. 

                        <pb type="page" n="285"/>   
                        <fw type="header"> PIERRE, BRONZE, FER. 285 </fw>
         
         — Une <!--<seg corresp="#francais">agrafe</seg>--> est un crochet formé d'un fil double de métal, qu'on fixe à une étoffe par ses deux, extrémités façonnées en œillet. — Les <!--<seg corresp="#francais">poteries</seg>--> sont des vases de terre cuite ou d'étain ; elles sont <!--<seg corresp="#francais">mal tournées</seg> --> lorsqu'on les a fabriquées sans goût ni délicatesse. — Une <!--<seg corresp="#francais">ébauche</seg>--> est un ouvrage de peinture, de sculpture ou de modelage qui n'est que commencé, mais dont les parties principales sont indiquées. </ab>
                     </div>
                     
                     <div type="sciencesNat">
                        <head type="sujets"> Sciences naturelles. </head> 
                        
                        <ab type="question"> — Qu'est-ce que le silex ? — Propriétés de cette pierre. — Terrains où on la trouve et sous quelle forme. </ab>
                           
                        <!--LE CUIVRE.-->
                        <ab type="question">— Qu'est-ce que le cuivre ? — Lieux où on le trouve. — Parler des mines de cuivre natif d'Amérique. — Quel est son oxyde ? — Quelles en sont les propriétés ? </ab>
                        
                        <ab type="answer"> Le <seg corresp="#mineraux">silex</seg> est une pierre très dure d'une matière analogue au verre. Il possède la propriété de donner, sous un coup sec frappé perpendiculairement, des laines minces aux bords tranchants ; il jouit aussi de la propriété de détacher d'une pièce d'acjer avec laquelle on le frappe, des étincelles portées à la chaleur du fer rouge qui, alors, peuvent mettre le feu à des substances très inflammables. On se sert du silex pour fabriquer la pierre des briquets ; autrefois on en tirait la matière des pierres à fusil. On trouve le silex principalement dans les terrains crayeux, où il se présente sous la forme de rognons irréguliers. <lb/>
                           Le <seg corresp="#mineraux">cuivre</seg> est un métal très anciennement connu, d'un beau rouge éclatant, plus dur que l'or et l'argent et pesant 8 fois 78 plus que l'eau ; il est doué d'une odeur et d'une saveur désagréables ; la plupart de ses combinaisons sont des poisons. — On le trouve dans le sol, soit à l'état de pureté, soit combiné avec diverses substances minérales ; les mines les plus abondantes sont celles d'Espagne, de Toscane, des États-Unis et du Chili. Le cuivre natif existe en amas puissants aux États-Unis sur la rive sud-ouest du lac Supérieur, où il est l'objet d'une active exploitation. <lb/>
                        A l'air humide, le cuivre se couvre d'un oxyde verdâtre, connu sous le nom de <term type="cuivre">vert-de-gris</term>. Cette substance est un poison énergique ; aussi faut-il tenir dans le plus grand état de propreté les vases et ustensiles de cuisine faits avec ce métal. </ab>
                     </div>
                     
                     <div type="industrie">
                        <head type="sujets"> Industrie. </head> 
                        
                        <ab type="question"> — Comment fabrique-t-on le bronze ? — Quelles sont ses propriétés ; — ses usages ? — Dessiner une hache de silex, un hameçon, une épingle et des haches de bronze de l'époque préhistorique, une massue, un javelot, une épée. </ab>
                        
                        <ab type="answer"> Le <seg corresp="#mineraux">bronze</seg> est un alliage de 80 parties de cuivre avec, 12 à 20 parties d'étain. Il est jaune verdâtre, dur, cassant et extrêmement sonore. On en fabrique actuellement des monnaies, des statues, des objets d'art, des cloches, des sonnettes et une foule d'ustensiles et d'ornements. On le connaît sous le nom d'airain.             
         <note> (Pour les dessins, voir les figures de la page 172, Livre de l'élève.) </note> <!--Reference?--> </ab>
                           
                        <!--<term type="vase"> DES VASES DE TERRE. </term>--> 
                        <ab type="question"> — Terres qui conviennent à cette fabrication. — Qu'est-ce que des rases artistiques ? — Qu'est-ce que des vases émaillés ? — Racontez la touchante histoire de Bernard Patissy. </ab>
                        
                        <ab type="answer"> On sait que les poteries ou vases de terre sont préparés avec des argiles très fines et très pures, contenant toutefois quelque peu d'oxyde de fer, auxquelles on ajoute souvent du sable. Elles sont recouvertes, pour les usages de la cuisine, d'un vernis qui les rend imperméables, lequel est formé d'un mélange de plomb, d'étain, de sable et de sel de soude qu'on applique en poudre sur la surface du vase. Il ne reste plus qu'à soumettre le tout à un feu violent. <lb/>
                        Les <term type="vase">vases artistiques</> sont ceux dont la forme élégante comporte des ornements délicats et de bon goût. <lb/>
                        Les <term type="vase">vases émaillés</term> sont ceux qui sont recouverts d'une matière ana- 
         
                           <pb type="page" n="286"/>   
                           <fw type="header"> 286 SUZETTE. </fw>
         
logue au verre, fondue sous l'action d'un feu à une température fort élevée. Leur éclat comme la variété de leurs couleurs plaisent aux regards. <lb/>
         <seg corresp="#machinesAppareils">Bernard Palissy</term>, né vers 1510, découvrit le secret de l'art de fabriquer des vases émaillés, secret possédé alors par quelques artistes italiens qui le gardaient avec un soin jaloux. <lb/>
         S'étant procuré toutes les substances qu'il jugeait pouvoir entrer dans cette composition, il acheta des pots de terre commune, les mit en pièces, et après avoir recouvert tous ces fragments des divers enduits qu'il avait préparés, il les soumit à la chaleur d'un fourneau construit à cet effet. Il ne réussit point dans ses tentatives, et tout le résultat qu'il obtint fut une grande quantité de pots cassés et une perte considérable de bois de chauffage, de substances chimiques, de temps et de travail. <lb/>
         Pendant des mois, pendant des années, il continua ses expériences, si bien qu'il finit par se trouver, avec toute sa famille, aux prises avec la misère. Il vint à Paris, continua ses recherches au prix des plus pénibles privations ; enfin, après seize années d'efforts persévérants, il put arriver à confectionner ces vases admirables qui sont l'ornement de nos musées et dont la vente fructueuse paya ses longs travaux. </ab>
         
                     </div>
                  </div>
               </div>
            </div>
         </div>
      </body>
  </text>
</TEI>
