<?xml version="1.0" encoding="UTF-8"?>
<?xml-model href="http://www.tei-c.org/release/xml/tei/custom/schema/relaxng/tei_all.rng" type="application/xml" schematypens="http://relaxng.org/ns/structure/1.0"?>
<?xml-model href="http://www.tei-c.org/release/xml/tei/custom/schema/relaxng/tei_all.rng" type="application/xml"
	schematypens="http://purl.oclc.org/dsdl/schematron"?>
<TEI xmlns="http://www.tei-c.org/ns/1.0">
   <teiHeader>
      <fileDesc>
         <titleStmt>
            <title type="main">Suzette: a Digital Edition - Chapter 10</title>
            <respStmt>
               <persName>John Westbrook</persName>
               <orgName>Bucknell University</orgName>
               <resp>Editor</resp>
            </respStmt>
            <respStmt>
               <persName>Annie Girton</persName>
               <orgName>Bucknell University</orgName>
               <resp>Research Assistant and Encoder</resp>
            </respStmt>
            <respStmt>
               <persName xml:id="JAKA1">Diane Jakacki</persName>
               <orgName>Bucknell University</orgName>
               <resp>Project Manager</resp>               
            </respStmt>
         </titleStmt>
         <publicationStmt>
            <distributor>Bucknell University</distributor>
            <pubPlace>
               <address>
                  <addrLine>One Dent Drive</addrLine>
                  <addrLine>Lewisburg, PA 17837</addrLine>
               </address>
            </pubPlace>
            <availability>
               <licence>Attribution-NonCommercial-ShareAlike 4.0 International</licence>
            </availability>
         </publicationStmt>
         <sourceDesc>
            <biblStruct>
               <monogr>
                  <title>Suzette: Livre de Lecture Courante à l’Usage des Jeunes Filles. Morale—Leçon de choses, Economie Domestique – Ménage – Cuisine – Couture</title>
                  <author>Robert Halt</author>
                  <textLang>French</textLang>
                  <imprint>
                     <date>1889</date>
                     <distributor>Libraire Classique Paul Delaplane</distributor>
                     <pubPlace>Paris, France</pubPlace>
                  </imprint>
               </monogr>
            </biblStruct>
         </sourceDesc>
      </fileDesc>
           <profileDesc>
         <langUsage>
            <language ident="fra">French</language>
            <language ident="eng">English</language>
         </langUsage>
      </profileDesc>
      <encodingDesc>
         <charDecl>
            <char>
               <charName xml:id="suzette">Suzette</charName>
            </char>
            <char>
               <charName xml:id="papa">Papa</charName>
            </char>
            <char>
               <charName xml:id="la_maman">La maman</charName>
            </char>
            <char>
               <charName xml:id="jacques">Jacques</charName>            
            </char>
            <char>
               <charName xml:id="francois">François</charName>
            </char>
            <char>
               <charName xml:id="charlot">Charlot</charName>
            </char>
            <char>
               <charName xml:id="mme_valon">Mme Valon</charName>
            </char>
            <char>
               <charName xml:id="m_valon">M. Valon</charName>
            </char>
            <char>
               <charName xml:id="mme_richard">Mme Richard</charName>
            </char>
            <char>
               <charName xml:id="louis">Louis</charName>
            </char>
            <char>
               <charName xml:id="pascal">Pascal</charName>
            </char>
            <char>
               <charName xml:id="marthe">Marthe</charName>
            </char>
            <char>
               <charName xml:id="sylvain">Sylvain</charName>
            </char> 
            <char>
               <charName xml:id="ludivine">Ludivine</charName>
            </char> 
            <char>
               <charName xml:id="m_lejoly">M. Lejoly</charName>
            </char>
            <char>
               <charName xml:id="l_apiculteur">L'apiculteur</charName>
            </char>
            <char>
               <charName xml:id="la_bohemienne">La bohémienne</charName>
            </char>
            <char>
               <charName  xml:id="m_cartier">M. Cartier</charName>
            </char>
            <char>
               <charName xml:id="les_dumay">La Famille Dumay</charName>
            </char>
         </charDecl>
         <classDecl>
            <taxonomy xml:id="classification">
               <category xml:id="morale">
                  <catDesc>Morale</catDesc>
                  <category xml:id="enfantFamille">
                     <catDesc>L'enfant dans la famille</catDesc>
                  </category>
                  <category xml:id="devoirsFreresSoeurs">
                     <catDesc>Devoirs des frères et sœurs</catDesc>
                  </category>
                  <category xml:id="devoirsServiteurs">
                     <catDesc>Devoirs envers les serviteurs</catDesc>
                  </category>
                  <category xml:id="enfantEcole">
                     <catDesc>L'enfant dans l'école</catDesc>
                  </category>
                  <category xml:id="patrie">
                     <catDesc>La patrie</catDesc>
                  </category>
                  <category xml:id="devoirsSoiMeme">
                     <catDesc>Devoirs envers soi-même</catDesc>
                  </category>
                  <category xml:id="biensExterieurs">
                     <catDesc>Les biens extérieurs</catDesc>
                  </category>
                  <category xml:id="ame">
                     <catDesc>L'âme</catDesc>
                  </category>
                  <category xml:id="devoirsSemblables">
                     <catDesc>Devoirs envers nos semblables</catDesc>
                  </category>
                  <category xml:id="devoirsDieu">
                     <catDesc>Devoirs envers Dieu</catDesc>
                  </category>
               </category>
               <category xml:id="instructionCivique">
                  <catDesc>Instruction civique</catDesc>
               </category>
               <category xml:id="civilite">
                  <catDesc>Civilité</catDesc>
               </category>
               <category xml:id="francais">
                  <catDesc>Français</catDesc>
               </category>
               <category xml:id="composition">
                  <catDesc>Composition</catDesc>
                  <!--In the book Composition is followed by an (1); should that be included?-->
                  <category xml:id="recits">
                     <catDesc>Récits</catDesc>
                  </category>
                  <category xml:id="recitsHistoriques">
                     <catDesc>Récits historiques</catDesc>
                  </category>
                  <category xml:id="descriptions">
                     <catDesc>Descriptions</catDesc>
                  </category>
                  <category xml:id="sujetsMoraux">
                     <catDesc>Sujets moraux ou d'imagination</catDesc>
                  </category>
                  <category xml:id="lettres">
                     <catDesc>Lettres</catDesc>
                  </category>
               </category>
               <category xml:id="histoire">
                  <catDesc>Histoire</catDesc>
                  <!--<category xml:id="histoireNaturelle">
                     <catDesc>Histoire naturelle</catDesc>
                  </category>
                  <category xml:id="histoireTravail">
                     <catDesc>Histoire du travail</catDesc>
                  </category>-->
               </category>
               <category xml:id="geographie">
                  <catDesc>Géographie</catDesc>
                  <category xml:id="europe">
                     <catDesc>Europe</catDesc>
                  </category>
                  <category xml:id="asie">
                     <catDesc>Asie</catDesc>
                  </category>
                  <category xml:id="afrique">
                     <catDesc>Afrique</catDesc>
                  </category>
                  <category xml:id="amerique">
                     <catDesc>Amérique</catDesc>
                  </category>
                  <category xml:id="oceanie">
                     <catDesc>Océanie</catDesc>
                  </category>
                  <category xml:id="france">
                     <catDesc>France</catDesc>
                  </category>
                <!--  <category xml:id="topographie">
                     <catDesc>Topographie</catDesc>
                  </category>-->
               </category>
               <category xml:id="scienceNat">
                  <catDesc>Science Naturelles</catDesc>
                  <!--<category xml:id="geologie">
                     <catDesc>Géologie</catDesc>
                  </category>-->
                     <category xml:id="mineraux">
                        <catDesc>Minéraux</catDesc>
                     </category>
                     <!--In the book Minéraux is followed by ",etc."; should that be included?-->
                  <!--<category xml:id="botanique">
                     <catDesc>Botanique</catDesc>-->
                     <category xml:id="vegetaux">
                        <catDesc>Végétaux</catDesc>
                        <!--All of the sub-categories following this are numbered; should that be included?-->
                        <category xml:id="arbreNoncultives">
                           <catDesc>Arbres non cultivés</catDesc>
                        </category>
                        <category xml:id="herbesPlantes">
                           <catDesc>Herbes ou plantes sauvages</catDesc>
                        </category>
                        <category xml:id="arbreCultives">
                           <catDesc>Arbres cultivés</catDesc>
                        </category>
                        <category xml:id="arbustes">
                           <catDesc>Arbustes cultivés</catDesc>
                        </category>
                        <category xml:id="cereales">
                           <catDesc>Céréales</catDesc>
                        </category>
                        <category xml:id="legumesRacines">
                           <catDesc>Légumes, racines, etc.</catDesc>
                        </category>
                        <category xml:id="divers1"><!-- Avoid tagging with Divers - if necessary, create another sub-category -->
                           <catDesc>Divers</catDesc>
                        </category> 
                     </category>
                     <!--<category xml:id="physiologieVegetale">
                        <catDesc>Physiologie végétale</catDesc>
                     </category>-->
                  <!--</category>-->
                 <!-- <category xml:id="zoologie">
                     <catDesc>Zoologie</catDesc>-->
                     <category xml:id="animaux">
                        <catDesc>Animaux</catDesc>
                        <!--All of the sub-categories following this are numbered; should that be included?-->
                        <category xml:id="homme">
                           <catDesc>l'Homme</catDesc>
                        </category> <!--Homme wouldn't go under zoologie.. could we seperate it or rename this category?-->
                        <category xml:id="animauxDomestiques">
                           <catDesc>Animaux domestiques</catDesc>
                        </category>
                        <category xml:id="animauxSauvages">
                           <catDesc>Animaux sauvages</catDesc>
                        </category>
                     </category>
                     <!--<category xml:id="physiologieAnimal">
                        <catDesc>Physiologie animaux</catDesc>
                     </category>-->
                  <!--</category>-->
                  <!--<category xml:id="agriculture">
                     <catDesc>Agriculture</catDesc>
                     <category xml:id="techniquesAgricoles">
                        <catDesc>Techniques agricoles</catDesc>
                     </category>
                     <category xml:id="produits">
                        <catDesc>Produits</catDesc>
                     </category>
                     <category xml:id="outilsMachines">
                        <catDesc>Outils et machines</catDesc>
                     </category>
                     <category xml:id="recolte">
                        <catDesc>Récolte</catDesc>
                     </category>
                     <category xml:id="elevageBetail">
                        <catDesc>Élevage de bétail</catDesc>
                     </category>
                     <category xml:id="terrainAgricole">
                        <catDesc>Terrain agricole</catDesc>
                     </category>
                     <category xml:id="apiculture">
                        <catDesc>Apiculture</catDesc>
                     </category>
                  </category>-->
               </category>
               <category xml:id="sciencesPhys">
                  <catDesc>Notions relatives aux sciences physiques</catDesc>
                  <!--<category xml:id="elements">
                     <catDesc>Éléments</catDesc>-\->
                     <category xml:id="feu">
                        <catDesc>Feu</catDesc>
                     </category>
                     <!-\-Could add categories for earth/wind/air-\->
                  </category>
                  <category xml:id="meterologie">
                     <catDesc>Métérologie</catDesc>-\->
                  </category>-->
                  <!--Category for night/day cycles, seasons?-->
               </category>
               <category xml:id="industrie">
                  <catDesc>Industrie</catDesc>
                  <category xml:id="matieresObjets">
                     <catDesc>Matières et objets fabriqués</catDesc>
                  </category>
                  <category xml:id="constructions">
                     <catDesc>Constructions</catDesc>
                  </category>
                  <category xml:id="machinesAppareils">
                     <catDesc>Machines, appareils, ustensiles, vases</catDesc>
                  </category>
                  <!--Can outils go under machinesAppareils-->
                  <category xml:id="outils">
                     <catDesc>Outils</catDesc>
                  </category>
                  <category xml:id="etoffesHabillement">
                     <catDesc>Étoffes, habillement</catDesc>
                  </category>
                  <category xml:id="divers2">
                     <catDesc>Divers</catDesc>
                  </category>
               </category>
               <category xml:id="economieDomestique">
                  <catDesc>Économie Domestique</catDesc>
                  <!--<category xml:id="tachesMenageres">
                     <catDesc>Tâches ménagères</catDesc>
                  </category>-->
                  <category xml:id="alimentsCuisine">
                     <catDesc>Aliments et cuisine</catDesc>
                  </category>
                  <category xml:id="vetements1">
                     <catDesc>Vêtements</catDesc>
                  </category>
                  <category xml:id="basse-cour">
                     <catDesc>Basse-cour</catDesc>
                  </category>
                  <!--Could basse-cour be combined with scienceNat/agriculture under elevageBetail?--> 
               </category>
               <category xml:id="hygiene">
                  <catDesc>Hygiène</catDesc>
                  <category xml:id="corpsHabitations">
                     <catDesc>Corps et habitations</catDesc>
                  </category>
                  <category xml:id="vetements2">
                     <catDesc>Vêtements</catDesc>
                  </category>
                  <category xml:id="aliments">
                     <catDesc>Aliments</catDesc>
                  </category>
                  <category xml:id="maladiesRemedes">
                     <catDesc>Maladies, etc. ; remèdes</catDesc>
                  </category>
               </category>
            </taxonomy>
         </classDecl>
      </encodingDesc>
      <profileDesc>
         <settingDesc>
            <listPlace>
               <place>
                  <placeName xml:id="l_amerique">l'Amérique</placeName>
               </place>
               <place>
                  <placeName xml:id="l_oceanien">l'Oceanian</placeName>
               </place>
               <place>
                  <placeName xml:id="l_europe">l'Europe</placeName>
               </place>
               <place>
                  <placeName xml:id="l_afrique">l'Afrique</placeName>
               </place>
               <place>
                  <placeName xml:id="l_australie">l'Australie</placeName>
               </place>
               <place>
                  <placeName xml:id="la_france">la France</placeName>
               </place>
               <place>
                  <placeName xml:id="la_chine">la Chine</placeName>
               </place>
               <place>
                  <placeName xml:id="etats_unis">les États-Unis</placeName>
               </place>
               <place>
                  <placeName xml:id="l_arabe">l'Arabe</placeName>
               </place>
               <place>
                  <placeName xml:id="la_canada">la Canada</placeName>
               </place>
               <place>
                  <placeName xml:id="fragicourt">Fragicourt</placeName>
               </place>
               <place>
                  <placeName xml:id="paris">Paris</placeName>
               </place>
               <place>
                  <placeName xml:id="bruxelles">Bruxelles</placeName>
               </place>
               <place>
                  <placeName xml:id="boston">Boston
                  </placeName>
               </place>
               <place> 
                  <placeName xml:id="l_avre">l'Avre
                     <geogFeat>River</geogFeat>
                  </placeName> 
               </place>
               <place>
                  <placeName xml:id="la_moye">la Moye
                     <geogFeat>River</geogFeat>
                  </placeName>
               </place>
            </listPlace>
         </settingDesc>
      </profileDesc>
   </teiHeader>
   <text>
      <body>
         <!-- n is for maitresse edition, corresp is for student edition -->
         
         <div type="chapter" n="10">
            <div xml:lang="fr">
               <div type="student">
                  
                  <pb type="page" n="33"/>
                  <head> 10. — Grosse affaire. (Élève, p. 25.) </head>
                  
                  <sp><speaker>Suzette</speaker><ab> — Ah ! ah ! tout va marcher comme il faut ! Papa m'a confié la maison, me voilà la maîtresse ! </ab></sp>
                  <p> Dans un petit miroir, elle regarda la figure que faisait ce matin-là la maîtresse de la maison en robe d'indienne*<gloss> Indienne, cotonnade. Étoffes de coton d'un prix peu élevé. </gloss> lilas à pois blancs, et on tablier de cotonnade*<gloss> Indienne, cotonnade. Étoffes de coton d'un prix peu élevé. </gloss> frais déplié. <q type="thought"> Eh bien ! on n'était pas tout à fait mal dans ce nouveau rôle ! </q> </p> 
                  <p> Il n'y avait plus à cette heure qu'à faire sentir la main*<gloss> Sentir la main. S'apercevoir qu'on est dirigé, guidé. </gloss> , d'abord, à la basse-cour qui, tant qu'on allait à l'école, ne se gênait pas pour vagabonder, ou se per- 
                     
                     <pb type="page" n="34"/>
                     <fw type="header"> 34 SUZETTE. </fw>
                     
                     dre ; et puis à MM. François et Charlot, plus indociles encore que la volaille. </p>
                  <p> Quant à Jacques, il se conduisait tout seul, en aîné ; il travaillait bien avec M. Valon, qui le poussait vers la culture de la terre, et, convaincu qu'il n'y a pas de meilleure, de plus saine, de plus utile profession, le préparait avec ardeur à entrer à l'École d'agriculture*<gloss> École d'agriculture. Établissement où l'on forme les jeunes gens à la culture intelligente. </gloss> . </p>
                  
                  <figure>
                     <caption> Dans un petit miroir, elle regarda la figure que faisait, ce matin-là, la maîtresse de la maison. </caption>
                  </figure>
                  
                  <p> Mais ce beau projet n'incitait pas le « singe » et le jeune frère à travailler davantage. </p>
                  
                  <figure>
                     <caption> La basse-cour, bien dirigée, doit suffire à l'entretien du ménage. </caption>
                  </figure>
                  
                  <p> De plus en plus François passait en contrebande*<gloss> Contrebande. Faire entrer ou passer des marchandises sans payer les droits ; ici, agir en cachant ce qu'on fait. </gloss> son temps sur les arbres, ou dessous, à dresser des appeaux*<gloss> Appeaux. Pièges tendus aux oiseaux. </gloss> , et Charlot consacrait le sien à admirer et à imiter les imaginations*<gloss> Imaginations (des). Actes, projets bizarres contraires à ce qui est naturel. </gloss> fraternelles. Avec cela, tous deux mettaient leurs vestes, leurs pantalons en loques. Pour le débarbouillage de leurs vilaines mains et de leurs joues de charbonniers, ils refusaient d'y entendre ; autant leur proposer une médecine. </p>
                  
                  <pb type="page" n="35"/>
                  <fw type="header"> GROSSE AFFAIRE. 35 </fw>
                  
                  <p> Justement, ce matin-là, le père et Jacques étant partis ensemble, les deux gamins se présentèrent, au saut du lit, avec les visages de la veille et de l'avant-veille, tatoués*<gloss> Tatouer. Tracer des dessins sur la peau au moyen de piqûres. </gloss> des plis de l'oreiller, les cheveux en broussailles. </p>
                  <sp><speaker>Suzette</speaker><ab> — Oh ! mais, on va cette fois m'obéir, se laver, et à grande eau ! </ab></sp> <stage> dit Suzette avec une voix de commandement. </stage>
                  
                  <p> François entonna : </p>
                  
                  <sp><speaker>François</speaker> 
                     <lg type="song">
                        <l> « C'est le roi Dagobert </l>
                        <l> « Qui a mis sa culotte à l'envers ! » </l>
                     </lg></sp>
                  
                  <sp><speaker>Suzette</speaker><ab> — C'est vous, c'est vous, Monsieur ! </ab></sp> <stage> reprit sévèrement la maîtresse de la maison. </stage> <sp><speaker>Suzette</speaker><ab> Le roi Dagobert était beaucoup plus soigneux que cela, et il n'allait pas à l'école sans se laver au moins le nez. Le vôtre est fort malpropre. A la cuvette, Monsieur François ! obéissez, et rondement ! </ab></sp>
                  
                  <figure>
                     <caption> Tous deux mettaient leurs vestes, leurs pantalons en loques. </caption>
                  </figure>
                  
                  <p> Comme on venait de parler de nez, le « singe » posa sur le sien son pouce, et agita les quatre doigts pour marquer ce qu'il pensait de l'obéissance due à Suzette. </p>
                  <p> Et Charlot, fidèle à l’exemple, en fit autant. </p>
                  <p> Sur quoi Suzette, de fort mauvaise humeur devant la rébellion*<gloss> Rébellion. Résistance faite les armes à la main. </gloss>, leva la main. </p>
                  <p> Mais François, la saisissant, la lui serra à la faire presque crier. </p>
                  <sp><speaker>François</speaker><ab> — Tout le monde est ici autant que toi, </ab></sp> <stage> dit-il ; </stage> <sp><speaker>François</speaker><ab> nous nous laverons quand il nous plaira, pas avant ! </ab></sp>
                  <sp><speaker>Charlot</speaker><ab> — Non ! pas avant ! </ab></sp> <stage> répéta Charlot sur le même ton. </stage>
                  <p> Et ils se sauvèrent. </p>
                  <p> Restée seule, Suzette se mit à pleurer. Quel début dans la maîtrise ! Et comment s'y prendre pour obtenir 
                     
                     <pb type="page" n="36"/>
                     <fw type="header"> 36 SUZETTE. </fw>
                     
                     des gens leur débarbouillage ? Oh ! que bien faire est difficile ! </p>
                  
                  <div type="questionnaire">
                     <ab>
                        <hi rend="bold"> Questionnaire. </hi> — Qu'espérait Suzette, devenue maîtresse de maison ? — Comment était-elle au matin du premier jour où elle prit la direction du ménage ? — Où et à qui fallait-il faire sentir la main ? — Que faisait Jacques ? — Que pensait M. Valon de l'agriculture ? — Comment se conduisait François ? — A quoi Charlot employait-il son temps ?
                        <cb/>
                        — Ménageaient-ils leurs vêtements, faisaient-ils leur toilette ? — Comment, ce matin-là, se présentèrent-ils à Suzette ? — Quel ordre donna cette dernière et que répliquèrent-ils ? — Qu'aurait fait Suzette irritée, si François ne lui eût saisi la main ? — Pourquoi pleura-t-elle quand elle fut seule ?
                     </ab>
                  </div>
               </div>
               
               <div type="teacher">
                  <div type="exercice">
                     <head type="exercice"> DÉVELOPPEMENT DES SUJETS PROPOSÉS POUR EXERCICES. </head>
                     
                     <div type="morale">
                        <head type="sujets"> Morale. </head> 
                        
                        <ab type="question"> — Que pensez-vous des amusements de François ? — Pourquoi sa conduite n'est-elle pas exemplaire pour Charlot ? — Pourquoi n'est-elle pas celle d'un bon petit frère à l'égard de Suzette ? — Qu'auraient dû faire les deux jeunes garçons ? </ab>
                        
                        <ab type="answer"> Je pense que François ne pouvait choisir de pires amusements. D'abord, il négligeait l'école et il employait le meilleur de son temps à dénicher les oiseaux, plaisir imbécile et cruel ; puis il déchirait ses vêtements en grimpant aux arbres, ce qui constituait pour son père un surcroît de dépenses, et pour Suzette le motif d'un travail fatigant. <lb/>
                           Sa conduite à l'égard de Charlot est très blâmable ; en qualité d'aîné, il était tenu de donner de bons exemples au pauvre petit orphelin, et, loin de là, il l'accoutumait à la paresse tout en l'excitant à la rébellion contre leur sœur. Cette façon d'agir était d'autant plus coupable que la jeune fille remplaçait la mère, qui n'était plus, dans la tenue du ménage, tâche bien lourde et bien méritoire pour cette enfant à peine adolescente. <lb/>
                           Les deux jeunes garçons auraient dû tenir compte des ordres de Suzette ; peut-être leur commandait-elle d'un ton trop absolu, mais la bonté de l'intention la rendait excusable. La façon de répondre de François prouve combien la légèreté d'esprit gâte le cœur. </ab>
                     </div>
                     
                     <div type="EconDom">
                        <head type="sujets"> Économie domestique. </head> 
                        
                        <ab type="question"> — Dites ce qu'est une basse-cour et quels animaux la peuplent. — Quelles petites constructions y voit-on ? Donnez quelques détails sur chacune. — Quel animal de basse-cour vous paraît le plus utile ? — Pourquoi ? </ab>
                        
                        <ab type="answer"> La basse-cour est un enclos attenant à une maison d'agriculteur ou compris dans les dépendances d'une ferme. On y entasse ordinairement les fumiers, et l'on en fait le séjour habituel des volailles, des lapins et des porcs. Tous ces animaux sont logés, soit à demeure, soit de nuit seulement, dans des constructions légères fermées ordinairement de treillages métalliques ; celles qu'on destine aux volailles sont munies de tout ce qu'il faut pour faciliter la ponte et l'éclosion des œufs. Les pigeons habitent un local élevé de 3 ou 4 mètres au-dessus du sol, auquel on donne fréquemment la forme d'une tour ; ils y pénètrent par une étroite ouverture qu'on ferme à la nuit tombante. On remarque dans les colombiers nombre de petites cases pour nicher les pigeonneaux de chaque couple. <lb/> 
                           Les animaux de basse-cour les plus utiles sont le porc et les lapins. Les porcs sont installés dans des loges dont l'entrée est au niveau du sol ; quant aux lapins, on les enferme dans des clapiers, petites cabanes étroites, fermées par une toile métallique et exposées au midi.</ab>
                     </div>
                     
                     <div type="civilite">
                        <head type="sujets"> Civilité. </head> 
                        
                        <ab type="question"> — Quels gestes sont peu polis et peu convenables ? </ab>
                        
                        <ab type="answer"> La plupart des jeunes filles comprennent ce que prescrivent, au
                           
                           <pb type="page" n="37"/>
                           <fw type="header"> LA PETITE HIRONDELLE. 37 </fw>
                           
                           point de vue des gestes, la modestie et les convenances ; cependant il en est quelques-unes qui ne craignent pas de répondre comme François à un ordre et à une observation. D'autres agitent les bras, hochent la tête avec accompagnement de grimaces, mettent le poing sur la hanche, se tortillent sur leurs jambes, etc., etc. Combien elles sont ridicules quand elles s'oublient de la sorte, et combien elles donnent une idée peu favorable de leurs manières ! On ne saurait donc leur recommander trop instamment de conformer leur tenue à celle des dames bien élevées, si elles ne veulent pas qu'on les classe parmi les enfants grossières et effrontées. </ab>
                     </div>
                     
                     <div type="histoire">
                        <head type="sujets"> Histoire. </head> 
                        
                        <ab type="question"> — Donnez quelques détails sur Dagobert et sur saint Éloi, son ministre. </ab>
                        
                        <ab type="answer"> Dagobert, roi des Francs, gouverna d'abord l'Austrasie au nom de son père Clotaire II. Il lui succéda en 631, et posséda de plus la Neustrie. Le reste de la France, connu sous le nom d'Aquitaine, ne lui advint qu'après la mort de son frère Charibert. <lb/>
                           Dagobert fut un roi magnifique : la splendeur de sa cour frappa à tel point les populations barbares, que le souvenir de son règne, est resté vivant dans la mémoire du peuple. Il eut une conduite peu exemplaire, et il crut obtenir le pardon de ses fautes par des dons considérables aux églises ; on lui doit la fondation de l'abbaye de Saint-Denis, où dorénavant furent inhumés les rois. <lb/>
                           Entouré d'habiles ministres, parmi lesquels nous citerons l'orfèvre saint Éloi (588-659), qui devint évêque de Noyon, Dagobert maintint son autorité sur les peuples tributaires. On lui reproche le massacre de dix mille Bulgares, qui avaient demandé et obtenu asile dans le royaume. Il mourut prématurément en 638, après un règne de dix ans. </ab>
                        
                     </div>
                  </div>
               </div>
            </div>
         </div>
      </body>
   </text>
</TEI>
