<?xml version="1.0" encoding="UTF-8"?>
<?xml-model href="http://www.tei-c.org/release/xml/tei/custom/schema/relaxng/tei_all.rng" type="application/xml" schematypens="http://relaxng.org/ns/structure/1.0"?>
<?xml-model href="http://www.tei-c.org/release/xml/tei/custom/schema/relaxng/tei_all.rng" type="application/xml"
	schematypens="http://purl.oclc.org/dsdl/schematron"?>
<TEI xmlns="http://www.tei-c.org/ns/1.0">
   <teiHeader>
      <fileDesc>
         <titleStmt>
            <title type="main">Suzette: a Digital Edition - Chapter 73</title>
            <respStmt>
               <persName>John Westbrook</persName>
               <orgName>Bucknell University</orgName>
               <resp>Editor</resp>
            </respStmt>
            <respStmt>
               <persName>Annie Girton</persName>
               <orgName>Bucknell University</orgName>
               <resp>Research Assistant and Encoder</resp>
            </respStmt>
            <respStmt>
               <persName xml:id="JAKA1">Diane Jakacki</persName>
               <orgName>Bucknell University</orgName>
               <resp>Project Manager</resp>               
            </respStmt>
         </titleStmt>
         <publicationStmt>
            <distributor>Bucknell University</distributor>
            <pubPlace>
               <address>
                  <addrLine>One Dent Drive</addrLine>
                  <addrLine>Lewisburg, PA 17837</addrLine>
               </address>
            </pubPlace>
            <availability>
               <licence>Attribution-NonCommercial-ShareAlike 4.0 International</licence>
            </availability>
         </publicationStmt>
         <sourceDesc>
            <biblStruct>
               <monogr>
                  <title>Suzette: Livre de Lecture Courante à l’Usage des Jeunes Filles. Morale—Leçon de choses, Economie Domestique – Ménage – Cuisine – Couture</title>
                  <author>Robert Halt</author>
                  <textLang>French</textLang>
                  <imprint>
                     <date>1889</date>
                     <distributor>Libraire Classique Paul Delaplane</distributor>
                     <pubPlace>Paris, France</pubPlace>
                  </imprint>
               </monogr>
            </biblStruct>
         </sourceDesc>
     </fileDesc>
          <profileDesc>
         <langUsage>
            <language ident="fra">French</language>
            <language ident="eng">English</language>
         </langUsage>
      </profileDesc>
      <encodingDesc>
         <charDecl>
            <char>
               <charName xml:id="suzette">Suzette</charName>
            </char>
            <char>
               <charName xml:id="papa">Papa</charName>
            </char>
            <char>
               <charName xml:id="la_maman">La maman</charName>
            </char>
            <char>
               <charName xml:id="jacques">Jacques</charName>            
            </char>
            <char>
               <charName xml:id="francois">François</charName>
            </char>
            <char>
               <charName xml:id="charlot">Charlot</charName>
            </char>
            <char>
               <charName xml:id="mme_valon">Mme Valon</charName>
            </char>
            <char>
               <charName xml:id="m_valon">M. Valon</charName>
            </char>
            <char>
               <charName xml:id="mme_richard">Mme Richard</charName>
            </char>
            <char>
               <charName xml:id="louis">Louis</charName>
            </char>
            <char>
               <charName xml:id="pascal">Pascal</charName>
            </char>
            <char>
               <charName xml:id="marthe">Marthe</charName>
            </char>
            <char>
               <charName xml:id="sylvain">Sylvain</charName>
            </char> 
            <char>
               <charName xml:id="ludivine">Ludivine</charName>
            </char> 
            <char>
               <charName xml:id="m_lejoly">M. Lejoly</charName>
            </char>
            <char>
               <charName xml:id="l_apiculteur">L'apiculteur</charName>
            </char>
            <char>
               <charName xml:id="la_bohemienne">La bohémienne</charName>
            </char>
            <char>
               <charName  xml:id="m_cartier">M. Cartier</charName>
            </char>
            <char>
               <charName xml:id="les_dumay">La Famille Dumay</charName>
            </char>
         </charDecl>
         <classDecl>
            <taxonomy xml:id="classification">
               <category xml:id="morale">
                  <catDesc>Morale</catDesc>
                  <category xml:id="enfantFamille">
                     <catDesc>L'enfant dans la famille</catDesc>
                  </category>
                  <category xml:id="devoirsFreresSoeurs">
                     <catDesc>Devoirs des frères et sœurs</catDesc>
                  </category>
                  <category xml:id="devoirsServiteurs">
                     <catDesc>Devoirs envers les serviteurs</catDesc>
                  </category>
                  <category xml:id="enfantEcole">
                     <catDesc>L'enfant dans l'école</catDesc>
                  </category>
                  <category xml:id="patrie">
                     <catDesc>La patrie</catDesc>
                  </category>
                  <category xml:id="devoirsSoiMeme">
                     <catDesc>Devoirs envers soi-même</catDesc>
                  </category>
                  <category xml:id="biensExterieurs">
                     <catDesc>Les biens extérieurs</catDesc>
                  </category>
                  <category xml:id="ame">
                     <catDesc>L'âme</catDesc>
                  </category>
                  <category xml:id="devoirsSemblables">
                     <catDesc>Devoirs envers nos semblables</catDesc>
                  </category>
                  <category xml:id="devoirsDieu">
                     <catDesc>Devoirs envers Dieu</catDesc>
                  </category>
               </category>
               <category xml:id="instructionCivique">
                  <catDesc>Instruction civique</catDesc>
               </category>
               <category xml:id="civilite">
                  <catDesc>Civilité</catDesc>
               </category>
               <category xml:id="francais">
                  <catDesc>Français</catDesc>
               </category>
               <category xml:id="composition">
                  <catDesc>Composition</catDesc>
                  <!--In the book Composition is followed by an (1); should that be included?-->
                  <category xml:id="recits">
                     <catDesc>Récits</catDesc>
                  </category>
                  <category xml:id="recitsHistoriques">
                     <catDesc>Récits historiques</catDesc>
                  </category>
                  <category xml:id="descriptions">
                     <catDesc>Descriptions</catDesc>
                  </category>
                  <category xml:id="sujetsMoraux">
                     <catDesc>Sujets moraux ou d'imagination</catDesc>
                  </category>
                  <category xml:id="lettres">
                     <catDesc>Lettres</catDesc>
                  </category>
               </category>
               <category xml:id="histoire">
                  <catDesc>Histoire</catDesc>
                  <!--<category xml:id="histoireNaturelle">
                     <catDesc>Histoire naturelle</catDesc>
                  </category>
                  <category xml:id="histoireTravail">
                     <catDesc>Histoire du travail</catDesc>
                  </category>-->
               </category>
               <category xml:id="geographie">
                  <catDesc>Géographie</catDesc>
                  <category xml:id="europe">
                     <catDesc>Europe</catDesc>
                  </category>
                  <category xml:id="asie">
                     <catDesc>Asie</catDesc>
                  </category>
                  <category xml:id="afrique">
                     <catDesc>Afrique</catDesc>
                  </category>
                  <category xml:id="amerique">
                     <catDesc>Amérique</catDesc>
                  </category>
                  <category xml:id="oceanie">
                     <catDesc>Océanie</catDesc>
                  </category>
                  <category xml:id="france">
                     <catDesc>France</catDesc>
                  </category>
                <!--  <category xml:id="topographie">
                     <catDesc>Topographie</catDesc>
                  </category>-->
               </category>
               <category xml:id="scienceNat">
                  <catDesc>Science Naturelles</catDesc>
                  <!--<category xml:id="geologie">
                     <catDesc>Géologie</catDesc>
                  </category>-->
                     <category xml:id="mineraux">
                        <catDesc>Minéraux</catDesc>
                     </category>
                     <!--In the book Minéraux is followed by ",etc."; should that be included?-->
                  <!--<category xml:id="botanique">
                     <catDesc>Botanique</catDesc>-->
                     <category xml:id="vegetaux">
                        <catDesc>Végétaux</catDesc>
                        <!--All of the sub-categories following this are numbered; should that be included?-->
                        <category xml:id="arbreNoncultives">
                           <catDesc>Arbres non cultivés</catDesc>
                        </category>
                        <category xml:id="herbesPlantes">
                           <catDesc>Herbes ou plantes sauvages</catDesc>
                        </category>
                        <category xml:id="arbreCultives">
                           <catDesc>Arbres cultivés</catDesc>
                        </category>
                        <category xml:id="arbustes">
                           <catDesc>Arbustes cultivés</catDesc>
                        </category>
                        <category xml:id="cereales">
                           <catDesc>Céréales</catDesc>
                        </category>
                        <category xml:id="legumesRacines">
                           <catDesc>Légumes, racines, etc.</catDesc>
                        </category>
                        <category xml:id="divers1"><!-- Avoid tagging with Divers - if necessary, create another sub-category -->
                           <catDesc>Divers</catDesc>
                        </category> 
                     </category>
                     <!--<category xml:id="physiologieVegetale">
                        <catDesc>Physiologie végétale</catDesc>
                     </category>-->
                  <!--</category>-->
                 <!-- <category xml:id="zoologie">
                     <catDesc>Zoologie</catDesc>-->
                     <category xml:id="animaux">
                        <catDesc>Animaux</catDesc>
                        <!--All of the sub-categories following this are numbered; should that be included?-->
                        <category xml:id="homme">
                           <catDesc>l'Homme</catDesc>
                        </category> <!--Homme wouldn't go under zoologie.. could we seperate it or rename this category?-->
                        <category xml:id="animauxDomestiques">
                           <catDesc>Animaux domestiques</catDesc>
                        </category>
                        <category xml:id="animauxSauvages">
                           <catDesc>Animaux sauvages</catDesc>
                        </category>
                     </category>
                     <!--<category xml:id="physiologieAnimal">
                        <catDesc>Physiologie animaux</catDesc>
                     </category>-->
                  <!--</category>-->
                  <!--<category xml:id="agriculture">
                     <catDesc>Agriculture</catDesc>
                     <category xml:id="techniquesAgricoles">
                        <catDesc>Techniques agricoles</catDesc>
                     </category>
                     <category xml:id="produits">
                        <catDesc>Produits</catDesc>
                     </category>
                     <category xml:id="outilsMachines">
                        <catDesc>Outils et machines</catDesc>
                     </category>
                     <category xml:id="recolte">
                        <catDesc>Récolte</catDesc>
                     </category>
                     <category xml:id="elevageBetail">
                        <catDesc>Élevage de bétail</catDesc>
                     </category>
                     <category xml:id="terrainAgricole">
                        <catDesc>Terrain agricole</catDesc>
                     </category>
                     <category xml:id="apiculture">
                        <catDesc>Apiculture</catDesc>
                     </category>
                  </category>-->
               </category>
               <category xml:id="sciencesPhys">
                  <catDesc>Notions relatives aux sciences physiques</catDesc>
                  <!--<category xml:id="elements">
                     <catDesc>Éléments</catDesc>-\->
                     <category xml:id="feu">
                        <catDesc>Feu</catDesc>
                     </category>
                     <!-\-Could add categories for earth/wind/air-\->
                  </category>
                  <category xml:id="meterologie">
                     <catDesc>Métérologie</catDesc>-\->
                  </category>-->
                  <!--Category for night/day cycles, seasons?-->
               </category>
               <category xml:id="industrie">
                  <catDesc>Industrie</catDesc>
                  <category xml:id="matieresObjets">
                     <catDesc>Matières et objets fabriqués</catDesc>
                  </category>
                  <category xml:id="constructions">
                     <catDesc>Constructions</catDesc>
                  </category>
                  <category xml:id="machinesAppareils">
                     <catDesc>Machines, appareils, ustensiles, vases</catDesc>
                  </category>
                  <!--Can outils go under machinesAppareils-->
                  <category xml:id="outils">
                     <catDesc>Outils</catDesc>
                  </category>
                  <category xml:id="etoffesHabillement">
                     <catDesc>Étoffes, habillement</catDesc>
                  </category>
                  <category xml:id="divers2">
                     <catDesc>Divers</catDesc>
                  </category>
               </category>
               <category xml:id="economieDomestique">
                  <catDesc>Économie Domestique</catDesc>
                  <!--<category xml:id="tachesMenageres">
                     <catDesc>Tâches ménagères</catDesc>
                  </category>-->
                  <category xml:id="alimentsCuisine">
                     <catDesc>Aliments et cuisine</catDesc>
                  </category>
                  <category xml:id="vetements1">
                     <catDesc>Vêtements</catDesc>
                  </category>
                  <category xml:id="basse-cour">
                     <catDesc>Basse-cour</catDesc>
                  </category>
                  <!--Could basse-cour be combined with scienceNat/agriculture under elevageBetail?--> 
               </category>
               <category xml:id="hygiene">
                  <catDesc>Hygiène</catDesc>
                  <category xml:id="corpsHabitations">
                     <catDesc>Corps et habitations</catDesc>
                  </category>
                  <category xml:id="vetements2">
                     <catDesc>Vêtements</catDesc>
                  </category>
                  <category xml:id="aliments">
                     <catDesc>Aliments</catDesc>
                  </category>
                  <category xml:id="maladiesRemedes">
                     <catDesc>Maladies, etc. ; remèdes</catDesc>
                  </category>
               </category>
            </taxonomy>
         </classDecl>
      </encodingDesc>
      <profileDesc>
         <settingDesc>
            <listPlace>
               <place>
                  <placeName xml:id="l_amerique">l'Amérique</placeName>
               </place>
               <place>
                  <placeName xml:id="l_oceanien">l'Oceanian</placeName>
               </place>
               <place>
                  <placeName xml:id="l_europe">l'Europe</placeName>
               </place>
               <place>
                  <placeName xml:id="l_afrique">l'Afrique</placeName>
               </place>
               <place>
                  <placeName xml:id="l_australie">l'Australie</placeName>
               </place>
               <place>
                  <placeName xml:id="la_france">la France</placeName>
               </place>
               <place>
                  <placeName xml:id="la_chine">la Chine</placeName>
               </place>
               <place>
                  <placeName xml:id="etats_unis">les États-Unis</placeName>
               </place>
               <place>
                  <placeName xml:id="l_arabe">l'Arabe</placeName>
               </place>
               <place>
                  <placeName xml:id="la_canada">la Canada</placeName>
               </place>
               <place>
                  <placeName xml:id="fragicourt">Fragicourt</placeName>
               </place>
               <place>
                  <placeName xml:id="paris">Paris</placeName>
               </place>
               <place>
                  <placeName xml:id="bruxelles">Bruxelles</placeName>
               </place>
               <place>
                  <placeName xml:id="boston">Boston
                  </placeName>
               </place>
               <place> 
                  <placeName xml:id="l_avre">l'Avre
                     <geogFeat>River</geogFeat>
                  </placeName> 
               </place>
               <place>
                  <placeName xml:id="la_moye">la Moye
                     <geogFeat>River</geogFeat>
                  </placeName>
               </place>
            </listPlace>
         </settingDesc>
      </profileDesc>
   </teiHeader>
   <text>
      <body>
         <!-- n is for maitresse edition, corresp is for student edition -->
         
         <div type="chapter" n="73">
            <div xml:lang="fr">
               <div type="student">
                  
                  <pb type="page" n="251"/>
                  <head>73. — La dépêche. (Élève, p. 154.)</head>
          
                  <sp><speaker>François</speaker><ab> — <seg ana="#machinesAppareils">Le bureau du télégraphe</seg> ! </ab></sp> <stage> cria <persName ana="francois">François</persName>, toujours en avant. </stage>
                  <p> On entra ; on remit à l'employé <seg ana="#machinesAppareils">la dépêche</seg> pour <persName ana="mme_richard">Mme Richard</persName>. A peine avait-on dépassé le seuil que <seg ana="#machinesAppareils">le manipulateur</seg>*<gloss>Manipulateur. Appareil pour transmettre les dépêches télégraphiques.</gloss> commençait <seg ana="#machinesAppareils">sa batterie</seg>*<gloss>Batterie. Succession de petits coups frappés sur un timbre ou sur une pièce différente de métal.</gloss> ; <seg ana="#machinesAppareils">la dépêche</seg> partait. <seg ana="#machinesAppareils">Le manipulateur</seg> se tut : elle était partie, arrivée ! </p>
                  
                  <figure> 
                     <caption> <hi rend="italic">L'ancien télégraphe.</hi>
                        <lb/>
                        — Nous sommes loin de ces machines de bois à longs bras, qui, de clocher en clocher, d'un bout de la France à l'autre, s'envoyaient des signaux. Le télégraphe électrique et, depuis peu, le téléphone sont d'admirables découvertes qui nous permettent d'échanger nos idées et même une conversation avec les habitants de toutes les parties du monde. </caption>
                  </figure>
                  
                  <p> <time>Au siècle dernier</time>, dans <placeName ana="#boston">une ville d'<placeName ana="#etats_unis">Amérique</placeName></placeName>, à <placeName ana="#boston">Boston</placeName>, un jour d'<seg ana="#sciencesPhys">orage</seg>, <!--<persName>un enfant</persName>--> joue au cerf-volant ; il a attaché une clé à la queue de ce cerf-volant, trop léger et qu'il faut alourdir. Une petite <seg ana="#sciencesPhys">étincelle</seg> lumineuse <seg ana="#sciencesPhys">brille</seg> tout à coup sur la clé, à la vive curiosité du <!--<persName>garçon</persName>-->, très frappé de ce <seg ana="#sciencesPhys">phénomène</seg>*<gloss>Phénomène. Tout ce qui apparait de nouveau dans l'air, dans le ciel ou sur la terre.</gloss>. </p>
         
                  <pb type="page" n="252"/>   
                  <fw type="header"> 252 SUZETTE. </fw>
         
                  <p> <!--<persName>L'enfant</persName>--> devint <!--<persName>--><seg ana="#industrie">le grand Franklin</seg><!--</persName>--> ; la petite <seg ana="#sciencesPhys">étincelle</seg> est devenue la grande <seg ana="#sciencesPhys">électricité</seg>*<gloss>Electricité. Cause, force inconnue qui produit la foudre.</gloss> avec ses nombreuses <seg ana="#industrie">applications</seg> qui ont déjà changé et changeront encore plus la face de <seg ana="#scienceNat">la terre</seg>. </p>
                  <p> <seg ana="#sciencesPhys">La foudre</seg>, la terrible force destructrice devant laquelle <!--<seg ana="#homme">les premiers hommes</seg>-->, terrifiés, se prosternaient, <!--<seg ana="#homme">l'homme d'aujourd'hui</seg>--> s'en empare, l'annihile*<gloss>Annihiler. Réduire à rien.</gloss> par <seg ana="#machinesAppareils">le paratonnerre</seg> de <!--<persName>--><seg ana="#industrie">Franklin</seg><!--</persName>--> ou la maîtrise, lui fait porter sa parole et ses commandements jusqu'au bout de <seg ana="#scienceNat">l'uni- <lb/>
                     
                     <figure> 
                        <caption> <hi rend="italic">Le paratonnerre.</hi>
                           <lb/>
                           La tige d'un paratonnerre varie de trois à cinq mètres ; elle est terminée en haut par une pointe de platine. Une barre en métal, servant de conducteur, est soudée à la tige et descend, en suivant le toit et les murs de l'édifice, soit dans un puits, soit dans un trou profond. Un paratonnerre en mauvais état peut amener des accidents nombreux. </caption>
                     </figure>
                     
                     <figure> 
                        <caption> Les <hi rend="italic">phares</hi> <!--Not sure if this should be tagged as italics or "term"--> sont dressés sur un cap, sur un point éminent d’une côté, ou sur la jetée d'un port. Une lanterne qui se trouve à leur extrémité est allumée pendant la nuit ; et ce feu, connu des navires, les guide au milieu de l'obscurité.
                        </caption>
                     </figure>
                     
                     vers</seg>, comme il s'en éclaire contre <seg ana="#sciencesPhys">la nuit</seg> ; et quelles autres merveilles n'en tirera-t-il pas demain ! </p>
                  <sp><speaker>Sylvain</speaker><ab> — Oui, </ab></sp> <stage> dit <persName ana="#sylvain">Sylvain</persName>, </stage> <sp><speaker>Sylvain</speaker><ab> nous sommes loin des <seg ana="#industrie">feux allumés</seg> sur <!--<seg ana="geographie">les montagnes</seg>--> pour <seg ana="#machinesAppareils">les communications</seg> que les hommes avaient à se faire. Nous sommes loin aussi de ces <seg ana="#machinesAppareils">machines de bois à longs bras</seg>, qui, <seg ana="#constructions">de clocher en clocher</seg>, d'un bout à l'autre de <placeName ana="#la_france">la France</placeName>, se faisaient des gestes dégingandés*<gloss>Dégingandé. Se dit d'une personne dont la contenance et la démarche sont mal assurées.</gloss>. </ab></sp>
                  <p> <persName ana="#pascal">M. Pascal</persName>, qui, malgré son petit désastre de la veille, n'engendrait pas la mélancolie et trouvait généralement
          
                     <pb type="page" n="253"/>   
                     <fw type="header"> LA DÉPÊCHE. 253 </fw>
        
dans son excellente mémoire quelque bonne chose à répondre, se mit à chanter : </p>
                  
                  <sp><speaker>Pascal</speaker> 
                     <lg type="song">
                        <l> « Que fais-tu, mon vieux <seg ana="#machinesAppareils">télégraphe</seg>, </l>
                        <l> Au sommet de ton vieux <seg ana="#constructions">clocher</seg>... </l>
                        <l> Sérieux comme une épitaphe, </l>
                        <l> Immobile comme <seg ana="#mineraux">un rocher</seg> ?... » </l>
                     </lg></sp>
                  <note type="citation"> (<name type="author">(G. NADAUD.)</name>.) <!--Correct reference format?--> </note>
          
                     <div type="questionnaire">
                        <ab>
                           <hi rend="bold"> Questionnaire. </hi> — Que remit-on au télégraphe ? — Quel était l'objet de la dépêche ? — Qui fut mis immédiatement en mouvement ? — Qu'est-ce que Boston ? — Quel phénomène y observa, au siècle dernier, un enfant qui jouait au cerf-volant ? — Qu'est-ce qu'un cerf-volant ? — Comment cet enfant se nom- 
                           <cb/>
                           mait-il ? — Qu'ont déjà fait les applications de l'électricité ? — Qu'est-ce qui maitrise la foudre ? — Donnez des détails sur le paratonnerre. — Qu'ont ____ ____ <!--Can not distinguish these words--> la lumière électrique et le télégraphe électrique ? — Répétez le fragment de chanson que fredonna Pascal.
                        </ab>
                     </div>
                  </div>
               
               <div type="teacher">
                  <div type="exercice">
                     <head type="exercice"> DÉVELOPPEMENT DES SUJETS PROPOSÉS POUR EXERCICES. </head>
                     
                     <div type="sciencesNat">
                        <head type="sujets"> Sciences naturelles. </head> 
                        
                        <ab type="question"> — Quelle propriété donne-t-on à un bâton de cire ou de soufre en le frottant ; — à un bâton de verre ? — Quelle est la cause de ces phénomènes ? — Où se forme naturellement l'électricité ? — Que produit-elle dans l'atmosphère ? — Dangers que présente la chute de la foudre. — Comment s'en préserve-t-on ? — Faut-il rester sous les arbres pendant l'orage ? </ab>
                           
                        <ab type="answer"> Lorsqu'on frotte, avec un morceau de drap ou une peau de chat, certaines substances telles que la cire à cacheter, la résine, le soufre, le verre, la soie, elles acquierent la propriété d'attirer les corps légers, comme les barbes de plume, les brins de paille. <lb/>
                           La cause de ces phénomènes est due à une force, l'électricité, dont la présence se manifeste soit par des attractions semblables à celles dont nous venons de parler, soit par des apparences lumineuses ou des commotions (1)<note type="foot">(1) Commotion, secousse brusque, agitation extrême.</note> violentes. <lb/>
                        On a remarqué que si l'on présente une balle faite de moelle de sureau, et suspendue à un fil, à un tube de verre frotté sur un morceau de drap, elle est d'abord attirée, puis repoussée après le contact. Mais si l'on approche de la balle de sureau que vient de toucher le tube de verre, un bâton de résine frotté également à la peau de chat, celui-ci attire vivement la balle. Il y a donc deux sortes d'électricités. <lb/>
                        L'électricité se forme naturellement dans les nuages par le frottement des bulles de vapeur ; elle produit dans l'atmosphère des phénomènes lumineux connus sous le nom d'éclairs, à la suite desquels l'air, violemment ébranlé, produit un bruit éclatant que les couches nuageuses répètent à la façon de l'écho, en forme de roulement : c'est le tonnerre. <lb/>
                        Quand l'électricité des nuages attire celle qui se produit à la surface de la terre, elles se combinent parfois ; alors il y a production, d'un éclair avec des effets extraordinaires. Si une personne se trouve sur le passage du fluide électrique, elle est frappée d'une telle commotion qu'elle perd ordinairement la vie ; les arbres sont brisés ; les maisons, renversées ou incendiées. <lb/>
          
                           <fw type="sig"> SUZETTE (Maîtresse). 15 </fw>
                           
                           <pb type="page" n="254"/>   
                           <fw type="header"> 254 SUZETTE. </fw>

On préserve les édifices de la chute de la foudre en fixant un paratonnerre <note> (Voir page 155, Livre de l'élève) </note> <!--Should this be a reference note?--> sur le point le plus élevé. Les hommes s'en garantissent en évitant, pendant les orages, de s'abriter sous des arbres ou de se tenir dans un courant d'air. Les arbres jouissent, en effet, de la propriété d'attirer le fluide électrique. </ab>
                        </div>
                     
                     <div type="industrie">
                        <head type="sujets"> Industrie. </head> 
                        
                        <ab type="question"> — Indiquer comment est construit et fixé un paratonnerre. </ab>
                           
                        <ab type="answer"> <note> (Voir, page 155, Livre de l'élève, la légende du dessin d'un paratonnerre.) </note> <!--Should this be a reference note?--> </ab>
                           
                        <!--<seg corresp="#machinesAppareils"> LE TÉLÉGRAPHE ÉLECTRIQUE. </seg>--> 
                        <ab type="question"> — Que voit-on dans un bureau télégraphique et quel est l'objet de ces appareils ? — D'où provient le fluide électrique (qu'on y emploie) ? — Comment le transmet-on de bureau à bureau ? — Que savez-vous de la vitesse de ce fluide ? — Que fait-il agir au bureau d'arrivée ? </ab>
                           
                        <ab type="answer"> Dans un bureau télégraphique, on voit, sur une table, un instrument nommé <term type="telegraphe">récepteur</term>, dans lequel l'électricité fait agir un poinçon qui sert à écrire les signaux sur une longue bande de fort papier enroulée autour d'un tambour, et qui vient s'engager entre deux rouleaux de cuivre. <lb/>
                        A côté est un autre appareil, <term type="telegraphe">le manipulateur</>, composé d'une petite planchette de bois servant de support à un levier de métal, qui est mobile par son milieu et frappe un bouton lorsque, au moyen de touches, on le met en communication avec les fils qui transmettent l’électricité de bureau à bureau. <lb/>
                        Le fluide électrique qui circule dans les fils, provient d'appareils appelés <term type="telegraphe">piles</term>, où il se développe au contact d'acides avec des feuilles de zinc et de cuivre. <lb/>
                        On le transmet de bureau à bureau au moyen de fils de fer soutenus, de distance en distance, par des poteaux. Il se meut avec une vitesse telle qu'il lui faut moins d'une seconde pour effectuer le tour de la terre, et, lorsqu'il arrive au bureau, il actionne le levier qui fait marquer au poinçon les signes convenus sur la bande de papier dont il a été précédemment question. </ab>
                     </div>
                    
                     <div type="eclairElec">
                        <head type="sujets"> Éclairage électrique. </head>
                        
                        <ab type="question"> — Combien de sortes d'électricités ? — A quoi tendent-elles ? — Si l'on rapproche deux bâtons de charbon ou deux tiges de métal en communication avec deux sources différentes d'électricité, que se produit-il ? — Comment est la lumière ainsi obtenue ? — S'en sert-on, et où ? — Quels en sont les avantagés et les inconvénients ? </ab>
                           
                        <ab type="answer"> Il existe deux sortes d'électricités et elles tendent sans cesse à se combiner. Si donc on rapproche deux bâtons de charbon de houille ou deux tiges métalliques en contact avec deux piles donnant des électricités différentes, il se produit une flamme brillante à l'extrémité de chaque charbon ou de chaque tige, et, lorsqu'elles se rejoignent, une lumière éblouissante en résulte. <lb/>
                        Dans l'air, cette lumière est blanche avec un éclat scintillant qui fatigue la vue. Aussi ne peut-on s'en servir que dans les lieux où il s'agit d'éclairer de grandes surfaces ; telles sont les rues, les places publiques, les gares, les ateliers. Elle a une puissance presque égale à celle du soleil, c'est-à-dire beaucoup plus grande que celle produite par les bougies et les lampes ; mais comme nous l'avons dit, elle agit d'une manière fâcheuse sur la vue, et elle scintille de telle façon qu'elle ne peut être utilisée pour les travaux délicats. Il est infiniment probable qu'on parviendra bientôt à faire disparaître ces graves inconvénients. </ab>
                     </div>
                     
                     <pb type="page" n="255"/>   
                     <fw type="header"> RÉCONCILIATION. 255 </fw>
                  
                  </div>
               </div>
            </div>
         </div>
      </body>
  </text>
</TEI>
