<?xml version="1.0" encoding="UTF-8"?>
<?xml-model href="http://www.tei-c.org/release/xml/tei/custom/schema/relaxng/tei_all.rng" type="application/xml" schematypens="http://relaxng.org/ns/structure/1.0"?>
<?xml-model href="http://www.tei-c.org/release/xml/tei/custom/schema/relaxng/tei_all.rng" type="application/xml"
	schematypens="http://purl.oclc.org/dsdl/schematron"?>
<TEI xmlns="http://www.tei-c.org/ns/1.0">
   <teiHeader>
      <fileDesc>
         <titleStmt>
            <title type="main">Suzette: a Digital Edition - Chapter 2</title>
            <respStmt>
               <persName>John Westbrook</persName>
               <orgName>Bucknell University</orgName>
               <resp>Editor</resp>
            </respStmt>
            <respStmt>
               <persName>Annie Girton</persName>
               <orgName>Bucknell University</orgName>
               <resp>Research Assistant and Encoder</resp>
            </respStmt>
            <respStmt>
               <persName xml:id="JAKA1">Diane Jakacki</persName>
               <orgName>Bucknell University</orgName>
               <resp>Project Manager</resp>               
            </respStmt>
         </titleStmt>
         <publicationStmt>
            <distributor>Bucknell University</distributor>
            <pubPlace>
               <address>
                  <addrLine>One Dent Drive</addrLine>
                  <addrLine>Lewisburg, PA 17837</addrLine>
               </address>
            </pubPlace>
            <availability>
               <licence>Attribution-NonCommercial-ShareAlike 4.0 International</licence>
            </availability>
         </publicationStmt>
         <sourceDesc>
            <biblStruct>
               <monogr>
                  <title>Suzette: Livre de Lecture Courante à l’Usage des Jeunes Filles. Morale—Leçon de choses, Economie Domestique – Ménage – Cuisine – Couture</title>
                  <author>Robert Halt</author>
                  <textLang>French</textLang>
                  <imprint>
                     <date>1889</date>
                     <distributor>Libraire Classique Paul Delaplane</distributor>
                     <pubPlace>Paris, France</pubPlace>
                  </imprint>
               </monogr>
            </biblStruct>
         </sourceDesc>
      </fileDesc>
            <profileDesc>
         <langUsage>
            <language ident="fra">French</language>
            <language ident="eng">English</language>
         </langUsage>
      </profileDesc>
      <encodingDesc>
         <charDecl>
            <char>
               <charName xml:id="suzette">Suzette</charName>
            </char>
            <char>
               <charName xml:id="papa">Papa</charName>
            </char>
            <char>
               <charName xml:id="la_maman">La maman</charName>
            </char>
            <char>
               <charName xml:id="jacques">Jacques</charName>            
            </char>
            <char>
               <charName xml:id="francois">François</charName>
            </char>
            <char>
               <charName xml:id="charlot">Charlot</charName>
            </char>
            <char>
               <charName xml:id="mme_valon">Mme Valon</charName>
            </char>
            <char>
               <charName xml:id="m_valon">M. Valon</charName>
            </char>
            <char>
               <charName xml:id="mme_richard">Mme Richard</charName>
            </char>
            <char>
               <charName xml:id="louis">Louis</charName>
            </char>
            <char>
               <charName xml:id="pascal">Pascal</charName>
            </char>
            <char>
               <charName xml:id="marthe">Marthe</charName>
            </char>
            <char>
               <charName xml:id="sylvain">Sylvain</charName>
            </char> 
            <char>
               <charName xml:id="ludivine">Ludivine</charName>
            </char> 
            <char>
               <charName xml:id="m_lejoly">M. Lejoly</charName>
            </char>
            <char>
               <charName xml:id="l_apiculteur">L'apiculteur</charName>
            </char>
            <char>
               <charName xml:id="la_bohemienne">La bohémienne</charName>
            </char>
            <char>
               <charName  xml:id="m_cartier">M. Cartier</charName>
            </char>
            <char>
               <charName xml:id="les_dumay">La Famille Dumay</charName>
            </char>
         </charDecl>
         <classDecl>
            <taxonomy xml:id="classification">
               <category xml:id="morale">
                  <catDesc>Morale</catDesc>
                  <category xml:id="enfantFamille">
                     <catDesc>L'enfant dans la famille</catDesc>
                  </category>
                  <category xml:id="devoirsFreresSoeurs">
                     <catDesc>Devoirs des frères et sœurs</catDesc>
                  </category>
                  <category xml:id="devoirsServiteurs">
                     <catDesc>Devoirs envers les serviteurs</catDesc>
                  </category>
                  <category xml:id="enfantEcole">
                     <catDesc>L'enfant dans l'école</catDesc>
                  </category>
                  <category xml:id="patrie">
                     <catDesc>La patrie</catDesc>
                  </category>
                  <category xml:id="devoirsSoiMeme">
                     <catDesc>Devoirs envers soi-même</catDesc>
                  </category>
                  <category xml:id="biensExterieurs">
                     <catDesc>Les biens extérieurs</catDesc>
                  </category>
                  <category xml:id="ame">
                     <catDesc>L'âme</catDesc>
                  </category>
                  <category xml:id="devoirsSemblables">
                     <catDesc>Devoirs envers nos semblables</catDesc>
                  </category>
                  <category xml:id="devoirsDieu">
                     <catDesc>Devoirs envers Dieu</catDesc>
                  </category>
               </category>
               <category xml:id="instructionCivique">
                  <catDesc>Instruction civique</catDesc>
               </category>
               <category xml:id="civilite">
                  <catDesc>Civilité</catDesc>
               </category>
               <category xml:id="francais">
                  <catDesc>Français</catDesc>
               </category>
               <category xml:id="composition">
                  <catDesc>Composition</catDesc>
                  <!--In the book Composition is followed by an (1); should that be included?-->
                  <category xml:id="recits">
                     <catDesc>Récits</catDesc>
                  </category>
                  <category xml:id="recitsHistoriques">
                     <catDesc>Récits historiques</catDesc>
                  </category>
                  <category xml:id="descriptions">
                     <catDesc>Descriptions</catDesc>
                  </category>
                  <category xml:id="sujetsMoraux">
                     <catDesc>Sujets moraux ou d'imagination</catDesc>
                  </category>
                  <category xml:id="lettres">
                     <catDesc>Lettres</catDesc>
                  </category>
               </category>
               <category xml:id="histoire">
                  <catDesc>Histoire</catDesc>
                  <!--<category xml:id="histoireNaturelle">
                     <catDesc>Histoire naturelle</catDesc>
                  </category>
                  <category xml:id="histoireTravail">
                     <catDesc>Histoire du travail</catDesc>
                  </category>-->
               </category>
               <category xml:id="geographie">
                  <catDesc>Géographie</catDesc>
                  <category xml:id="europe">
                     <catDesc>Europe</catDesc>
                  </category>
                  <category xml:id="asie">
                     <catDesc>Asie</catDesc>
                  </category>
                  <category xml:id="afrique">
                     <catDesc>Afrique</catDesc>
                  </category>
                  <category xml:id="amerique">
                     <catDesc>Amérique</catDesc>
                  </category>
                  <category xml:id="oceanie">
                     <catDesc>Océanie</catDesc>
                  </category>
                  <category xml:id="france">
                     <catDesc>France</catDesc>
                  </category>
                <!--  <category xml:id="topographie">
                     <catDesc>Topographie</catDesc>
                  </category>-->
               </category>
               <category xml:id="scienceNat">
                  <catDesc>Science Naturelles</catDesc>
                  <!--<category xml:id="geologie">
                     <catDesc>Géologie</catDesc>
                  </category>-->
                     <category xml:id="mineraux">
                        <catDesc>Minéraux</catDesc>
                     </category>
                     <!--In the book Minéraux is followed by ",etc."; should that be included?-->
                  <!--<category xml:id="botanique">
                     <catDesc>Botanique</catDesc>-->
                     <category xml:id="vegetaux">
                        <catDesc>Végétaux</catDesc>
                        <!--All of the sub-categories following this are numbered; should that be included?-->
                        <category xml:id="arbreNoncultives">
                           <catDesc>Arbres non cultivés</catDesc>
                        </category>
                        <category xml:id="herbesPlantes">
                           <catDesc>Herbes ou plantes sauvages</catDesc>
                        </category>
                        <category xml:id="arbreCultives">
                           <catDesc>Arbres cultivés</catDesc>
                        </category>
                        <category xml:id="arbustes">
                           <catDesc>Arbustes cultivés</catDesc>
                        </category>
                        <category xml:id="cereales">
                           <catDesc>Céréales</catDesc>
                        </category>
                        <category xml:id="legumesRacines">
                           <catDesc>Légumes, racines, etc.</catDesc>
                        </category>
                        <category xml:id="divers1"><!-- Avoid tagging with Divers - if necessary, create another sub-category -->
                           <catDesc>Divers</catDesc>
                        </category> 
                     </category>
                     <!--<category xml:id="physiologieVegetale">
                        <catDesc>Physiologie végétale</catDesc>
                     </category>-->
                  <!--</category>-->
                 <!-- <category xml:id="zoologie">
                     <catDesc>Zoologie</catDesc>-->
                     <category xml:id="animaux">
                        <catDesc>Animaux</catDesc>
                        <!--All of the sub-categories following this are numbered; should that be included?-->
                        <category xml:id="homme">
                           <catDesc>l'Homme</catDesc>
                        </category> <!--Homme wouldn't go under zoologie.. could we seperate it or rename this category?-->
                        <category xml:id="animauxDomestiques">
                           <catDesc>Animaux domestiques</catDesc>
                        </category>
                        <category xml:id="animauxSauvages">
                           <catDesc>Animaux sauvages</catDesc>
                        </category>
                     </category>
                     <!--<category xml:id="physiologieAnimal">
                        <catDesc>Physiologie animaux</catDesc>
                     </category>-->
                  <!--</category>-->
                  <!--<category xml:id="agriculture">
                     <catDesc>Agriculture</catDesc>
                     <category xml:id="techniquesAgricoles">
                        <catDesc>Techniques agricoles</catDesc>
                     </category>
                     <category xml:id="produits">
                        <catDesc>Produits</catDesc>
                     </category>
                     <category xml:id="outilsMachines">
                        <catDesc>Outils et machines</catDesc>
                     </category>
                     <category xml:id="recolte">
                        <catDesc>Récolte</catDesc>
                     </category>
                     <category xml:id="elevageBetail">
                        <catDesc>Élevage de bétail</catDesc>
                     </category>
                     <category xml:id="terrainAgricole">
                        <catDesc>Terrain agricole</catDesc>
                     </category>
                     <category xml:id="apiculture">
                        <catDesc>Apiculture</catDesc>
                     </category>
                  </category>-->
               </category>
               <category xml:id="sciencesPhys">
                  <catDesc>Notions relatives aux sciences physiques</catDesc>
                  <!--<category xml:id="elements">
                     <catDesc>Éléments</catDesc>-\->
                     <category xml:id="feu">
                        <catDesc>Feu</catDesc>
                     </category>
                     <!-\-Could add categories for earth/wind/air-\->
                  </category>
                  <category xml:id="meterologie">
                     <catDesc>Métérologie</catDesc>-\->
                  </category>-->
                  <!--Category for night/day cycles, seasons?-->
               </category>
               <category xml:id="industrie">
                  <catDesc>Industrie</catDesc>
                  <category xml:id="matieresObjets">
                     <catDesc>Matières et objets fabriqués</catDesc>
                  </category>
                  <category xml:id="constructions">
                     <catDesc>Constructions</catDesc>
                  </category>
                  <category xml:id="machinesAppareils">
                     <catDesc>Machines, appareils, ustensiles, vases</catDesc>
                  </category>
                  <!--Can outils go under machinesAppareils-->
                  <category xml:id="outils">
                     <catDesc>Outils</catDesc>
                  </category>
                  <category xml:id="etoffesHabillement">
                     <catDesc>Étoffes, habillement</catDesc>
                  </category>
                  <category xml:id="divers2">
                     <catDesc>Divers</catDesc>
                  </category>
               </category>
               <category xml:id="economieDomestique">
                  <catDesc>Économie Domestique</catDesc>
                  <!--<category xml:id="tachesMenageres">
                     <catDesc>Tâches ménagères</catDesc>
                  </category>-->
                  <category xml:id="alimentsCuisine">
                     <catDesc>Aliments et cuisine</catDesc>
                  </category>
                  <category xml:id="vetements1">
                     <catDesc>Vêtements</catDesc>
                  </category>
                  <category xml:id="basse-cour">
                     <catDesc>Basse-cour</catDesc>
                  </category>
                  <!--Could basse-cour be combined with scienceNat/agriculture under elevageBetail?--> 
               </category>
               <category xml:id="hygiene">
                  <catDesc>Hygiène</catDesc>
                  <category xml:id="corpsHabitations">
                     <catDesc>Corps et habitations</catDesc>
                  </category>
                  <category xml:id="vetements2">
                     <catDesc>Vêtements</catDesc>
                  </category>
                  <category xml:id="aliments">
                     <catDesc>Aliments</catDesc>
                  </category>
                  <category xml:id="maladiesRemedes">
                     <catDesc>Maladies, etc. ; remèdes</catDesc>
                  </category>
               </category>
            </taxonomy>
         </classDecl>
      </encodingDesc>
      <profileDesc>
         <settingDesc>
            <listPlace>
               <place>
                  <placeName xml:id="l_amerique">l'Amérique</placeName>
               </place>
               <place>
                  <placeName xml:id="l_oceanien">l'Oceanian</placeName>
               </place>
               <place>
                  <placeName xml:id="l_europe">l'Europe</placeName>
               </place>
               <place>
                  <placeName xml:id="l_afrique">l'Afrique</placeName>
               </place>
               <place>
                  <placeName xml:id="l_australie">l'Australie</placeName>
               </place>
               <place>
                  <placeName xml:id="la_france">la France</placeName>
               </place>
               <place>
                  <placeName xml:id="la_chine">la Chine</placeName>
               </place>
               <place>
                  <placeName xml:id="etats_unis">les États-Unis</placeName>
               </place>
               <place>
                  <placeName xml:id="l_arabe">l'Arabe</placeName>
               </place>
               <place>
                  <placeName xml:id="la_canada">la Canada</placeName>
               </place>
               <place>
                  <placeName xml:id="fragicourt">Fragicourt</placeName>
               </place>
               <place>
                  <placeName xml:id="paris">Paris</placeName>
               </place>
               <place>
                  <placeName xml:id="bruxelles">Bruxelles</placeName>
               </place>
               <place>
                  <placeName xml:id="boston">Boston
                  </placeName>
               </place>
               <place> 
                  <placeName xml:id="l_avre">l'Avre
                     <geogFeat>River</geogFeat>
                  </placeName> 
               </place>
               <place>
                  <placeName xml:id="la_moye">la Moye
                     <geogFeat>River</geogFeat>
                  </placeName>
               </place>
            </listPlace>
         </settingDesc>
      </profileDesc>
   </teiHeader>
   <text>
      <body>
         <!-- n is for maitresse edition, corresp is for student edition -->
         
         <div type="chapter" n="2">
            <div xml:lang="fr">
               <div type="student">
                  
                  <pb type="page" n="5"/>
                  <fw type="header"> LE GRILLON DU FOYER. 5 </fw>
                  
                  <head> 2. — Le grillon du foyer. (Élève, p. 5.) </head>
                  
                  <p> Et pourtant cette pièce n'annonçait pas la pauvreté. Elle était spacieuse*<gloss>Spacieux. Qui est de grande étendue.</gloss>, suffisamment éclairée par deux fenêtres donnant sur un jardin. Un pied de bleus volubilis*<gloss>Volubilis. Plante grimpante ayant de jolies fleurs en clochette.</gloss>, un autre de haricots rouges, aux fleurs couleur de feu, accrochaient gracieusement leurs vrilles aux barreaux des fenêtres. Mais fleurs et jardin ne s'entrevoyaient qu'à travers un nuage de toiles d'araignées. </p>
                  
                  <figure>
                     <caption>La cour, aperçue par la porte ouverte, se dorait de ses derniers rayons.</caption>
                  </figure>
                  
                  <p> Il s'en balançait un peu plus encore aux solives qui, par la régularité, la solidité, la teinte brune dont le temps les avait colorées, annonçaient une construction soignée, quoique ancienne. </p>
                  <p>Dans un coin, se voyaient un vieux bahut à moulures*<gloss>Moulures. Ornements en saillie sur des pierres ou des meubles.</gloss> d'un bon travail, et, en face, un dressoir à colonnes cannelées*<gloss>Cannelures. Rayures verticales en sillons à demi circulaires qu'on fait sur des colonnes.</gloss>, sur lequel, jadis, une main coquette avait assemblé des assiettes à fleurs, des pots joliment décorés. Mais où était la main coquette ? Et où était le plumeau ? </p>
                  <p> Le soleil se couchait. La cour, aperçue par la porte ouverte, se dorait de ses derniers rayons ; le chaume de 
                     
                     <pb type="page" n="6"/>
                     <fw type="header"> 6 SUZETTE.</fw>
                     
                     la grange, en face, barrant l'horizon, paraissait presque noir sur le fond d'or pâle du ciel. Puis l'air fraîchit, le jour tomba ; une étoile parut, avec l'éclat scintillant*<gloss>Scintillant. Qui a un vif mouvement dans la lumière qu'il envoie.</gloss> et doux d'un beau regard. </p>
                  <p> Envahis par le calme du soir, tous se taisaient. </p>
                  <p> A la fin, le père dit : </p>
                  <sp><speaker>Papa</speaker><ab> — Suzette, va chercher la lampe. </ab></sp> 
                  <p> Les enfants, se levant alors, se rapprochèrent du chat, du chien, des bottes, du chaudron, de la soupière à ramages, devant l'âtre. </p>
                  <p> Suzette revint de la pièce à côté. </p>
                  <sp><speaker>Papa</speaker><ab> — Eh bien ! et la lampe ?</ab></sp> 
                  <sp><speaker>Suzette</speaker><ab> — La voici, papa, sur la table. </ab></sp> 
                  
                  <figure> 
                     <caption> <hi rend="italic">Puits à pétrole.</hi>
                        <lb/>
                        Le pétrole brut, qui est extrait du sol au moyen de puits forés, est soumis à la distillation avant de servir à l'éclairage, il faut prendre les plus grandes précautions lorsqu’on emploie des lampes à pétrole et ne jamais transvaser ce liquide à la lumière. </caption>
                  </figure>
                  
                  <sp><speaker>Papa</speaker><ab> — Bon. Mais te voilà, toi, comme un bourgeois de Falaise*<gloss>Falaise. Ville de Normandie.</gloss>; ce n'est pas tout de porter la lanterne, il faut l’allumer ! </ab></sp>
                  <sp><speaker>Suzette</speaker><ab> — C'est qu'il n'y a plus de pétrole. </ab></sp> 
                  <sp><speaker>Papa</speaker><ab> — Ah ! oui, </ab></sp> <stage> soupira le père, </stage> <sp><speaker>Papa</speaker><ab> j'ai oublié. Trop de choses à faire ou à dire. Eh bien ! nous passerons la soirée à ne voir goutte. </ab></sp> 
                  
                  <figure>
                     <caption> <hi rend="italic">Grillon.</hi> 
                        <lb/> 
                        Ce petit insecte aime les lieux chauds et obscurs. Il adopte de préférence, en hiver, les cheminées et les fours. </caption>
                  </figure>
                  
                  <p> Les garçons se nichèrent les uns à côté des autres, comme de petits oiseaux de cheminée. Il y eut quelques poussées, quelques grogneries, ainsi qu'il se passe dans un monde où oiseaux et gens veulent avoir la meilleure place ; puis on se tassa et le calme se fit. </p>
                  
                  <pb type="page" n="7"/>
                  <fw type="header"> LE GRILLON DU FOYER. 7</fw>
                  
                  <p> Suzette prit le tisonnier, en frappa la braise : une gerbe d'étincelles monta, qui éclaira tous les visages. Et alors, comme à un signal, descendit de la cheminée une chanson joyeusement stridente*<gloss>Strident. Qui produit un son aigre.</gloss> et pressée. </p>
                  <p> C'était le grillon qui, chaque soir, vers cette heure, donnait sa jolie sérénade*<gloss>Sérénade. Concert de voix et d'instruments, ici on veut désigner le chant de l'insecte.</gloss>. </p>
                  
                  <div type="questionnaire">
                     <ab>
                        <hi rend="bold"> Questionnaire. </hi> — Quoi était l’aspect de la chambre, ce qui l'égayait et ce qui montrait qu'elle était mal tenue ? — Que direz-vous du plafond ? — Parlez des meubles de la chambre. — Quel spectacle présentait la cour par la porte entrou- 
                        <cb/>
                        verte ? — Que demanda le père à sa fille ? — Que manquait-il pour passer la soirée ? — Comment se placèrent les enfants ? — A quel moment le grillon se mit-il à chanter ?
                     </ab>
                  </div>
               </div>
               
               <div type="teacher">
                  <div type="exercice">
                     <head type="exercice"> DÉVELOPPEMENT DES SUJETS PROPOSÉS POUR EXERCICES. </head>
                     
                     <div type="français">
                        <head type="sujets"> Français. </head> 
                        
                        <ab type="question"> — Formez de petites phrases par lesquelles vous indiquerez comment étaient la chambre, les volubilis, les haricots, le bahut, les colonnes, les pols, l'horizon, l'éclat de l'étoile. <note type="reference"> (Voir COURS DE GRAMMAIRE, degré élémentaire, par E. LAPORTE, chap. Ier, page 9, 1er exercice.) </note> </ab>
                        
                        <ab type="answer"> — La chambre était malpropre. — Les volubilis étaient bleus. — Les haricots étaient rouges. — Le bahut était orné de moulures.— Les colonnes étaient cannelées. — Les pots étaient décorés. — L'horizon était presque noir. — L'éclat de l'étoile était scintillant. </ab>
                     </div>
                     
                     <div type="composition">
                        <head type="sujets"> Composition. </head> 
                        
                        <ab type="question"> — Racontez l'anecdote relative au bourgeois de Falaise et à sa lanterne. </ab>
                        
                        <ab type="answer"> Un duc de Normandie avait prescrit aux bourgeois de Falaise de ne sortir la nuit que porteurs d'une lanterne. Ils obéirent, mais leurs lanternes étaient sans chandelle. Nouvel ordre : il faut mettre une chandelle. Les bourgeois s'empressèrent de placer la chandelle là où l'ordre du duc l'indiquait, mais ils se gardèrent de l'allumer. D'où le proverbe : Il est comme le bourgeois de Falaise ; il n'allume pas sa chandelle. </ab>
                        <!-- Prompts and model or questions and answers?-->
                     </div>
                     
                     <div type="sciencesNat">
                        <head type="sujets"> Sciences naturelles. </head>
                        
                        <!-- — LE PÉTROLE. -->
                        <ab type="question"> — Ce qu'il est. — D'où on le tire. — Où sont les principales sources ou dépôts souterrains de cette huile. — Ce à quoi sert le pétrole. — Ce qu'il coûte le litre. — Ses dangers. </ab>
                        
                        <ab type="answer"> <!--<seg corresp="#mineraux">Le pétrole</seg>--> est une huile minérale qui brûle avec une belle lumière blanche. Il est le produit de la décomposition lente de plantes marines dans l'intérieur de la terre où, autrefois, elles se sont accumulées. Le liquide bitumineux qui en est résulté, s'est amassé en lacs ou a formé des ruisseaux entre les couches argileuses et les roches du sol. Si, au moyen d'une sonde, on fore un trou jusqu'à ces couches, le pétrole jaillit, mêlé à un gaz semblable à celui de l'éclairage ; dans le cas contraire, on l'extrait à l'aide d’une pompe soutenue par une charpente formée de quatre montants reliés par de solides traverses. <note> (Voir la gravure.) </note> <lb/>
                           Les principaux puits et sources de pétrole se trouvent aux États Unis, dans les vallées des monts Alleghany. On en trouve, en Europe, dans la Valachie et sur les bords de la mer Caspienne. <lb/>
                           Le pétrole sert à l'alimentation des lampes au lieu et place des huiles végétales ; il donne une lumière brillante et de moitié moins coûteuse que les autres (0 fr. 45 le litre). <lb/>
                           
                           <pb type="page" n="8"/>
                           <fw type="header"> 8 SUZETTE.</fw>
                           
                           Les vapeurs qu'il dégage continuellement sont très inflammables, et si l'on ne prend de grandes précautions, la flamme se communique au liquide et il se produit une terrible explosion.</ab>
                        
                        <!-- — LE GRILLON. -->
                        <ab type="question"> — Ce qu'il est. — Le décrire. — Où il se réfugie. </ab>
                        
                        <ab type="answer"> <!--<seg corresp="#animauxSauvages">Le grillon</seg>--> est un insecte de couleur noirâtre muni d’une double paire d'ailes et de longues antennes. Il recherche les lieux chauds et obscurs et y fait entendre, à la chute du jour, un bruit particulier dû au frottement des ailes supérieures ou élytres. On a cru longtemps que la présence du grillon portait bonheur à la maison. </ab>
                     </div>
                     
                     <div type="EconDom">              
                        <head type="sujets"> Économie domestique. </head>
                        
                        <ab type="question"> — Comment se nettoient les verres de lampes ; les bouteilles, les fioles qui ont contenu de l'huile ? — De quelles huiles se sert-on pour l'éclairage ? — Précautions à prendre avec les lampes à pétrole et à essence. </ab>
                        
                        <ab type="answer"> Pour nettoyer les verres de lampe, ainsi que les bouteilles et les fioles ayant servi à contenir des huiles ou des matières grasses, on les plonge et on les lave dans un bain d'eau tiède où l'on a fait dissoudre des cristaux de soude ; ensuite, on les essuie et les frotte avec un linge sec. Quand un verre de lampe est simplement terne, on le rend brillant en y introduisant un bâton ou une règle entourée d'un chiffon, et en les agitant vivement de haut en bas le long des parois intérieures. <lb/> 
                           Outre l'huile de pétrole, on se sert, pour l'éclairage, des huiles de navette et de colza imparfaitement épurées. <lb/>
                           En raison des dangers auxquels expose l'inflammation subite des vapeurs et de l'huile de pétrole, il faut tenir les lampes pleines surtout au moment de les allumer. Quand le liquide s'abaisse par trop, la mèche brûle jusqu'au bout ; le pétrole alors prend feu et une explosion se produit. Il est encore imprudent de remplir les lampes autrement que pendant le jour, et il est sage, dans ce cas, de se servir d’une bouteille ou d'un vase fermé par un bouchon auquel est adapté un tube étroit. <lb/>
                           Les mêmes précautions sont conseillées pour l'usage des lampes alimentées avec de l'essence. </ab>
                        
                     </div>
                  </div>
               </div>
            </div>
         </div>
      </body>
   </text>
</TEI>
