<?xml version="1.0" encoding="UTF-8"?>
<?xml-model href="http://www.tei-c.org/release/xml/tei/custom/schema/relaxng/tei_all.rng" type="application/xml" schematypens="http://relaxng.org/ns/structure/1.0"?>
<?xml-model href="http://www.tei-c.org/release/xml/tei/custom/schema/relaxng/tei_all.rng" type="application/xml"
	schematypens="http://purl.oclc.org/dsdl/schematron"?>
<TEI xmlns="http://www.tei-c.org/ns/1.0">
   <teiHeader>
      <fileDesc>
         <titleStmt>
            <title type="main">Suzette: a Digital Edition - Chapter 116</title>
            <respStmt>
               <persName>John Westbrook</persName>
               <orgName>Bucknell University</orgName>
               <resp>Editor</resp>
            </respStmt>
            <respStmt>
               <persName>Annie Girton</persName>
               <orgName>Bucknell University</orgName>
               <resp>Research Assistant and Encoder</resp>
            </respStmt>
            <respStmt>
               <persName xml:id="JAKA1">Diane Jakacki</persName>
               <orgName>Bucknell University</orgName>
               <resp>Project Manager</resp>               
            </respStmt>
         </titleStmt>
         <publicationStmt>
            <distributor>Bucknell University</distributor>
            <pubPlace>
               <address>
                  <addrLine>One Dent Drive</addrLine>
                  <addrLine>Lewisburg, PA 17837</addrLine>
               </address>
            </pubPlace>
            <availability>
               <licence>Attribution-NonCommercial-ShareAlike 4.0 International</licence>
            </availability>
         </publicationStmt>
         <sourceDesc>
            <biblStruct>
               <monogr>
                  <title>Suzette: Livre de Lecture Courante à l’Usage des Jeunes Filles. Morale—Leçon de choses, Economie Domestique – Ménage – Cuisine – Couture</title>
                  <author>Robert Halt</author>
                  <textLang>French</textLang>
                  <imprint>
                     <date>1889</date>
                     <distributor>Libraire Classique Paul Delaplane</distributor>
                     <pubPlace>Paris, France</pubPlace>
                  </imprint>
               </monogr>
            </biblStruct>
         </sourceDesc>
      </fileDesc>
           <profileDesc>
         <langUsage>
            <language ident="fra">French</language>
            <language ident="eng">English</language>
         </langUsage>
      </profileDesc>
      <encodingDesc>
         <charDecl>
            <char>
               <charName xml:id="suzette">Suzette</charName>
            </char>
            <char>
               <charName xml:id="papa">Papa</charName>
            </char>
            <char>
               <charName xml:id="la_maman">La maman</charName>
            </char>
            <char>
               <charName xml:id="jacques">Jacques</charName>            
            </char>
            <char>
               <charName xml:id="francois">François</charName>
            </char>
            <char>
               <charName xml:id="charlot">Charlot</charName>
            </char>
            <char>
               <charName xml:id="mme_valon">Mme Valon</charName>
            </char>
            <char>
               <charName xml:id="m_valon">M. Valon</charName>
            </char>
            <char>
               <charName xml:id="mme_richard">Mme Richard</charName>
            </char>
            <char>
               <charName xml:id="louis">Louis</charName>
            </char>
            <char>
               <charName xml:id="pascal">Pascal</charName>
            </char>
            <char>
               <charName xml:id="marthe">Marthe</charName>
            </char>
            <char>
               <charName xml:id="sylvain">Sylvain</charName>
            </char> 
            <char>
               <charName xml:id="ludivine">Ludivine</charName>
            </char> 
            <char>
               <charName xml:id="m_lejoly">M. Lejoly</charName>
            </char>
            <char>
               <charName xml:id="l_apiculteur">L'apiculteur</charName>
            </char>
            <char>
               <charName xml:id="la_bohemienne">La bohémienne</charName>
            </char>
            <char>
               <charName  xml:id="m_cartier">M. Cartier</charName>
            </char>
            <char>
               <charName xml:id="les_dumay">La Famille Dumay</charName>
            </char>
         </charDecl>
         <classDecl>
            <taxonomy xml:id="classification">
               <category xml:id="morale">
                  <catDesc>Morale</catDesc>
                  <category xml:id="enfantFamille">
                     <catDesc>L'enfant dans la famille</catDesc>
                  </category>
                  <category xml:id="devoirsFreresSoeurs">
                     <catDesc>Devoirs des frères et sœurs</catDesc>
                  </category>
                  <category xml:id="devoirsServiteurs">
                     <catDesc>Devoirs envers les serviteurs</catDesc>
                  </category>
                  <category xml:id="enfantEcole">
                     <catDesc>L'enfant dans l'école</catDesc>
                  </category>
                  <category xml:id="patrie">
                     <catDesc>La patrie</catDesc>
                  </category>
                  <category xml:id="devoirsSoiMeme">
                     <catDesc>Devoirs envers soi-même</catDesc>
                  </category>
                  <category xml:id="biensExterieurs">
                     <catDesc>Les biens extérieurs</catDesc>
                  </category>
                  <category xml:id="ame">
                     <catDesc>L'âme</catDesc>
                  </category>
                  <category xml:id="devoirsSemblables">
                     <catDesc>Devoirs envers nos semblables</catDesc>
                  </category>
                  <category xml:id="devoirsDieu">
                     <catDesc>Devoirs envers Dieu</catDesc>
                  </category>
               </category>
               <category xml:id="instructionCivique">
                  <catDesc>Instruction civique</catDesc>
               </category>
               <category xml:id="civilite">
                  <catDesc>Civilité</catDesc>
               </category>
               <category xml:id="francais">
                  <catDesc>Français</catDesc>
               </category>
               <category xml:id="composition">
                  <catDesc>Composition</catDesc>
                  <!--In the book Composition is followed by an (1); should that be included?-->
                  <category xml:id="recits">
                     <catDesc>Récits</catDesc>
                  </category>
                  <category xml:id="recitsHistoriques">
                     <catDesc>Récits historiques</catDesc>
                  </category>
                  <category xml:id="descriptions">
                     <catDesc>Descriptions</catDesc>
                  </category>
                  <category xml:id="sujetsMoraux">
                     <catDesc>Sujets moraux ou d'imagination</catDesc>
                  </category>
                  <category xml:id="lettres">
                     <catDesc>Lettres</catDesc>
                  </category>
               </category>
               <category xml:id="histoire">
                  <catDesc>Histoire</catDesc>
                  <!--<category xml:id="histoireNaturelle">
                     <catDesc>Histoire naturelle</catDesc>
                  </category>
                  <category xml:id="histoireTravail">
                     <catDesc>Histoire du travail</catDesc>
                  </category>-->
               </category>
               <category xml:id="geographie">
                  <catDesc>Géographie</catDesc>
                  <category xml:id="europe">
                     <catDesc>Europe</catDesc>
                  </category>
                  <category xml:id="asie">
                     <catDesc>Asie</catDesc>
                  </category>
                  <category xml:id="afrique">
                     <catDesc>Afrique</catDesc>
                  </category>
                  <category xml:id="amerique">
                     <catDesc>Amérique</catDesc>
                  </category>
                  <category xml:id="oceanie">
                     <catDesc>Océanie</catDesc>
                  </category>
                  <category xml:id="france">
                     <catDesc>France</catDesc>
                  </category>
                <!--  <category xml:id="topographie">
                     <catDesc>Topographie</catDesc>
                  </category>-->
               </category>
               <category xml:id="scienceNat">
                  <catDesc>Science Naturelles</catDesc>
                  <!--<category xml:id="geologie">
                     <catDesc>Géologie</catDesc>
                  </category>-->
                     <category xml:id="mineraux">
                        <catDesc>Minéraux</catDesc>
                     </category>
                     <!--In the book Minéraux is followed by ",etc."; should that be included?-->
                  <!--<category xml:id="botanique">
                     <catDesc>Botanique</catDesc>-->
                     <category xml:id="vegetaux">
                        <catDesc>Végétaux</catDesc>
                        <!--All of the sub-categories following this are numbered; should that be included?-->
                        <category xml:id="arbreNoncultives">
                           <catDesc>Arbres non cultivés</catDesc>
                        </category>
                        <category xml:id="herbesPlantes">
                           <catDesc>Herbes ou plantes sauvages</catDesc>
                        </category>
                        <category xml:id="arbreCultives">
                           <catDesc>Arbres cultivés</catDesc>
                        </category>
                        <category xml:id="arbustes">
                           <catDesc>Arbustes cultivés</catDesc>
                        </category>
                        <category xml:id="cereales">
                           <catDesc>Céréales</catDesc>
                        </category>
                        <category xml:id="legumesRacines">
                           <catDesc>Légumes, racines, etc.</catDesc>
                        </category>
                        <category xml:id="divers1"><!-- Avoid tagging with Divers - if necessary, create another sub-category -->
                           <catDesc>Divers</catDesc>
                        </category> 
                     </category>
                     <!--<category xml:id="physiologieVegetale">
                        <catDesc>Physiologie végétale</catDesc>
                     </category>-->
                  <!--</category>-->
                 <!-- <category xml:id="zoologie">
                     <catDesc>Zoologie</catDesc>-->
                     <category xml:id="animaux">
                        <catDesc>Animaux</catDesc>
                        <!--All of the sub-categories following this are numbered; should that be included?-->
                        <category xml:id="homme">
                           <catDesc>l'Homme</catDesc>
                        </category> <!--Homme wouldn't go under zoologie.. could we seperate it or rename this category?-->
                        <category xml:id="animauxDomestiques">
                           <catDesc>Animaux domestiques</catDesc>
                        </category>
                        <category xml:id="animauxSauvages">
                           <catDesc>Animaux sauvages</catDesc>
                        </category>
                     </category>
                     <!--<category xml:id="physiologieAnimal">
                        <catDesc>Physiologie animaux</catDesc>
                     </category>-->
                  <!--</category>-->
                  <!--<category xml:id="agriculture">
                     <catDesc>Agriculture</catDesc>
                     <category xml:id="techniquesAgricoles">
                        <catDesc>Techniques agricoles</catDesc>
                     </category>
                     <category xml:id="produits">
                        <catDesc>Produits</catDesc>
                     </category>
                     <category xml:id="outilsMachines">
                        <catDesc>Outils et machines</catDesc>
                     </category>
                     <category xml:id="recolte">
                        <catDesc>Récolte</catDesc>
                     </category>
                     <category xml:id="elevageBetail">
                        <catDesc>Élevage de bétail</catDesc>
                     </category>
                     <category xml:id="terrainAgricole">
                        <catDesc>Terrain agricole</catDesc>
                     </category>
                     <category xml:id="apiculture">
                        <catDesc>Apiculture</catDesc>
                     </category>
                  </category>-->
               </category>
               <category xml:id="sciencesPhys">
                  <catDesc>Notions relatives aux sciences physiques</catDesc>
                  <!--<category xml:id="elements">
                     <catDesc>Éléments</catDesc>-\->
                     <category xml:id="feu">
                        <catDesc>Feu</catDesc>
                     </category>
                     <!-\-Could add categories for earth/wind/air-\->
                  </category>
                  <category xml:id="meterologie">
                     <catDesc>Métérologie</catDesc>-\->
                  </category>-->
                  <!--Category for night/day cycles, seasons?-->
               </category>
               <category xml:id="industrie">
                  <catDesc>Industrie</catDesc>
                  <category xml:id="matieresObjets">
                     <catDesc>Matières et objets fabriqués</catDesc>
                  </category>
                  <category xml:id="constructions">
                     <catDesc>Constructions</catDesc>
                  </category>
                  <category xml:id="machinesAppareils">
                     <catDesc>Machines, appareils, ustensiles, vases</catDesc>
                  </category>
                  <!--Can outils go under machinesAppareils-->
                  <category xml:id="outils">
                     <catDesc>Outils</catDesc>
                  </category>
                  <category xml:id="etoffesHabillement">
                     <catDesc>Étoffes, habillement</catDesc>
                  </category>
                  <category xml:id="divers2">
                     <catDesc>Divers</catDesc>
                  </category>
               </category>
               <category xml:id="economieDomestique">
                  <catDesc>Économie Domestique</catDesc>
                  <!--<category xml:id="tachesMenageres">
                     <catDesc>Tâches ménagères</catDesc>
                  </category>-->
                  <category xml:id="alimentsCuisine">
                     <catDesc>Aliments et cuisine</catDesc>
                  </category>
                  <category xml:id="vetements1">
                     <catDesc>Vêtements</catDesc>
                  </category>
                  <category xml:id="basse-cour">
                     <catDesc>Basse-cour</catDesc>
                  </category>
                  <!--Could basse-cour be combined with scienceNat/agriculture under elevageBetail?--> 
               </category>
               <category xml:id="hygiene">
                  <catDesc>Hygiène</catDesc>
                  <category xml:id="corpsHabitations">
                     <catDesc>Corps et habitations</catDesc>
                  </category>
                  <category xml:id="vetements2">
                     <catDesc>Vêtements</catDesc>
                  </category>
                  <category xml:id="aliments">
                     <catDesc>Aliments</catDesc>
                  </category>
                  <category xml:id="maladiesRemedes">
                     <catDesc>Maladies, etc. ; remèdes</catDesc>
                  </category>
               </category>
            </taxonomy>
         </classDecl>
      </encodingDesc>
      <profileDesc>
         <settingDesc>
            <listPlace>
               <place>
                  <placeName xml:id="l_amerique">l'Amérique</placeName>
               </place>
               <place>
                  <placeName xml:id="l_oceanien">l'Oceanian</placeName>
               </place>
               <place>
                  <placeName xml:id="l_europe">l'Europe</placeName>
               </place>
               <place>
                  <placeName xml:id="l_afrique">l'Afrique</placeName>
               </place>
               <place>
                  <placeName xml:id="l_australie">l'Australie</placeName>
               </place>
               <place>
                  <placeName xml:id="la_france">la France</placeName>
               </place>
               <place>
                  <placeName xml:id="la_chine">la Chine</placeName>
               </place>
               <place>
                  <placeName xml:id="etats_unis">les États-Unis</placeName>
               </place>
               <place>
                  <placeName xml:id="l_arabe">l'Arabe</placeName>
               </place>
               <place>
                  <placeName xml:id="la_canada">la Canada</placeName>
               </place>
               <place>
                  <placeName xml:id="fragicourt">Fragicourt</placeName>
               </place>
               <place>
                  <placeName xml:id="paris">Paris</placeName>
               </place>
               <place>
                  <placeName xml:id="saint-quentin">Saint-Quentin</placeName>
               </place>
               <place>
                  <placeName xml:id="bruxelles">Bruxelles</placeName>
               </place>
               <place>
                  <placeName xml:id="boston">Boston
                  </placeName>
               </place>
               <place> 
                  <placeName xml:id="l_avre">l'Avre
                     <geogFeat>River</geogFeat>
                  </placeName> 
               </place>
               <place>
                  <placeName xml:id="la_moye">la Moye
                     <geogFeat>River</geogFeat>
                  </placeName>
               </place>
            </listPlace>
         </settingDesc>
      </profileDesc>
   </teiHeader>
   <text>
      <body>
         <!-- n is for maitresse edition, corresp is for student edition -->
         
         <div type="chapter" n="114">
            <div xml:lang="fr">
               
               <div type="student">   
                  <pb type="page" n="408"/>
                  <head> 116. — Joli succès. (Élève, p. 248.) </head>
         
                  <p> Ce que <seg ana="#animauxSauvages">les abeilles</seg> ne savent pas et que savait <persName ana="#suzette">Suzette</persName>, c'est qu'<seg ana="#constructions">une ruche</seg> dont on réussit à doubler <seg ana="#animauxSauvages">la population d'ouvrières</seg> rapporte à elle seule autant de <seg ana="#animauxSauvages">miel</seg> que trois <seg ana="#constructions">ruches</seg> à l'état ordinaire. Car il y a ainsi augmentation de travail, partant de produit, sans aggravation*<gloss>Aggravation. Augmentation.</gloss> de charges, la quantité de <seg ana="#animauxSauvages">couvain</seg> à nourrir restant la même. Et tripler <seg ana="#animauxSauvages">la population d'ouvrières</seg>, c'est quintupler*<gloss>Quintupler. Rendre cinq fois plus grand.</gloss> <seg ana="#animauxSauvages">la production du miel</seg>. </p>
                  <p> Telle est <seg ana="#scienceNat">la méthode <hi rend="italic">intensive</hi></seg> qui, scientifiquement appliquée à toutes les productions, fournirait, en <placeName ana="#la_france">France</placeName>, l'aisance à une population au moins décuple de la nôtre. </p>
                  <p> <persName ana="#suzette">Suzette</persName> soumit a l'expérience du doublement des <seg ana="#animauxSauvages">abeilles ouvrières</seg> deux de ses <seg ana="#constructions">ruches</seg>. Et ces deux donnèrent, à elles seules, autant qu'eussent produit les six, laissées à elles-mêmes : douze kilogrammes chacune, au lieu de trois ou quatre. </p>
                  <p> Tout compte fait, <seg ana="#constructions">le rucher</seg>, dès cette première année d'essai, procura soixante-dix francs. Il en promettait le double pour l'année prochaine, par <seg ana="#animauxSauvages">les essaims</seg> issus des premiers. </p>
                  <p> C'était une ressource toute nouvelle dont la création avait été plutôt un passe-temps qu'un travail ; ce qui faisait dire plaisamment à <persName ana="#suzette">la jeune fermière</persName> qu'elle avait gagné cet argent à regarder voler les mouches. </p>
                  <p> Il est vrai, qu'avec ce spectacle, elle s'était donné également le plaisir de promenades à <placeName ana="#saint-quentin">Saint-Quentin</placeName>, le samedi. Elle avait porté son <seg ana="#animauxSauvages">miel d'or</seg> aux belles dames de la ville, en compagnie des autres friandises auxquelles elles s'étaient si bien faites dès le premier jour.</p>
                  
                  <pb type="page" n="409"/>   
                  <fw type="header"> JOLI SUCCÈS. 409 </fw>
         
                  <div type="questionnaire">
                     <ab>
                        <hi rend="bold"> Questionnaire. </hi> — Que connaissait Suzette des avantages qu'il y a à augmenter la population des ruches ? — Quel serait pour la France le profit de cette méthode ? — Quel béné-
                        <cb/>
                        fice tira Suzette de l'application de la méthode intensive ? — Que disait-elle de cette nouvelle ressource ? — Pourquoi était-elle allée plus souvent à Saint-Quentin ?
                     </ab>
                  </div>
               </div>
               
               <div type="teacher">
                  <div type="exercice">
                     <head type="exercice"> DÉVELOPPEMENT DES SUJETS PROPOSÉS POUR EXERCICES. </head>
                     
                     <div type="sciencesNat">
                        <head type="sujets"> Sciences naturelles. </head> 
                        
                        <!--—<seg corresp="#animauxSauvages">LE MIEL.</seg>-->
                        <ab type="question"> — Expliquer ce qu'est ce produit. — Comment doit-on s'y prendre pour le recueillir dans les ruches ? — Comment est-il extrait des rayons et mis en vente ? — Quel est le meilleur miel ? </ab>
                        
                        <ab type="answer"> Le <seg corresp="#animauxSauvages">miel</seg> est une substance liquide et sucrée que les abeilles pompent dans les fleurs ou recueillent sur les feuilles des plantes. Elles l'apportent dans leur estomac et le dégorgent dans des cellules pour le conserver ; il est destiné à la consommation journalière des habitantes de la ruche, et doit aussi servir de réserve pour l’époque où les plantes n'en fourniront plus. <lb/>
                        La principale récolte du miel a lieu en mai, en juin ou en juillet, suivant les localités. On opère la taille des gâteaux dans des conditions plus on moins fortes, selon la quantité du miel préparé et l'état de la saison. Seulement, les abeilles ne verraient pas sans colère cette violation de leur domicile et ce vol de leurs provisions d'hiver. Pour s'emparer des gâteaux de miel qui remplissent la ruche, il faut mettre ces insectes irritables hors d'état de nuire. On y parvient, on les rend paisibles en les enfumant. On envoie pour cela de la fumée de chiffons, dans l'intérieur de la ruche, à l'aide d'un soufflet de forme particulière ; les abeilles s'agitent, se redressent sur leurs pattes de derrière ; on peut alors faire ce que l'on veut, c'est-à-dire tailler les rayons, sans qu'elles s'inquiètent ; seulement, il ne faut pas trop faire durer la chose, parce qu'on pourrait asphyxier ces utiles insectes. <lb/>
                        On extrait le miel des rayons en les faisant égoutter au-dessus d'un vase, et ce miel, dit <seg corresp="#animauxSauvages">miel vierge</seg>, est le meilleur. Ce qui reste adhérent à la cire s'obtient en faisant fondre les gâteaux ; le miel surnage et il est facile de le recueillir. On met cette substance en vente, soit en rayons, soit renfermé dans des pots de verre. </ab>
                        
                        <!--<seg corresp="#animauxSauvages">LA CIRE.</seg>--> 
                        <ab type="question"> — Indiquer d'où elle provient. — Qu'est-elle dans les rayons ? — Comment est-elle blanchie lorsqu'on l'a moulée en pains ? </ab>
         
                        <ab type="answer"> La <seg corresp="#animauxSauvages">cire</seg> est un produit sécrété par l'insecte, et non le simple pollen recueilli dans les fleurs. On aperçoit très bien les petites plaques de cire en soulevant un peu les derniers anneaux du ventre de l'abeille. Cette matière sert à la confection des alvéoles où les insectes de la ruche déposent le miel et les œufs que pond seule la reine. <note type="reference">(FIGUIER, Les insectes.)</note> <lb/>
                        Chaque alvéole constitue un petit godet à six pans, fermé d'un côté, et la masse des alvéoles réunis en double couche constitue les gâteaux.
                        On blanchit la cire en l'exposant à la lumière du soleil et à la fraîcheur des nuits sous forme de copeaux très minces ou en la traitant par certains acides. </ab>
                     </div>
                     
                     <div type="industrie">
                        <head type="sujets"> Industrie. </head> 
                        
                        <ab type="question"> — Indiquer comment on fabrique les bougies et les cierges avec de la cire. — Quelle substance remplace presque toujours la cire, pour la fabrication des bougies, depuis quelques années ? </ab>
                        
                        <ab type="answer"> On fabrique les bougies au moyen de moules de fer-blanc ou d'étain à la base desquels est adaptée une moitié de tuyau servant d'enton-
         
                           <pb type="page" n="410"/>   
                           <fw type="header"> 410 SUZETTE. </fw>
         
                        noir à la matière liquide. Chaque moule est garni en son milieu vertical d'une mèche tressée, fixée en bas par un nœud et en haut par une cheville de bois posée de travers. La cire en fusion, versée dans le tuyau supérieur, remplit les moules où elle se fige et donne les bougies. <lb/>
                        La fabrication des cierges a lieu de la même manière. <lb/>
                        On remplace la cire, dans la fabrication des bougies, par du suif qu'on purifie pour le débarrasser de son infecte odeur et de la matière huileuse qu'il renferme ; on se sert, dans cette opération, d'eau de chaux à laquelle on ajoute en second lieu de l'acide sulfurique. Après ce traitement, le suif prend une consistance ferme et il est d'une blancheur parfaite ; on le désigne alors sous le nom de <term type="cire">stéarine</term>. Les bougies de l’<term type="cire">Etoile</term>, si connues, sont fabriquées avec cette substance. </ab>
                     </div>
                     
                     <div type="EconDom">
                        <head type="sujets"> Économie domestique. </head>
                        
                        <ab type="question"> — Usages du miel dans la médecine domestique. — Que le boisson fabrique-t-on avec ce produit ? — Donnez quelques détails sur l'hydromel. — Prix, à ce moment, soit au marché, soit chez les épiciers, du demi-kilogramme de miel en rayons et de miel en pots, qualité ordinaire. — Usages de la cire dans, le ménage. </ab>
                        
                        <ab type="answer"> On emploi le miel, au lieu de sucre, dans les tisanes rafraîchissantes à l'orge et au chiendent. <lb/>
                        On fabrique avec le miel une boisson, l'<seg corresp="#alimentsCuisine">hydromel</seg>, qui était en grande faveur chez nos pères, les Gaulois. A cet effet, on prend huit litres d'eau et un de bon miel ; on fait bouillir le tout jusqu'à ce que ce mélange soit réduit de moitié, et l'on y ajoute à la fin un peu d'eau-de-vie. Le liquide étant refroidi, on le met en bouteilles, et il peut être gardé de dix à douze ans. <lb/>
                        Dans le ménage, la cire sert à donner du brillant aux parquets et aux meubles. On les frotte avec des pains de cette substance, et l'on passe la brosse sur la surface ainsi enduite jusqu'à ce que la cire soit également étendue ; il ne reste plus qu'à frotter en second lieu avec un chiffon ou une peau souple. </ab>
                     </div>
                  </div>
               </div>
            </div>
         </div>
      </body>
  </text>
</TEI>
