<?xml version="1.0" encoding="UTF-8"?>
<?xml-model href="http://www.tei-c.org/release/xml/tei/custom/schema/relaxng/tei_all.rng" type="application/xml" schematypens="http://relaxng.org/ns/structure/1.0"?>
<?xml-model href="http://www.tei-c.org/release/xml/tei/custom/schema/relaxng/tei_all.rng" type="application/xml"
	schematypens="http://purl.oclc.org/dsdl/schematron"?>
<TEI xmlns="http://www.tei-c.org/ns/1.0">
   <teiHeader>
      <fileDesc>
         <titleStmt>
            <title type="main">Suzette: a Digital Edition - Chapter 42</title>
            <respStmt>
               <persName>John Westbrook</persName>
               <orgName>Bucknell University</orgName>
               <resp>Editor</resp>
            </respStmt>
            <respStmt>
               <persName>Annie Girton</persName>
               <orgName>Bucknell University</orgName>
               <resp>Research Assistant and Encoder</resp>
            </respStmt>
            <respStmt>
               <persName xml:id="JAKA1">Diane Jakacki</persName>
               <orgName>Bucknell University</orgName>
               <resp>Project Manager</resp>               
            </respStmt>
         </titleStmt>
         <publicationStmt>
            <distributor>Bucknell University</distributor>
            <pubPlace>
               <address>
                  <addrLine>One Dent Drive</addrLine>
                  <addrLine>Lewisburg, PA 17837</addrLine>
               </address>
            </pubPlace>
            <availability>
               <licence>Attribution-NonCommercial-ShareAlike 4.0 International</licence>
            </availability>
         </publicationStmt>
         <sourceDesc>
            <biblStruct>
               <monogr>
                  <title>Suzette: Livre de Lecture Courante à l’Usage des Jeunes Filles. Morale—Leçon de choses, Economie Domestique – Ménage – Cuisine – Couture</title>
                  <author>Robert Halt</author>
                  <textLang>French</textLang>
                  <imprint>
                     <date>1889</date>
                     <distributor>Libraire Classique Paul Delaplane</distributor>
                     <pubPlace>Paris, France</pubPlace>
                  </imprint>
               </monogr>
            </biblStruct>
         </sourceDesc>
      </fileDesc>
      <profileDesc>
         <langUsage>
            <language ident="fra">French</language>
            <language ident="eng">English</language>
         </langUsage>
      </profileDesc>
      <encodingDesc>
         <charDecl>
            <char>
               <charName xml:id="suzette">Suzette</charName>
            </char>
            <char>
               <charName xml:id="papa">Papa</charName>
            </char>
            <char>
               <charName xml:id="la_maman">La maman</charName>
            </char>
            <char>
               <charName xml:id="jacques">Jacques</charName>            
            </char>
            <char>
               <charName xml:id="francois">François</charName>
            </char>
            <char>
               <charName xml:id="charlot">Charlot</charName>
            </char>
            <char>
               <charName xml:id="mme_valon">Mme Valon</charName>
            </char>
            <char>
               <charName xml:id="m_valon">M. Valon</charName>
            </char>
            <char>
               <charName xml:id="mme_richard">Mme Richard</charName>
            </char>
            <char>
               <charName xml:id="louis">Louis</charName>
            </char>
            <char>
               <charName xml:id="pascal">Pascal</charName>
            </char>
            <char>
               <charName xml:id="marthe">Marthe</charName>
            </char>
            <char>
               <charName xml:id="sylvain">Sylvain</charName>
            </char> 
            <char>
               <charName xml:id="ludivine">Ludivine</charName>
            </char> 
            <char>
               <charName xml:id="m_lejoly">M. Lejoly</charName>
            </char>
            <char>
               <charName xml:id="l_apiculteur">L'apiculteur</charName>
            </char>
            <char>
               <charName xml:id="la_bohemienne">La bohémienne</charName>
            </char>
            <char>
               <charName  xml:id="m_cartier">M. Cartier</charName>
            </char>
            <char>
               <charName xml:id="les_dumay">La Famille Dumay</charName>
            </char>
         </charDecl>
         <classDecl>
            <taxonomy xml:id="classification">
               <category xml:id="morale">
                  <catDesc>Morale</catDesc>
                  <category xml:id="enfantFamille">
                     <catDesc>L'enfant dans la famille</catDesc>
                  </category>
                  <category xml:id="devoirsFreresSoeurs">
                     <catDesc>Devoirs des frères et sœurs</catDesc>
                  </category>
                  <category xml:id="devoirsServiteurs">
                     <catDesc>Devoirs envers les serviteurs</catDesc>
                  </category>
                  <category xml:id="enfantEcole">
                     <catDesc>L'enfant dans l'école</catDesc>
                  </category>
                  <category xml:id="patrie">
                     <catDesc>La patrie</catDesc>
                  </category>
                  <category xml:id="devoirsSoiMeme">
                     <catDesc>Devoirs envers soi-même</catDesc>
                  </category>
                  <category xml:id="biensExterieurs">
                     <catDesc>Les biens extérieurs</catDesc>
                  </category>
                  <category xml:id="ame">
                     <catDesc>L'âme</catDesc>
                  </category>
                  <category xml:id="devoirsSemblables">
                     <catDesc>Devoirs envers nos semblables</catDesc>
                  </category>
                  <category xml:id="devoirsDieu">
                     <catDesc>Devoirs envers Dieu</catDesc>
                  </category>
               </category>
               <category xml:id="instructionCivique">
                  <catDesc>Instruction civique</catDesc>
               </category>
               <category xml:id="civilite">
                  <catDesc>Civilité</catDesc>
               </category>
               <category xml:id="francais">
                  <catDesc>Français</catDesc>
               </category>
               <category xml:id="composition">
                  <catDesc>Composition</catDesc>
                  <!--In the book Composition is followed by an (1); should that be included?-->
                  <category xml:id="recits">
                     <catDesc>Récits</catDesc>
                  </category>
                  <category xml:id="recitsHistoriques">
                     <catDesc>Récits historiques</catDesc>
                  </category>
                  <category xml:id="descriptions">
                     <catDesc>Descriptions</catDesc>
                  </category>
                  <category xml:id="sujetsMoraux">
                     <catDesc>Sujets moraux ou d'imagination</catDesc>
                  </category>
                  <category xml:id="lettres">
                     <catDesc>Lettres</catDesc>
                  </category>
               </category>
               <category xml:id="histoire">
                  <catDesc>Histoire</catDesc>
                  <!--<category xml:id="histoireNaturelle">
                     <catDesc>Histoire naturelle</catDesc>
                  </category>
                  <category xml:id="histoireTravail">
                     <catDesc>Histoire du travail</catDesc>
                  </category>-->
               </category>
               <category xml:id="geographie">
                  <catDesc>Géographie</catDesc>
                  <category xml:id="europe">
                     <catDesc>Europe</catDesc>
                  </category>
                  <category xml:id="asie">
                     <catDesc>Asie</catDesc>
                  </category>
                  <category xml:id="afrique">
                     <catDesc>Afrique</catDesc>
                  </category>
                  <category xml:id="amerique">
                     <catDesc>Amérique</catDesc>
                  </category>
                  <category xml:id="oceanie">
                     <catDesc>Océanie</catDesc>
                  </category>
                  <category xml:id="france">
                     <catDesc>France</catDesc>
                  </category>
                <!--  <category xml:id="topographie">
                     <catDesc>Topographie</catDesc>
                  </category>-->
               </category>
               <category xml:id="scienceNat">
                  <catDesc>Science Naturelles</catDesc>
                  <!--<category xml:id="geologie">
                     <catDesc>Géologie</catDesc>
                  </category>-->
                     <category xml:id="mineraux">
                        <catDesc>Minéraux</catDesc>
                     </category>
                     <!--In the book Minéraux is followed by ",etc."; should that be included?-->
                  <!--<category xml:id="botanique">
                     <catDesc>Botanique</catDesc>-->
                     <category xml:id="vegetaux">
                        <catDesc>Végétaux</catDesc>
                        <!--All of the sub-categories following this are numbered; should that be included?-->
                        <category xml:id="arbreNoncultives">
                           <catDesc>Arbres non cultivés</catDesc>
                        </category>
                        <category xml:id="herbesPlantes">
                           <catDesc>Herbes ou plantes sauvages</catDesc>
                        </category>
                        <category xml:id="arbreCultives">
                           <catDesc>Arbres cultivés</catDesc>
                        </category>
                        <category xml:id="arbustes">
                           <catDesc>Arbustes cultivés</catDesc>
                        </category>
                        <category xml:id="cereales">
                           <catDesc>Céréales</catDesc>
                        </category>
                        <category xml:id="legumesRacines">
                           <catDesc>Légumes, racines, etc.</catDesc>
                        </category>
                        <category xml:id="divers1"><!-- Avoid tagging with Divers - if necessary, create another sub-category -->
                           <catDesc>Divers</catDesc>
                        </category> 
                     </category>
                     <!--<category xml:id="physiologieVegetale">
                        <catDesc>Physiologie végétale</catDesc>
                     </category>-->
                  <!--</category>-->
                 <!-- <category xml:id="zoologie">
                     <catDesc>Zoologie</catDesc>-->
                     <category xml:id="animaux">
                        <catDesc>Animaux</catDesc>
                        <!--All of the sub-categories following this are numbered; should that be included?-->
                        <category xml:id="homme">
                           <catDesc>l'Homme</catDesc>
                        </category> <!--Homme wouldn't go under zoologie.. could we seperate it or rename this category?-->
                        <category xml:id="animauxDomestiques">
                           <catDesc>Animaux domestiques</catDesc>
                        </category>
                        <category xml:id="animauxSauvages">
                           <catDesc>Animaux sauvages</catDesc>
                        </category>
                     </category>
                     <!--<category xml:id="physiologieAnimal">
                        <catDesc>Physiologie animaux</catDesc>
                     </category>-->
                  <!--</category>-->
                  <!--<category xml:id="agriculture">
                     <catDesc>Agriculture</catDesc>
                     <category xml:id="techniquesAgricoles">
                        <catDesc>Techniques agricoles</catDesc>
                     </category>
                     <category xml:id="produits">
                        <catDesc>Produits</catDesc>
                     </category>
                     <category xml:id="outilsMachines">
                        <catDesc>Outils et machines</catDesc>
                     </category>
                     <category xml:id="recolte">
                        <catDesc>Récolte</catDesc>
                     </category>
                     <category xml:id="elevageBetail">
                        <catDesc>Élevage de bétail</catDesc>
                     </category>
                     <category xml:id="terrainAgricole">
                        <catDesc>Terrain agricole</catDesc>
                     </category>
                     <category xml:id="apiculture">
                        <catDesc>Apiculture</catDesc>
                     </category>
                  </category>-->
               </category>
               <category xml:id="sciencesPhys">
                  <catDesc>Notions relatives aux sciences physiques</catDesc>
                  <!--<category xml:id="elements">
                     <catDesc>Éléments</catDesc>-\->
                     <category xml:id="feu">
                        <catDesc>Feu</catDesc>
                     </category>
                     <!-\-Could add categories for earth/wind/air-\->
                  </category>
                  <category xml:id="meterologie">
                     <catDesc>Métérologie</catDesc>-\->
                  </category>-->
                  <!--Category for night/day cycles, seasons?-->
               </category>
               <category xml:id="industrie">
                  <catDesc>Industrie</catDesc>
                  <category xml:id="matieresObjets">
                     <catDesc>Matières et objets fabriqués</catDesc>
                  </category>
                  <category xml:id="constructions">
                     <catDesc>Constructions</catDesc>
                  </category>
                  <category xml:id="machinesAppareils">
                     <catDesc>Machines, appareils, ustensiles, vases</catDesc>
                  </category>
                  <!--Can outils go under machinesAppareils-->
                  <category xml:id="outils">
                     <catDesc>Outils</catDesc>
                  </category>
                  <category xml:id="etoffesHabillement">
                     <catDesc>Étoffes, habillement</catDesc>
                  </category>
                  <category xml:id="divers2">
                     <catDesc>Divers</catDesc>
                  </category>
               </category>
               <category xml:id="economieDomestique">
                  <catDesc>Économie Domestique</catDesc>
                  <!--<category xml:id="tachesMenageres">
                     <catDesc>Tâches ménagères</catDesc>
                  </category>-->
                  <category xml:id="alimentsCuisine">
                     <catDesc>Aliments et cuisine</catDesc>
                  </category>
                  <category xml:id="vetements1">
                     <catDesc>Vêtements</catDesc>
                  </category>
                  <category xml:id="basse-cour">
                     <catDesc>Basse-cour</catDesc>
                  </category>
                  <!--Could basse-cour be combined with scienceNat/agriculture under elevageBetail?--> 
               </category>
               <category xml:id="hygiene">
                  <catDesc>Hygiène</catDesc>
                  <category xml:id="corpsHabitations">
                     <catDesc>Corps et habitations</catDesc>
                  </category>
                  <category xml:id="vetements2">
                     <catDesc>Vêtements</catDesc>
                  </category>
                  <category xml:id="aliments">
                     <catDesc>Aliments</catDesc>
                  </category>
                  <category xml:id="maladiesRemedes">
                     <catDesc>Maladies, etc. ; remèdes</catDesc>
                  </category>
               </category>
            </taxonomy>
         </classDecl>
      </encodingDesc>
      <profileDesc>
         <settingDesc>
            <listPlace>
               <place>
                  <placeName xml:id="l_amerique">l'Amérique</placeName>
               </place>
               <place>
                  <placeName xml:id="l_oceanien">l'Oceanian</placeName>
               </place>
               <place>
                  <placeName xml:id="l_europe">l'Europe</placeName>
               </place>
               <place>
                  <placeName xml:id="l_afrique">l'Afrique</placeName>
               </place>
               <place>
                  <placeName xml:id="l_australie">l'Australie</placeName>
               </place>
               <place>
                  <placeName xml:id="la_france">la France</placeName>
               </place>
               <place>
                  <placeName xml:id="la_chine">la Chine</placeName>
               </place>
               <place>
                  <placeName xml:id="etats_unis">les États-Unis</placeName>
               </place>
               <place>
                  <placeName xml:id="l_arabe">l'Arabe</placeName>
               </place>
               <place>
                  <placeName xml:id="la_canada">la Canada</placeName>
               </place>
               <place>
                  <placeName xml:id="fragicourt">Fragicourt</placeName>
               </place>
               <place>
                  <placeName xml:id="paris">Paris</placeName>
               </place>
               <place>
                  <placeName xml:id="bruxelles">Bruxelles</placeName>
               </place>
               <place>
                  <placeName xml:id="boston">Boston
                  </placeName>
               </place>
               <place> 
                  <placeName xml:id="l_avre">l'Avre
                     <geogFeat>River</geogFeat>
                  </placeName> 
               </place>
               <place>
                  <placeName xml:id="la_moye">la Moye
                     <geogFeat>River</geogFeat>
                  </placeName>
               </place>
            </listPlace>
         </settingDesc>
      </profileDesc>
   </teiHeader>
   <text>
      <body>
         <!-- n is for maitresse edition, corresp is for student edition -->
         
         <div type="chapter" n="42">
            <div xml:lang="fr">
               <div type="student">
                  
                  <pb type="page" n="146"/>
                  <head> 42. — Luttons ! (Élève, p. 93.) </head>
                  
                  <sp><speaker>Jacques</speaker><ab> — Diable ! </ab></sp> <stage> dit <persName ana="jacques">Jacques</persName> dès le premier regard, </stage> <sp><speaker>Jacques</speaker><ab> voilà <seg ana="#animauxSauvages">la larve*<gloss>Larve. L'insecte dans l'état où il est à partir de sa sortie de l'œuf jusqu'à sa transformation.</gloss> du hanneton</seg> qui fait son entrée chez nous. </ab></sp>
                  <p> D'<seg ana="#scienceNat">un coup de bèche</seg> il enleva une <seg ana="#legumesRacines">des betteraves</seg> <seg ana="#maladiesRemedes">mortes</seg> et <seg ana="#scienceNat">une pelletée de terre</seg> où s'étalait une grosse <seg ana="#animauxSauvages">chenille</seg> blanc sale, à <seg ana="#animaux">tête</seg> rousse, à <seg ana="#animaux">pattes</seg> noires, <seg ana="#animauxSauvages">une larve de hanneton</seg>, la plus terrible des <seg ana="#scienceNat">ravageuses</seg>. </p>
                  
                  <figure> 
                     <caption> <hi rend="italic">Le hanneton et sa larve.</hi>
                        <lb/>
                        Le hanneton est un des plus grands fléaux de nos vergers, de nos jardins maraîchers, de nos cultures en général. A l'état de larve (ver blanc), il vit sous terre et se nourrit des racines de toutes les plantes ; à l'état de hanneton, il vit dans les airs et ronge les feuilles des arbres. Il faut détruire impitoyablement les hannetons. </caption>
                  </figure>
                  
                  <p> Quatre nouveaux <seg ana="#scienceNat">coups de bêche</seg> en amenèrent deux autres. <persName ana="jacques">Jacques</persName>, ayant ensuite jeté les yeux aux environs, montra de la main <seg ana="#scienceNat">un champ de betteraves</seg> confinant au sien et où les tristes <seg ana="#vegetaux">feuilles penchées</seg> se voyaient en bon nombre. </p>
                  <sp><speaker>Jacques</speaker><ab> — L'ennemi vient de là ! </ab></sp>
                  <p> <persName ana="suzette">Suzette</persName> et <persName ana="charlot">Charlot</persName> regardèrent d'un air consterné*<gloss>Consterné. Dans un étonnement douloureux.</gloss>. </p>
                  <sp><speaker>Jacques</speaker><ab> — Ah ! </ab></sp> <stage> reprit-il, </stage> <sp><speaker>Jacques</speaker><ab> quelle bataille que celle de la vie ! Il est vrai que sans les nécessités de l'éternelle lutte, nous passerions notre existence couchés sur le dos, sommeillant, indifférents à tout, sans force même pour <seg ana="#scienceNat">chasser</seg> <seg ana="#animauxSauvages">les mouches</seg>. </ab></sp>
                  
                     <pb type="page" n="147"/>   
                     <fw type="header"> LUTTONS! 147 </fw>
                  
                  <sp><speaker>Suzette</speaker><ab> — Comment arrêter l'invasion*<gloss>Invasion. Entrée dans un pays pour le ravager, le piller.</gloss> de cet ennemi ? </ab></sp> <stage>dit <persName ana="#suzette">Suzette</persName>.</stage>
                  <sp><speaker>Jacques</speaker><ab> — Impossible de l'arrêter ; tout est perdu, <persName ana="suzette">ma chère</persName>. Il n'y a plus qu’à <seg ana="#scienceNat">bêcher</seg> profondément, à <seg ana="#scienceNat">mettre à l’air</seg> <seg ana="#animaux">les larves</seg> pour les détruire, et à <seg ana="#scienceNat">repiquer</seg>*<gloss>Repiquer. Déplanter et replanter ailleurs de jeunes plants.</gloss>, à la place <seg ana="#legumesRacines">des betteraves</seg>, quelque autre <seg ana="#vegetaux">plante tardive</seg>. </ab></sp>
                  <p> Peu de jours après, <persName ana="#m_lejoly">M. Florentin Lejoly</persName> se promenant par là, la canne à la main, le cigare aux lèvres, s'arrêta devant <!--<persName>les Dumay</persName>-->, qu'il vit très occupés à un travail nouveau : </p>
                  <sp><speaker>M. Lejoly</speaker><ab> — Eh ! eh ! que fait-on là ? </ab></sp>
                  <sp><speaker>Papa</speaker><ab> — On <seg ana="#scienceNat">repique</seg> <seg ana="#legumesRacines">des choux de <placeName ana="#bruxelles">Bruxelles</placeName></seg>, </ab></sp> <stage> répondit <persName ana="#papa">le père</persName>. </stage>
                  <p> <seg ana="#legumesRacines">Le chou de <placeName ana="#bruxelles">Bruxelles</placeName></seg>, qui n'est pas du tout de <placeName ana="#bruxelles">Bruxelles</placeName>, et qui ressemble à un petit <seg ana="#legumesRacines">chou de poupée</seg>, n'avait pas l'honneur d'être connu de <persName ana="#m_lejoly">M. Florentin Lejoly</persName>. </p>
                  
                  <figure> 
                     <caption> <hi rend="italic">Chou de Bruxelles.</hi>
                        <lb/>
                        Plante potagère qui constitue un légume très délicat. </caption>
                  </figure>
                  
                  <sp><speaker>M. Lejoly</speaker><ab> — Tiens ! dit-il, c'est original, <seg ana="#scienceNat">planter</seg> <seg ana="#legumesRacines">des choux</seg> parmi <seg ana="#legumesRacines">les betteraves</seg> ; ça ne s'est pas encore vu à <placeName ana="#fragicourt">Fragicourt</placeName>. </ab></sp>
                  <sp><speaker>Papa</speaker><ab> — Oui, </ab></sp> <stage> dit <persName ana="#papa">M. Dumay</persName> assez sèchement, </stage> <sp><speaker>Papa</speaker><ab> c’est vrai qu’à <placeName ana="#fragicourt">Fragicourt</placeName>, quand <seg ana="#vegetaux">le ver blanc</seg> détruit <seg ana="#scienceNat">une récolte</seg>, on se contente de se lamenter, et de laisser <seg ana="#vegetaux">chômer</seg>*<gloss>Chômer. Rester sans produire.</gloss> <seg ana="#scienceNat">la terre</seg> ; le destructeur a le dernier. Mais il y a des gens plus malins qui remplacent le perdu par du gagné. Et vous devriez bien être de ceux-là ! Regardez un peu vos <seg ana="#legumesRacines">betteraves</seg>, là à côté, toutes <seg ana="#vegetaux">flétries</seg>. C'est d'elles qu'est venu le ravage des nôtres ! Riche comme vous l'êtes, vous devriez rougir d'une pareille incurie*<gloss>Incurie. Négligence persistante.</gloss> ! </ab></sp>
                  <p> Tout enchanté qu'on reconnût sa richesse, <persName ana="#m_lejoly">M. Florentin Lejoly</persName> se mit à sourire ; </p>
                  <sp><speaker>M. Lejoly</speaker><ab> — Vous entendez bien, </ab></sp> <stage> répondit-il, </stage> <sp><speaker>M. Lejoly</speaker><ab> qu'un homme comme moi n'a pas à s'occuper d'<seg ana="#scienceNat">un champ de betteraves</seg> malade, et d'autant moins que je l'ai loué, ce <seg ana="#scienceNat">champ</seg>. Adressez-vous à mon locataire. </ab></sp>
                  <p>  Là-dessus, <persName ana="#m_lejoly">M. Florentin Lejoly</persName> envoya au ciel une bouffée de cigare, puis un bonjour à la compagnie et
                  
                     <pb type="page" n="148"/>   
                     <fw type="header"> 148 SUZETTE. </fw>
                  
                  s'en alla en se dandinant, pendant que <persName ana="#papa">M. Dumay</persName> murmurait entre ses dents une vieille histoire : malgré lui, pour quelques centaines de francs de plus qu'il n'en offrait, <persName ana="#mme_richard">sa sœur, Jeanne Dumay</persName>, mariée à un Parisien qui la menait, avait jadis vendu au père de <persName ana="#m_lejoly">Lejoly</persName> cette <seg ana="#scienceNat">terre</seg>, bon morceau de l'héritage paternel, aujourd'hui <seg ana="#scienceNat">terre de perdition</seg>*<gloss>Perdition. Qui cause du dégât.</gloss>. </p>
                  <p> Pour cela, pour quelques autres raisons d'intérêt, on s'était brouillés. Et comme il y a loin de <placeName ana="#fragicourt">Fragicourt</placeName> à <placeName ana="#paris">Paris</placeName>, où demeurait <persName ana="#mme_richard">la sœur</persName>, la brouille durait encore. </p>
                  <p> <persName ana="#jacques">Jacques</persName> et <persName ana="suzette">Suzette</persName> se taisaient, sachant la peine de <persName ana="#papa">leur père</persName> à ces tristes souvenirs dont il ne parlait jamais qu'aux heures d'ennui. </p>
                  
                  <div type="questionnaire">
                     <ab>
                        <hi rend="bold"> Questionnaire. </hi> — Comment Jacques s'assura-t-il de la présence de la larve du hanneton ? — Qu'aperçut-il dans le champ voisin ? — Qu'en conclut-il et quelle réflexion lui suggéra ce malheur ? — Qu'y avait-il à faire alors ? — Qui passa près du champ des Dumay
                        <cb/>
                        quelques jours après, et qu'y vit-il ? — Qu'est-ce que le chou de Bruxelles ? — Reproduisez la réflexion désobligeante de Lejoly et la sage réponse de M. Dumay. — Que pensez-vous de Lejoly ? — Comment la pièce de terre était-elle arrivée en sa possession ?
                     </ab>
                  </div>
               </div>
               
               <div type="teacher">
                  <div type="exercice">
                     <head type="exercice"> DÉVELOPPEMENT DES SUJETS PROPOSÉS POUR EXERCICES. </head>
                     
                     <div type="morale">
                        <head type="sujets"> Morale. </head> 
                        
                        <ab type="question"> — Quelles personnes ont des manières naturelles ? — A quoi reconnait-on qu'une jeune fille est prétentieuse ? — De quelles gens se moque-t-on le plus et toujours ? — Quelles qualités manquent aux personnes prétentieuses ? </ab>
                        
                        <ab type="answer"> On a des <seg corresp="#ame">manières naturelles</seg> lorsque notre façon d'agir, de nous tenir, de parler est en parfaite harmonie avec les convenances d'abord, puis avec notre situation, notre âge, notre sexe. Ces manières, à la fois discrètes et mesurées, ont pour qualité première de n'attirer l'attention de personne : elles plaisent, elles sont agréables, mais avec une teinte de modestie qui leur donne un mérite de plus. <lb/>
                           Une jeune fille <seg corresp="#ame">prétentieuse</seg>, et Dieu sait si l'espèce en est rare, cherche à se distinguer des autres et à paraître au-dessus d'elles par une façon particulière de s'exprimer, de marcher, de porter la tête, qui traduit un orgueil niais avec l'imitation maladroite ou plutôt la caricature des manières en usage dans la haute société. Elle a l'air hardi, les lèvres pincées, la voix tranchante ou ridiculement mielleuse, des gestes forcés qui sont parfois extrêmement comiques et provoquent le sourire à bon droit. <lb/>
                        On a toujours constaté que les personnes prétentieuses sont égoïstes, ignorantes et dépourvues de tact. </ab>
                     </div>
                     
                     <div type="composition">
                        <head type="sujets"> Composition. </head>
                        
                        <!--<term> — LE LAPIN. </term> -->
                        <ab type="question"> — Décrire le lapin. — Où vit-il et comment se nourrit-il ? — Quelles ressources diverses tirons-nous de cet animal ? — Pourquoi, dans les campagnes, a-t-on intérêt à élever des lapins ? — Qu'entend-on par garenne ; par lapin de garenne ? <note type="reference"> (Voir le COURS DE COMPOSITION FRANÇAISE (Degré élémentaire et moyen) de E. LAPORTE, Partie du maître, page 126.) </note> </ab> 
                        <!--The answer (reference directions) is not seperated from the question-->
                     </div>
                  
                        <pb type="page" n="149"/>   
                        <fw type="header"> LUTTONS ! 149 </fw>
                  
                     <div type="sciencesNat">
                        <head type="sujets"> Sciences naturelles. </head>
                        
                        <!--<term> — LE HANNETON. </term> -->
                        <ab type="question"> — Qu'est-ce que le hanneton ? — Sous quels états se montre-t-il successivement ? — A quelle époque de l'année apparait-il ? — Que doit-on faire alors ? — Sous quelle forme est-il le plus à redouter ? — Parler des ravages qu'il commet. — Décrire la betterave. — Diverses sortes de betteraves. — Usages de cette plante : les indiquer seulement. </ab>
                        
                        <ab type="answer"> <seg corresp="#animauxSauvages">Le hanneton</seg> est un insecte muni de fortes mandibules ou mâchoires et pourvu de deux paires d'ailes dont la supérieure forme une espèce de bouclier dur et corné qu'on désigne sous le nom d'<term type="hanneton">élytres</term>. <lb/>
                        De l'œuf du hanneton naît une larve d'un gris blanchâtre qui reste trois ans dans la terre et y vit aux dépens des racines des plantes : c'est un des fléaux de l'agriculture. L'insecte parfait apparaît aux premiers jours du printemps et ronge les premières feuilles des arbres ; parfois, il est tellement multiplié qu'il cause de véritables désastres. Il faut le détruire sans pitié, et l'on recommande aux enfants des campagnes de lui faire, dans la saison, une chasse continuelle, car non seulement ils mettent fin à ses ravages, mais ils empêchent la multiplication de ces larves voraces qui causent tant de préjudice aux cultures printanières. <lb/>
                        <!--LA BETTERAVE.--> — <seg corresp="#legumesRacines">La betterave</seg> est une plante bisannuelle dont la racine volumineuse a une forme pivotante ; elle porte des feuilles d'un beau vert luisant. Lorsqu'on laisse cette plante monter à graine, sa tige atteint une hauteur d'un mètre et produit des fleurs vertes d'où naissent quantités de graines. <lb/>
                        Il existe trois variétés de cette plante : la betterave potagère, que l'on cultive dans les jardins pour la manger en salade ; la betterave à sucre, et la betterave fourragère, qu'on donne en nourriture aux animaux à l'étable. </ab>
                     </div>
                     
                     <div type="EconDom">
                        <head type="sujets"> Économie domestique. </head>
                        
                        <ab type="question"> — Exposer la préparation d'un plat de pommes de terre à l'étuvée ; — des pommes de terre frites ; — d'une purée de pommes de terre ; — d'un ragoût de mouton aux pommes de terre. </ab>
                           
                        <ab type="answer"> <!--<seg corresp="#alimentsCuisine"> POMMES DE TERRE A L’ÉTUVÉE OU A LA VAPEUR. </seg> --> — Les pommes de terre étant lavées, on les dispose dans une marmite de fonte sur un lit de cendres, puis on pose le couvercle et on place le vase sur un feu modéré. On reconnaît que les pommes de terre sont cuites à point lorsqu'elles fendent ou que le doigt y enfonce. On les sert alors soit sur un plat, soit dans une corbeille, et on les mange saupoudrées de sol avec du beurre frais. <lb/>
                        <!--<seg corresp="#alimentsCuisine"> POMMES DE TERRE FRITES. </seg> --> — Après avoir lavé et essuyé les pommes de terre, coupez-les en tranches d'un demi-centimètre d'épaisseur ; plongez-les dans de la friture bouillante, huile, beurre ou graisse, et laissez-y-les pendant deux ou trois minutes. Il ne restera plus qu'à les égoutter, à les saupoudrer de sel fin et à les servir immédiatement. <lb/>
                        Si l'on veut que les pommes de terre frites soient soufflées, on les plonge une seconde fois dans la même friture bien chaude. <lb/>
                        <!--<seg corresp="#alimentsCuisine"> PURÈE DE POMMES DE TERRE. </seg> --> — Pelez d'abord les pommes de terre que vous ferez cuire ensuite à la vapeur ; passez-les à la passoire ou au cylindre ; mettez-les dans une casserole avec du beurre frais, du poivre et du sel. Remuez et mouillez avec du lait ; faites bouillir un instant et servez. <lb/>
                        <!--<seg corresp="#alimentsCuisine"> RAGOÛT DE MOUTON AUX POMMES DE TERRE. </seg> --> — Prenez un demi-kilogramme de collet de mouton coupé en morceaux ; jetez dans une casserole une cuiller à bouche de graisse ; chauffez, puis mettez les morceaux. Faites-les revenir ; ajoutez une cuillerée de farine, et après avoir fait roussir, versez un demi-litre d'eau. Ajoutez un bouquet de persil, trois oignons moyens, du sel, du poivre, et donnez deux heures
                  
                     <pb type="page" n="150"/>   
                     <fw type="header"> 150 SUZETTE. </fw>
                  
                  de cuisson. Une demi-heure seulement avant de retirer la casserole, mettez-y les pommes de terre coupées en morceaux ; dégraissez et servez. </ab>
                     </div>
                     
                     <div type="calcul">
                        <head type="sujets"> Calcul. </head>
                        
                        <ab type="question"> — Calculer le prix de revient d'un ragoût de mouton aux pommes de terre pour cinq personnes : le père, la mère et trois jeunes enfants. 
                  . . kilogr. . . de mouton à. . . . fr. le kilogr . .   . . . .
                  . . kilogr. . . de pommes de terre à . . . . .fr . .   . . . .
                  . . kilogr. . . de graisse à . . . fr. . . . . . . .   . . . . 
                  . . . . . . . . de charbon, etc., etc. . . . . . . .   . . . .
                                                            TOTAL. . .   . . . .
                        <!--Does this formatting above need to be tagged in someway to retain the layout?-->
                        </ab>
               
                     </div>
                  </div>
               </div>
            </div>
         </div>
      </body>
  </text>
</TEI>
