<?xml version="1.0" encoding="UTF-8"?>
<?xml-model href="http://www.tei-c.org/release/xml/tei/custom/schema/relaxng/tei_all.rng" type="application/xml" schematypens="http://relaxng.org/ns/structure/1.0"?>
<?xml-model href="http://www.tei-c.org/release/xml/tei/custom/schema/relaxng/tei_all.rng" type="application/xml"
	schematypens="http://purl.oclc.org/dsdl/schematron"?>
<TEI xmlns="http://www.tei-c.org/ns/1.0">
   <teiHeader>
      <fileDesc>
         <titleStmt>
            <title type="main">Suzette: a Digital Edition - Chapter 107</title>
            <respStmt>
               <persName>John Westbrook</persName>
               <orgName>Bucknell University</orgName>
               <resp>Editor</resp>
            </respStmt>
            <respStmt>
               <persName>Annie Girton</persName>
               <orgName>Bucknell University</orgName>
               <resp>Research Assistant and Encoder</resp>
            </respStmt>
            <respStmt>
               <persName xml:id="JAKA1">Diane Jakacki</persName>
               <orgName>Bucknell University</orgName>
               <resp>Project Manager</resp>               
            </respStmt>
         </titleStmt>
         <publicationStmt>
            <distributor>Bucknell University</distributor>
            <pubPlace>
               <address>
                  <addrLine>One Dent Drive</addrLine>
                  <addrLine>Lewisburg, PA 17837</addrLine>
               </address>
            </pubPlace>
            <availability>
               <licence>Attribution-NonCommercial-ShareAlike 4.0 International</licence>
            </availability>
         </publicationStmt>
         <sourceDesc>
            <biblStruct>
               <monogr>
                  <title>Suzette: Livre de Lecture Courante à l’Usage des Jeunes Filles. Morale—Leçon de choses, Economie Domestique – Ménage – Cuisine – Couture</title>
                  <author>Robert Halt</author>
                  <textLang>French</textLang>
                  <imprint>
                     <date>1889</date>
                     <distributor>Libraire Classique Paul Delaplane</distributor>
                     <pubPlace>Paris, France</pubPlace>
                  </imprint>
               </monogr>
            </biblStruct>
         </sourceDesc>         
      </fileDesc>
      <profileDesc>
         <langUsage>
            <language ident="fra">French</language>
            <language ident="eng">English</language>
         </langUsage>
      </profileDesc>
      <encodingDesc>
         <charDecl>
            <char>
               <charName xml:id="suzette">Suzette</charName>
            </char>
            <char>
               <charName xml:id="papa">Papa</charName>
            </char>
            <char>
               <charName xml:id="la_maman">La maman</charName>
            </char>
            <char>
               <charName xml:id="jacques">Jacques</charName>            
            </char>
            <char>
               <charName xml:id="francois">François</charName>
            </char>
            <char>
               <charName xml:id="charlot">Charlot</charName>
            </char>
            <char>
               <charName xml:id="mme_valon">Mme Valon</charName>
            </char>
            <char>
               <charName xml:id="m_valon">M. Valon</charName>
            </char>
            <char>
               <charName xml:id="mme_richard">Mme Richard</charName>
            </char>
            <char>
               <charName xml:id="louis">Louis</charName>
            </char>
            <char>
               <charName xml:id="pascal">Pascal</charName>
            </char>
            <char>
               <charName xml:id="marthe">Marthe</charName>
            </char>
            <char>
               <charName xml:id="sylvain">Sylvain</charName>
            </char> 
            <char>
               <charName xml:id="ludivine">Ludivine</charName>
            </char> 
            <char>
               <charName xml:id="m_lejoly">M. Lejoly</charName>
            </char>
            <char>
               <charName xml:id="l_apiculteur">L'apiculteur</charName>
            </char>
            <char>
               <charName xml:id="la_bohemienne">La bohémienne</charName>
            </char>
         </charDecl>
         
         <classDecl>
            <taxonomy xml:id="sciences">
               <category xml:id="composition">
                  <catDesc>Composition</catDesc>
                  <category xml:id="recits">
                     <catDesc>Récits</catDesc>
                  </category>
                  <category xml:id="recitsHistoriques">
                     <catDesc>Récits historiques</catDesc>
                  </category>
                  <category xml:id="descriptions">
                     <catDesc>Descriptions</catDesc>
                  </category>
                  <category xml:id="sujetsMoraux">
                     <catDesc>Sujets moraux ou d'imagination</catDesc>
                  </category>
                  <category xml:id="lettres">
                     <catDesc>Lettres</catDesc>
                  </category>
               </category>
               <category xml:id="histoire">
                  <catDesc>Histoire</catDesc>
                  <!--<category xml:id="histoireNaturelle">
                     <catDesc>Histoire naturelle</catDesc>
                  </category>
                  <category xml:id="histoireTravail">
                     <catDesc>Histoire du travail</catDesc>
                  </category>-->
               </category>
               <category xml:id="geographie">
                  <catDesc>Géographie</catDesc>
                  <category xml:id="europe">
                     <catDesc>Europe</catDesc>
                  </category>
                  <category xml:id="asie">
                     <catDesc>Asie</catDesc>
                  </category>
                  <category xml:id="afrique">
                     <catDesc>Afrique</catDesc>
                  </category>
                  <category xml:id="amerique">
                     <catDesc>Amérique</catDesc>
                  </category>
                  <category xml:id="oceanie">
                     <catDesc>Océanie</catDesc>
                  </category>
                  <category xml:id="france">
                     <catDesc>France</catDesc>
                  </category>
                <!--  <category xml:id="topographie">
                     <catDesc>Topographie</catDesc>
                  </category>-->
               </category>
               <category xml:id="scienceNat">
                  <catDesc>Science Naturelles</catDesc>
                  <category xml:id="geologie">
                     <catDesc>Géologie</catDesc>
                  </category>
                     <category xml:id="mineraux">
                        <catDesc>Minéraux</catDesc>
                  </category>
                  <!--<category xml:id="botanique">
                     <catDesc>Botanique</catDesc>-->
                     <category xml:id="vegetaux">
                        <catDesc>Végétaux</catDesc>
                        <category xml:id="arbreNoncultives">
                           <catDesc>Arbres non cultivés</catDesc>
                        </category>
                        <category xml:id="herbesPlantes">
                           <catDesc>Herbes ou plantes sauvages</catDesc>
                        </category>
                        <category xml:id="arbreCultives">
                           <catDesc>Arbres cultivés</catDesc>
                        </category>
                        <category xml:id="arbustes">
                           <catDesc>Arbustes cultivés</catDesc>
                        </category>
                        <category xml:id="cereales">
                           <catDesc>Céréales</catDesc>
                        </category>
                        <category xml:id="legumesRacines">
                           <catDesc>Légumes, racines, etc.</catDesc>
                        </category>
                        <category xml:id="divers1"><!-- Avoid tagging with Divers - if necessary, create another sub-category -->
                           <catDesc>Divers</catDesc>
                        </category> 
                     </category>
                     <!--<category xml:id="physiologieVegetale">
                        <catDesc>Physiologie végétale</catDesc>
                     </category>-->
                  <!--</category>-->
                 <!-- <category xml:id="zoologie">
                     <catDesc>Zoologie</catDesc>-->
                     <category xml:id="animaux">
                        <catDesc>Animaux</catDesc>
                        <category xml:id="homme">
                           <catDesc>l'Homme</catDesc>
                        </category> <!--Homme wouldn't go under zoologie.. could we seperate it or rename this category?-->
                        <category xml:id="animauxDomestiques">
                           <catDesc>Animaux domestiques</catDesc>
                        </category>
                        <category xml:id="animauxSauvages">
                           <catDesc>Animaux sauvages</catDesc>
                        </category>
                     </category>
                     <!--<category xml:id="physiologieAnimal">
                        <catDesc>Physiologie animaux</catDesc>
                     </category>-->
                  <!--</category>-->
                  <!--<category xml:id="agriculture">
                     <catDesc>Agriculture</catDesc>
                     <category xml:id="techniquesAgricoles">
                        <catDesc>Techniques agricoles</catDesc>
                     </category>
                     <category xml:id="produits">
                        <catDesc>Produits</catDesc>
                     </category>
                     <category xml:id="outilsMachines">
                        <catDesc>Outils et machines</catDesc>
                     </category>
                     <category xml:id="recolte">
                        <catDesc>Récolte</catDesc>
                     </category>
                     <category xml:id="elevageBetail">
                        <catDesc>Élevage de bétail</catDesc>
                     </category>
                     <category xml:id="terrainAgricole">
                        <catDesc>Terrain agricole</catDesc>
                     </category>
                     <category xml:id="apiculture">
                        <catDesc>Apiculture</catDesc>
                     </category>
                  </category>-->
               </category>
               <category xml:id="sciencesPhys">
                  <catDesc>Sciences physiques</catDesc>
                  <!--<category xml:id="elements">
                     <catDesc>Éléments</catDesc>-\->
                     <category xml:id="feu">
                        <catDesc>Feu</catDesc>
                     </category>
                     <!-\-Could add categories for earth/wind/air-\->
                  </category>
                  <category xml:id="meterologie">
                     <catDesc>Métérologie</catDesc>-\->
                  </category>-->
                  <!--Category for night/day cycles, seasons?-->
               </category>
               <category xml:id="industrie">
                  <catDesc>Industrie</catDesc>
                  <category xml:id="matieresObjets">
                     <catDesc>Matières et objets fabriqués</catDesc>
                  </category>
                  <category xml:id="constructions">
                     <catDesc>Constructions</catDesc>
                  </category>
                  <category xml:id="machinesAppareils">
                     <catDesc>Machines, appareils, ustensiles, vases</catDesc>
                  </category>
                  <!--Can outils go under machinesAppareils-->
                  <category xml:id="outils">
                     <catDesc>Outils</catDesc>
                  </category>
                  <category xml:id="etoffesHabillement">
                     <catDesc>Étoffes, habillement</catDesc>
                  </category>
                  <category xml:id="divers2">
                     <catDesc>Divers</catDesc>
                  </category>
               </category>
               <category xml:id="economieDomestique">
                  <catDesc>Économie Domestique</catDesc>
                  <!--<category xml:id="tachesMenageres">
                     <catDesc>Tâches ménagères</catDesc>
                  </category>-->
                  <category xml:id="alimentsCuisine">
                     <catDesc>Aliments et cuisine</catDesc>
                  </category>
                  <category xml:id="vetements1">
                     <catDesc>Vêtements</catDesc>
                  </category>
                  <category xml:id="basse-cour">
                     <catDesc>Basse-cour</catDesc>
                  </category>
                  <!--Could basse-cour be combined with scienceNat/agriculture under elevageBetail?--> 
               </category>
               <category xml:id="hygiene">
                  <catDesc>Hygiène</catDesc>
                  <category xml:id="corpsHabitations">
                     <catDesc>Corps et habitations</catDesc>
                  </category>
                  <category xml:id="vetements2">
                     <catDesc>Vêtements</catDesc>
                  </category>
                  <category xml:id="aliments">
                     <catDesc>Aliments</catDesc>
                  </category>
                  <category xml:id="maladiesRemedes">
                     <catDesc>Maladies,etc.; remèdes</catDesc>
                  </category>
               </category>
               <!-- <category xml:id="geographie">
                  <catDesc>Géographie</catDesc>
                  <category xml:id="landFeatures">
                     <catDesc>Land features</catDesc>
                  </category>-->
            </taxonomy>
         </classDecl>
         
      </encodingDesc>
      <profileDesc>
         <settingDesc>
            <listPlace>
               <place>
                  <placeName xml:id="l_amerique">l'Amérique</placeName>
               </place>
               <place>
                  <placeName xml:id="l_oceanien">l'Oceanian</placeName>
               </place>
               <place>
                  <placeName xml:id="l_europe">l'Europe</placeName>
               </place>
               <place>
                  <placeName xml:id="l_afrique">l'Afrique</placeName>
               </place>
               <place>
                  <placeName xml:id="l_australie">l'Australie</placeName>
               </place>
               <place>
                  <placeName xml:id="la_france">la France</placeName>
               </place>
               <place>
                  <placeName xml:id="la_chine">la Chine</placeName>
               </place>
               <place>
                  <placeName xml:id="etats_unis">les États-Unis</placeName>
               </place>
               <place>
                  <placeName xml:id="l_arabe">l'Arabe</placeName>
               </place>
               <place>
                  <placeName xml:id="la_canada">la Canada</placeName>
               </place>
               <place>
                  <placeName xml:id="fragicourt">Fragicourt</placeName>
               </place>
               <place>
                  <placeName xml:id="paris">Paris</placeName>
               </place>
               <place>
                  <placeName xml:id="bruxelles">Bruxelles</placeName>
               </place>
               <place>
                  <placeName xml:id="boston">Boston
                  </placeName>
               </place>
               <place> 
                  <placeName xml:id="l_avre">l'Avre
                     <geogFeat>River</geogFeat>
                  </placeName> 
               </place>
               <place>
                  <placeName xml:id="la_moye">la Moye
                     <geogFeat>River</geogFeat>
                  </placeName>
               </place>
            </listPlace>
         </settingDesc>
      </profileDesc>
   </teiHeader>
   <text>
      <body>
         <!-- n is for maitresse edition, corresp is for student edition -->
         
         <div type="chapter" n="107">
            <div xml:lang="fr">
               <div type="student">
                  
                  <pb type="page" n="375"/>
                  <head>107. — La basse-cour. (Élève, p. 229.)</head>
         
                  <p> C'était un long treillage divisé en compartiments dont chacun contenait son poulailler. Et il fallait en-
         
                     <pb type="page" n="376"/>   
                     <fw type="header"> 376 SUZETTE. </fw>
         
         tendre et voir le train de caquetage, de grattage qu'on menait d'un bout à l'autre de ce pays de cocagne*<gloss>Pays de cocagne. Pays où tout abonde, où l'on fait bonne chère à bon marché.</gloss> ! Les retentissants cocoricos des coqs se répondaient en joyeux clairons ; les poules choisies, admirables, se donnaient des airs de millionnaires. </p>
                  
                  <figure>
                     <caption> Pontes de Houdan. — Poules de Cochinchine. </caption>
                  </figure>
                  
                  <p> On savait à qui l’on avait affaire, grâce aux écriteaux. Ici, c’étaient les crèvecœurs, d'un noir changeant ; les houdans, pailletées de blanc et de noir, coiffées presque toujours de travers d'un toupet sous lequel leur œil brillant parait hardi ; là, les cochinchines fauves, les brahmapoutres au corps balourd et gauche, pattus, et comme chaussés de guêtres ; les bressans, les campines élégants, les dorkings robustes, la race anglaise légère, à l'œil de feu, qui fournit les coqs pour ces combats féroces heureusement interdits en France, et dont les Anglais sont si friands. </p>
                  <p> On apprend là que telle race, excellente pour la production des œufs, comme les houdans, par exemple, ne s'entend pas à mener à bien une couvée. Telle autre, au contraire, fournit des mères hors ligne, d'ardentes éducatrices de poussins ; une troisième ne se distinguera ni par ses couveuses, ni par ses pondeuses, mais bien, comme la cochinchine, la bressane, par la qualité de sa chair, sa facilité à s'engraisser, à donner ces poulets dodus, ces poulardes si recherchés des gourmets. </p>
                  <p> De savants naturalistes ont étudié ici sans relâche les mœurs de la gent emplumée. C'est sous leur direction que se classent et se vendent aux particuliers, aux fermiers, les plus rares spécimens*<gloss>Spécimen. Modèle, échantillon.</gloss>, les mieux cultivés qui soient au monde. </p>
         
                  <pb type="page" n="377"/>   
                  <fw type="header"> LA BASSE-COUR. 377 </fw>
         
                  <p> Mme Richard mena la troupe à un pavillon couvert de tuiles de diverses couleurs, d’un effet de mosaïque très riant. </p>
                  
                  <div type="questionnaire">
                     <ab>
                        <hi rend="bold"> Questionnaire. </hi> — Sous quel aspect se présentait la basse-cour ? — Qu'y entendait-on, qu'y voyait-on ? — Quelles races de poules y signalaient les écriteaux ? — Quels caractères sont particuliers aux crèvecœurs, aux houdans, aux
                        <cb/>
                        cochinchines, aux brahmapoutres, aux campines, aux dorkings (prononcez : dorkignes) ? — Quels avantages et quels inconvénients présente la race de Houdan ? — Que|s sont ceux d'autres races ? — Quels services rendent les naturalistes ?
                     </ab>
                  </div>
               </div>
               
               <div type="teacher">
                  <div type="exercice">
                     <head type="exercice"> DÉVELOPPEMENT DES SUJETS PROPOSÉS POUR EXERCICES. </head>
                     
                     <div type="composition">
                        <head type="sujets"> Composition. </head> 
                        
                        <ab type="question"> — Décrivez le coq, la poule, les poussins. — Leur caractère. — Produits que nous en retirons. — Leur nourriture. — Doivent-ils être renfermés dans la basse-cour ? —Le poulailler ; soins à donner à ce local. </ab>
                        
                        <ab type="answer"> <note type="reference"> (Voir comme modèles : Le lapin, page 226, Les souris et les rats, page 228, COURS DE COMPOSITION FRANÇAISE (Degré élémentaire et moyen), par E. LAPORTE.) </note> </ab>
                     </div> 
                     
                     <div type="sciencesNat">
                        <head type="sujets"> Sciences naturelles. </head> 
                        
                        <ab type="question"> — Quelles sont les parties qui composent un œuf ? — De quelle matière chacune est-elle formée ? — Combien donne-t-on d'œufs à couver à une poule ? —Soins que l'animal réclame. — Durée de l'incubation. — Soins que réclament les poussins. </ab>
                        
                        <ab type="answer"> L'œuf comprend trois parties : la <term>coque</term>, constituée par une matière calcaire ; l'<term>albumine</term>, substance blanchâtre, filante qui donne le blanc après la cuisson ; le <term>jaune</term>, qui forme au milieu une petite sphère demi-liquide, où se trouve le germe de l’animal. <lb/>
                        Au commencement du printemps, le besoin de couver se manifeste chez la poule ; alors, dans un lieu retiré, on lui confie de 12 à 14 œufs qui n'ont pas plus de cinq jours. Généralement, elle se montre très assidue à sa besogne de couveuse, et grâce à la température de 40 à 41 degrés qu'elle leur communique, au bout de 21 jours, les petits poulets viennent au monde. Pendant cette période, il faut éviter tout ce qui troublerait l'animal, et placer à sa portée une nourriture abondante. <lb/>
                        Les premiers jours de leur naissance, les petits poulets n'ont pas besoin de manger ; le troisième jour, et pendant une dizaine de jours, on ajoutera des œufs durs à de la mie de pain trempée dans l'eau ou mieux, au début, dans du lait. Enfin, on substitue peu à peu à la pâtée des premiers jours quelques menus grains qu'on ramollit d'abord en les trempant dans l’eau chaude. </ab>
                     </div> 
                     
                     <div type="industrie">
                        <head type="sujets"> Industrie. </head> 
                        
                        <ab type="question"> — Qu'est-ce qu'un poulailler ? — Comment établit-on un poulailler ? — Comment sera-t-il à l'extérieur, à l'intérieur ? — A quelle exposition le placera-t-on ? </ab>
         
                        <ab type="answer"> Le poulailler est un abri construit pour les poules, où elles se retirent la nuit, où elles pondent et où on les fait couver. <lb/>
                        Généralement on l'adosse à un mur de la basse-cour, à l'exposition du midi ; un solide grillage en clôt l'entrée, qui est pratiquée à un mètre environ au-dessus du sol afin que les belettes, les fouines, les renards ne puissent y accéder. A l'intérieur, on établit des perchoirs et l'on installe des corbeilles garnies de paille ou de foin lorsque le moment de couver est venu. Les poulaillers doivent être tenus proprement, sinon les volailles seraient couvertes d'insectes qui les fatiguent et contrarient leur développement ; un milieu malpropre est d'ailleurs 
         
                           <pb type="page" n="378"/>   
                           <fw type="header"> 378 SUZETTE. </fw>
         
éminemment favorable à l'éclosion des épidémies qui déciment les basses-cours. </ab>
                     </div>
                     
                     <div type="EconDom">
                        <head type="sujets"> Économie domestique. </head> 
                        
                        <ab type="question"> — Comment et avec quoi nourrit-on les poules ? — Comment les engraisse-t-on ? </ab>
                        
                        <ab type="answer"> On nourrit les poules avec un peu de grain et les débris de la table ; c'est un supplément à la nourriture qu'elles trouvent à la campagne en picorant le long des chemins et dans les champs ; on a remarqué qu'elles recherchent les vers de terre. Trois fois par jour, on leur distribue ce qui leur est réservé, en l'éparpillant le plus possible afin que chaque volatile puisse en prendre sa part. <lb/>
                        On engraisse les poules en les enfermant dans un endroit frais et obscur, et en leur donnant une nourriture abondante. </ab>
                        
                        <ab type="question"> Comment sert-on un poulet rôti ? — Comment le découpe-t-on ? — Quels sont les morceaux les plus délicats ? — A qui devra-t-on les offrir ? </ab>
                        
                        <ab type="answer"> On sert le poulet rôti sur un plat garni préalablement d'un lit de cresson. Pour le découper, on enlève successivement les quatre membres en commençant par la cuisse et l'aile d'un même côté, puis les sot-l'y-laisse (1) <!--Need to add footnote from chapter 108--> et les blancs. On rompt ensuite le croupion et l'on coupe horizontalement la carcasse. On divise chaque cuisse en deux, chaque aile en trois morceaux ; la carcasse et le croupion doivent en faire six bien distincts. On dispose chaque morceau dans le plat de manière qu'on puisse les voir tous, et l'on fait circuler. Tout cela doit être mené le plus lestement possible, afin d'empêcher le refroidissement de la pièce. <lb/> 
                        Les morceaux les plus délicats sont l'aile et le blanc ; on devra les offrir aux dames, en commençant par les plus âgées. </ab>
         
                     </div>
                  </div>
               </div>
            </div>
         </div>
      </body>
  </text>
</TEI>
