<?xml version="1.0" encoding="UTF-8"?>
<?xml-model href="http://www.tei-c.org/release/xml/tei/custom/schema/relaxng/tei_all.rng" type="application/xml" schematypens="http://relaxng.org/ns/structure/1.0"?>
<?xml-model href="http://www.tei-c.org/release/xml/tei/custom/schema/relaxng/tei_all.rng" type="application/xml"
	schematypens="http://purl.oclc.org/dsdl/schematron"?>
<TEI xmlns="http://www.tei-c.org/ns/1.0">
  <teiHeader>
      <fileDesc>
         <titleStmt>
            <title>Title</title>
         </titleStmt>
         <publicationStmt>
            <p>Publication Information</p>
         </publicationStmt>
         <sourceDesc>
            <p>Information about the source</p>
         </sourceDesc>
      </fileDesc>

     <profileDesc>
        <langUsage>
           <language ident="eng">English</language>
           <language ident="fra">French</language>
        </langUsage>
     </profileDesc>
     
     <encodingDesc>
        <listPrefixDef>
           <prefixDef ident="taxon" matchPattern="([A-Za-z0-9_-]+)"
              replacementPattern="../taxonomy.xml#$1">
              <p>Private URIs using the <code>taxon</code> prefix are pointers to entities in the
                 taxonomy.xml file. For example, <code>taxon:church</code> dereferences to
                 <code>taxonomy.xml#church</code>.</p>
           </prefixDef>
           <prefixDef ident="gloss" matchPattern="([A-Za-z0-9_-]+)"
              replacementPattern="../glossary.xml#$1">
              <p>Private URIs using the <code>gloss</code> prefix are pointers to entities in the
                 glossary.xml file. For example, <code>gloss:histrio-1</code> dereferences to
                 <code>glossary.xml#histrio-1</code>.</p>
           </prefixDef>
        </listPrefixDef>
        
        <projectDesc>
           <p>DESCRIBE SUZETTE PROJECT HERE</p>
        </projectDesc>
        
        <classDecl>
           <taxonomy>
              <category xml:id="classification">
                 <catDesc>Classification</catDesc>
                 
                 <category xml:id="morale">
                    <catDesc>Morale</catDesc>
                    <category xml:id="enfant_famille">
                       <catDesc>L'enfant dans la famille</catDesc>
                    </category>
                    <category xml:id="freres_souers">
                       <catDesc>Devoirs des frères et soeurs</catDesc>
                    </category>
                    <category xml:id="serviteurs">
                       <catDesc>Devoirs envers les serviteurs</catDesc>
                    </category>
                    <category xml:id="enfant_ecole">
                       <catDesc>enfant dans l'école</catDesc>
                    </category>
                    <category xml:id="patrie">
                       <catDesc>La patrie</catDesc>
                    </category>
                    <category xml:id="soi-meme">
                       <catDesc>Devoirs envers soi-même</catDesc>
                    </category>
                    <category xml:id="exterieurs">
                       <catDesc>Les biens extérieurs</catDesc>
                    </category>
                    <category xml:id="ame">
                       <catDesc>L'âme</catDesc>
                    </category>
                    <category xml:id="semblables">
                       <catDesc>Devoirs envers nos semblables</catDesc>
                    </category>
                    <category xml:id="dieu">
                       <catDesc>Devoirs envers Dieu</catDesc>
                    </category>
                 </category>
                 
                 <category xml:id="civique">
                    <catDesc>Instruction Civique</catDesc>
                 </category>
                 
                 <category xml:id="civilite">
                    <catDesc>Civilité</catDesc>
                 </category>
                 
                 <category xml:id="francais">
                    <catDesc>Français</catDesc>
                 </category>
                 
                 <category xml:id="composition">
                    <catDesc>Composition</catDesc>
                    <category xml:id="recits">
                       <catDesc>Récits</catDesc>
                    </category>
                    <category xml:id="recits_historique">
                       <catDesc>Récits historiques</catDesc>
                    </category>
                    <category xml:id="descriptions">
                       <catDesc>Descriptions</catDesc>
                    </category>
                    <category xml:id="moraux_imagination">
                       <catDesc>Sujets-moraux ou d'imagination</catDesc>
                    </category>
                    <category xml:id="lettres">
                       <catDesc>Lettres</catDesc>
                    </category>                                    
                 </category>
                 
                 <category xml:id="histoire">
                    <catDesc>Histoire</catDesc>
                 </category>
                 
                 <category xml:id="geographie">
                    <catDesc>Géographie</catDesc>
                    <category xml:id="europe">
                       <catDesc>Europe</catDesc>
                    </category>
                    <category xml:id="asie">
                       <catDesc>Asie</catDesc>
                    </category>
                    <category xml:id="afrique">
                       <catDesc>Afrique</catDesc>
                    </category>
                    <category xml:id="amerique">
                       <catDesc>Amèrique</catDesc>
                    </category>
                    <category xml:id="oceanie">
                       <catDesc>Océanie</catDesc>
                    </category>
                    <category xml:id="france">
                       <catDesc>France</catDesc>
                    </category>
                 </category>
                 
                 <category xml:id="sciences_naturelles">
                    <catDesc>Sciences Naturelle</catDesc>
                    
                    <category xml:id="minereux">
                       <catDesc>Minéraux, etc.</catDesc>
                    </category>
                    
                    <category xml:id="vegetaux">
                       <catDesc>Végètaux</catDesc>
                       <category xml:id="arbres_noncultives">
                          <catDesc>Arbres non cultivés</catDesc>
                       </category>
                       <category xml:id="herbes">
                          <catDesc>Herbes ou plantes sauvages</catDesc>
                       </category>
                       <category xml:id="arbres_cultives">
                          <catDesc>Arbres cultives</catDesc>
                       </category>
                       <category xml:id="arbustes_cultives">
                          <catDesc>Arbustes cultivés</catDesc>
                       </category>
                       <category xml:id="cereales">
                          <catDesc>Cérèales</catDesc>
                       </category>
                       <category xml:id="legumes">
                          <catDesc>Légumes, racines, etc.</catDesc>
                       </category>
                       <category xml:id="vegetaux_divers">
                          <catDesc>Vegetaux Divers</catDesc>
                       </category>
                    </category>
                    
                    <category xml:id="animaux">
                       <catDesc>Animaux</catDesc>
                       <category xml:id="homme">
                          <catDesc>l'Homme</catDesc>
                       </category>
                       <category xml:id="animaux_domestiques">
                          <catDesc>Animaux domestiques</catDesc>
                       </category>
                       <category xml:id="animaux_sauvages">
                          <catDesc>Animaux sauvages</catDesc>
                       </category>
                 </category>
                 </category>
                 
                 <category xml:id="sciences_physiques">
                    <catDesc>Notions Relatives aux Sciences Physiques</catDesc>
                 </category>
                 
                 <category xml:id="industrie">
                    <catDesc>Industrie</catDesc>
                    <category xml:id="fabriques">
                       <catDesc>Matieres et objets fabriqués</catDesc>
                    </category>
                    <category xml:id="constructions">
                       <catDesc>Constructions</catDesc>
                    </category>
                    <category xml:id="machines">
                       <catDesc>Machines, appareils, ustensiles, vases</catDesc>
                    </category>
                    <category xml:id="outils">
                       <catDesc>Outils</catDesc>
                    </category>
                    <category>
                       <catDesc>Étoffes, habillement</catDesc>
                    </category>
                    <category xml:id="industrie_divers">
                       <catDesc>Industrie Divers</catDesc>
                    </category>
                 </category>
                 
                 <category xml:id="economie_domestique">
                    <catDesc>Économie Domestique</catDesc>
                    <category xml:id="aliments_cuisine">
                       <catDesc>Aliments et cuisine</catDesc>
                    </category>
                    <category xml:id="economie_vetements">
                       <catDesc>Vetements</catDesc>
                    </category>
                    <category xml:id="basse_cour">
                       <catDesc>Basse-cour</catDesc>
                    </category>
                 </category>
                 
                 <category xml:id="hygiene">
                    <catDesc>Hygiène</catDesc>
                    <category xml:id="corps_habitations">
                       <catDesc>Corps et habitations</catDesc>
                    </category>
                    <category xml:id="hygiene_vetements">
                       <catDesc>Vêtements</catDesc>
                    </category>
                    <category xml:id="aliments">
                       <catDesc>Aliments</catDesc>
                    </category>
                    <category xml:id="maladies">
                       <catDesc>Maladies, etc. ; remédes</catDesc>
                    </category>
                 </category>
                       
                 
                 
                    
                    
              </category>
              
           </taxonomy>
        </classDecl>
                 
     </encodingDesc> 
     
  </teiHeader>
  <text>
      <body>
         <p>Some text here.</p>
      </body>
  </text>
</TEI>
